"Group Name","Topic ID","Slug","Published","Date","Category","Title","Contents","Icon(Additional items)","External ID(Additional items)","Insert date","Last update","Display in the list","Higher-ranked display","Access Limit","Member ID","Language","delete flg","Start date(Scheduled publishing)","Start time(Scheduled publishing)","End date(Scheduled publishing)","End Time(Scheduled publishing)","Tag"
"hero_master",,"largo",1,"2026-07-29","hero_master","Largo","# Largo

Largo is a Strength hero with a melee attack. Primary attribute: Strength. Attack type: Melee. Roles: Durable, Disabler, Support.

## Roles

- **Durable** — survives extended fights, high effective health
- **Disabler** — has stuns, silences or other crowd control
- **Support** — protects allies, buys utility items and controls vision

## Base stats

- Primary attribute: Strength
- Attack type: Melee
- Base Strength 24 (+3.6 per level)
- Base Agility 14 (+1.3 per level)
- Base Intelligence 21 (+2.6 per level)
- Health regen 0.25
- Mana regen 0
- Base armor 2
- Base damage 39-45
- Attack range 150
- Base attack time 100
- Attack point 0.35
- Move speed 290
- Turn rate 0.7
- Vision 1800 day / 800 night

## Popularity

- Public games picked 72,633 times, won 34,463 (47.4% win rate)
- Professional games: 15 picks, 27 bans, 60.0% win rate

## Abilities

Largo has 8 abilities: Catchy Lick, Frogstomp, Croak of Genius, Encore, Amphibian Rhapsody, Bullbelly Blitz, Hotfeet Hustle, Island Elixir.

### Catchy Lick

Largo's ability **Catchy Lick**, type Active, targeting Unit Target, Magical damage.

Largo licks the targeted unit with his tongue, pulling it back a short distance, applying a basic dispel, and dealing damage if it's an enemy.

Killing or dispelling an effect from a target grants Largo temporary health regeneration.

DISPEL TYPE: Basic Dispel

- Mana cost: 80/85/90/95
- Cooldown: 13/11/9/7
- Pierces spell immunity: No
- Cast Range: 700
- Damage: 85/170/255/340
- Enemy Pull Distance: 235/265/295/325
- Ally Pull Distance: 375
- Pull Duration: 0.3
- Bonus Health Regen: 4/7/10/13
- Health Regen Duration: 8
- Cast Time: 0.2

_After generations spent living on the ancient isaloth Velu'Mar, the descendants of the Murkroot exiles have grown resilient, happily sampling toxins that would've struck their ancestors dead._

### Frogstomp

Largo's ability **Frogstomp**, type Active, targeting Point Target, AOE, Magical damage.

Largo tosses froglings to an area. They stomp the ground every 1 second, dealing damage and ministuns, and enemies in the area have reduced movement speed.

- Mana cost: 85/95/105/115
- Cooldown: 20/18/16/14
- Pierces spell immunity: No
- Damage Per Stomp: 36/48/60/72
- Number Of Stomps: 4/5/6/7
- Slow: 12%/18%/24%/30%
- Radius: 350
- Cast Range: 800
- Stun Duration: 0.1
- Stomp Interval: 1
- Delay: 0.5
- Cast Time: 0.2

_Most Bard Monks spend decades mastering the musical arts, but even the top frog Largo has to admit that his young disciples have already grown shockingly good at counting a proper beat._

### Croak of Genius

Largo's ability **Croak of Genius**, type Active, targeting Unit Target, Magical damage.

Largo strums a tune to a friendly hero. The hero's items and abilities have reduced mana cost and a percentage of their damage reverberates over the following 5 seconds.

When an affected hero spends mana, the remaining buff duration is reduced by 0.5s. Duration is not reduced for Largo himself.

- Mana cost: 40
- Cooldown: 25
- Dispellable: Yes
- Damage Reverb: 30%/35%/40%/45%
- Damage Duration: 5
- Mana Cost Reduction: 15%
- Buff Duration: 15/20/25/30
- Duration Reduction: 0.5
- Max Distance: 2000
- Cast Range: 800
- Cast Time: 0.2

_Largo loves to help his friends find glory through the power of music, never missing a chance at a killer duet._

### Encore

Largo's ability **Encore**, type Passive, targeting Passive, Hidden, innate.

Buffs that Largo applies to himself or his team have extended duration.

- Bonus Duration: 15%

### Amphibian Rhapsody

Largo's ability **Amphibian Rhapsody**, type Active, targeting No Target, Instant Cast, Magical damage.

Largo gets ready to groove. He is disarmed and his ability bar switches to 3 song abilities, each with different effects. Songs are only effective if strummed on the beat.

Every time he strums successfully, he gains a stack of Groovin'. Each stack gives him bonus armor and reduces the mana cost of every song, but he loses a stack if he misses a beat. Stacks linger for a short duration when Largo's song ends.

- Mana cost: 0
- Cooldown: 2
- Radius: 800
- Beat Interval: 1
- Rhythm Grace Period: 0.4
- Max Stacks: 5
- Armor Per Stack: 2/3/4
- Song Mana Cost Reduction Per Stack: 1/1.5/2
- Stack Linger Duration: 5

_The very first Bard Monk played a song that summoned a living island and saved the Murkroot exiles from a salt-worn death._

### Bullbelly Blitz

Largo's ability **Bullbelly Blitz**, type Active, targeting No Target, Instant Cast, Hidden, Magical damage.

Largo plays a song that deals 20 magical damage to nearby enemies. The song also increases nearby allied heroes' spell amplification and grants their attacks additional magic damage.

- Mana cost: 25/35/45
- Cooldown: 0.2
- Song Cost Reduction Per Stack: 1/1.5/2
- Radius: 800
- Damage: 20/30/40
- Additional Magic Damage: 20%/25%/30%
- Spell Amp: 8%/12%/16%
- Buff Duration: 1

_'Hey, when a beach brawl breaks out, you gotta learn to throw your musical weight around or the party's over proper quick.'_

### Hotfeet Hustle

Largo's ability **Hotfeet Hustle**, type Active, targeting No Target, Instant Cast, Hidden.

Largo plays a song that increases nearby friendly units' movement speed and grants a brief slow resistance.

- Mana cost: 25/35/45
- Cooldown: 0.2
- Song Cost Reduction Per Stack: 1/1.5/2
- Radius: 800
- Move Speed: 16%/20%/24%
- Slow Resistance: 70%/75%/80%
- Movement Duration: 1
- Slow Resistance Duration: 0.3

_'It's like that old story about the scary swamp witch. You better watch just where you're jumping when you're trying to do it lickety-split.'_

### Island Elixir

Largo's ability **Island Elixir**, type Active, targeting No Target, Instant Cast, Hidden.

Largo plays a song that heals nearby friendly heroes.

- Mana cost: 25/35/45
- Cooldown: 0.2
- Song Cost Reduction Per Stack: 1/1.5/2
- Radius: 800
- Heal: 34/56/78

_'If this song can heal an ageless isaloth, it can handle a few cuts and bruises on the lot of you.'_

## Lore

The exiled Murkroots of Velu’Mar discovered a living island so ancient it speaks only in song. Raised among the shamanic bards who learned to commune with it, Largo now roams the realms with a troupe of frogling disciples, looking for inspiration for new melodies to bring back and share with his island home.","",155,"","",1,0,"",1,"en",0,,,,,""
"hero_master",,"kez",1,"2026-07-29","hero_master","Kez","# Kez

Kez is an Agility hero with a melee attack. Primary attribute: Agility. Attack type: Melee. Roles: Carry, Escape, Disabler.

## Roles

- **Carry** — scales with items and becomes the main damage dealer late game
- **Escape** — has mobility to leave dangerous situations
- **Disabler** — has stuns, silences or other crowd control

## Base stats

- Primary attribute: Agility
- Attack type: Melee
- Base Strength 20 (+2.8 per level)
- Base Agility 27 (+3.5 per level)
- Base Intelligence 20 (+1.7 per level)
- Health regen 1.5
- Mana regen 0.25
- Base armor 1
- Base damage 23-29
- Attack range 225
- Base attack time 100
- Attack point 0.35
- Projectile speed 900
- Move speed 310
- Turn rate 1
- Vision 1800 day / 800 night

## Popularity

- Public games picked 157,849 times, won 70,918 (44.9% win rate)
- Professional games: 7 picks, 15 bans, 28.6% win rate

## Abilities

Kez has 10 abilities: Echo Slash, Grappling Claw, Kazurai Katana, Switch Discipline, Raptor Dance, Falcon Rush, Talon Toss, Shodo Sai, Raven's Veil, Cancel.

### Echo Slash

Kez's ability **Echo Slash**, type Active, targeting No Target, Physical damage.

Kez slashes forward in a 800 distance line with his Katana, attacking enemies in an area and applying a brief 100% impact slow. After a short delay, the area is attacked again. Heroes take bonus damage.

- Mana cost: 75/90/105/120
- Cooldown: 21/18/15/12
- Attack Damage: 70%/80%/90%/100%
- Bonus Hero Damage: 20/40/60/80
- Attacks: 2
- Echo Delay: 1.2
- Slash Radius: 200
- Katana Distance: 800
- Travel Distance: 250
- Tag Slow: 100
- Tag Slow Duration: 0.25
- Cast Time: 0.2

_Kez and his master Kraw have worked tirelessly to train the Kazurai new ways to keep the flyers off balance by improving upon ancient techniques._

### Grappling Claw

Kez's ability **Grappling Claw**, type Active, targeting Unit Target.

Kez swings on a grappling hook towards the target unit or tree. When the grappling hook collides with the target, that unit has slowed movement speed. Upon reaching the enemy target, Kez lands an attack on them.

- Mana cost: 40
- Cooldown: 13/11/9/7
- Pierces spell immunity: No
- Land Distance: 75
- Projectile Speed: 3000
- Grapple Speed: 1800
- Max Distance Break: 2000
- Slow Duration: 0.7/0.8/0.9/1
- Move Slow: 70%/80%/90%/100%
- Cast Range: 650/750/850/950

_The Kazurai have the speed and reach to drag even the highest flyers from the skies._

### Kazurai Katana

Kez's ability **Kazurai Katana**, type Active, targeting Attack Modifier, Unit Target, Physical damage.

Katana attacks and abilities apply a stacking damage over time to enemies that deals a percentage of the original attack's damage as additional damage over time. 

Kez may activate the ability to impale the target with his attack, preventing them from moving or turning. The target's Katana debuff bursts, causing some of the stacks to deal damage instantly.

- Mana cost: 40
- Cooldown: 24/18/12/6
- Pierces spell immunity: Yes
- Dispellable: Yes
- Duration: 7
- Damage Per Second: 3%/6%/9%/12%
- Impale Duration: 0.5
- Stacks As Burst Damage: 50%
- Max Burst Stacks: 500
- Cast Range: 200

_To fight back against the reach of Imperia and her Queensguard, the Kazurai had to become skilled in the ways of attrition._

### Switch Discipline

Kez's ability **Switch Discipline**, type Active, targeting No Target, Instant Cast, innate.

Kez switches between his Kazurai Katana and Shodo Sai.

He gains different attack capabilities and abilities based on the weapon equipped. The abilities level up together, and when an ability is used, the associated alternate weapon ability also goes on cooldown.

Kez deals extra damage on the first Katana hit or ability after switching to Katana, and gains bonus speed after switching to Sai.

- Cooldown: 8
- Katana Attack Range: 225
- Katana Base Attack Time: 1.9
- Katana Bonus Agility Base Damage: 12%
- Katana Swap Bonus Damage: 12%
- Sai Attack Range: 150
- Sai Base Attack Time: 1.5
- Sai Swap Movement Speed: 12%
- Sai Swap Speed Duration: 2
- Scepter Cooldown Timer: 3

_As former followers of the Shodo, the leaders of the Kazurai Order can switch effortlessly between twin disciplines of martial mastery over sai and blade._

### Raptor Dance

Kez's ability **Raptor Dance**, type Active, targeting No Target, AOE, Pure damage.

Kez enters into an uncontrollable state for 1 second, becoming invulnerable for 0.2s and receiving a basic dispel.

If the cast completes successfully, Kez performs a series of deadly radial slashes around him that deal damage based on the max health of the target and heal Kez for a percentage of all damage dealt.

- Mana cost: 100/125/150
- Cooldown: 40/35/30
- Pierces spell immunity: Yes
- Strike Interval: 0.25
- Strikes: 4
- Radius: 450
- Base Damage: 40/70/100
- Max Health As Damage: 2.5%
- Lifesteal Pct: 100
- Illusion Lifesteal Pct: 20
- Invuln Period: 0.2
- Basic Dispel: 1
- Cast Time: 1

_Unleash the inner fury of the Flightless to feast on the essence of your foes._

### Falcon Rush

Kez's ability **Falcon Rush**, type Active, targeting Hidden, No Target, Instant Cast.

Kez gains the ability to rush towards enemy targets to deliver echoing secondary attacks. While in this state, Kez has phased collision and slow resistance.

- Mana cost: 85/90/95/100
- Cooldown: 21/18/15/12
- Dispellable: Yes
- Rush Range: 525
- Rush Speed: 850
- Echo Attack Damage: 30%/35%/40%/45%
- Slow Resistance: 15%/30%/45%/60%
- Duration: 3.75/4.5/5.25/6
- Break Range: 825
- Echo Proc Chance Reduction: 50%

_An ancient Shodo technique used to hunt faster aerial foes, stealing the advantage and delivering multiple attacks within a single flap of their prey's panicking wings._

### Talon Toss

Kez's ability **Talon Toss**, type Active, targeting Hidden, Unit Target, AOE, Physical damage.

Kez throws a Sai at the target unit, applying a fixed damage attack and silence.

- Mana cost: 60/65/70/75
- Cooldown: 13/11/9/7
- Pierces spell immunity: No
- Damage: 60/120/180/240
- Speed: 2000
- Silence Duration: 2/2.25/2.5/2.75
- Cast Range: 650/750/850/950
- Cast Time: 0.2

_The Shodo learned to rely upon distance and disorientation to survive against much stronger opposition._

### Shodo Sai

Kez's ability **Shodo Sai**, type Active, targeting Hidden, Point Target, Instant Cast.

Kez has a chance to critically strike the target when attacking with Sais.

Kez may activate the ability to disarm himself, lock his facing, and parry attacks and attack effects from the targeted direction for 1.5 seconds. If an attack is parried from an enemy Hero in this way, that Hero is stunned for 0.4s and gains a Mark. When a Marked target is attacked by Kez, it will guarantee a critical strike and stun the target.

The sub-ability may be used to cancel the blocking early.

- Mana cost: 30/20/10/0
- Cooldown: 24/18/12/6
- Pierces spell immunity: Yes
- Dispellable: Strong Dispels Only
- Critical Chance: 20%
- Critical Damage: 125%/150%/175%/200%
- Mark Stun Duration: 0.5/0.6/0.7/0.8
- Mark Duration: 8
- Forward Angle: 180
- Speed Penalty: 25
- Parry Duration: 1.5
- Parry Stun Duration: 0.4

_The Shodo may have lost their way, but Kez and the Kazurai can still use Shodo knowledge for the good of the people._

### Raven's Veil

Kez's ability **Raven's Veil**, type Active, targeting Hidden, No Target.

Kez releases a wave of smoke that applies his Mark to nearby enemies, briefly reducing their vision. Kez receives a basic dispel and gains bonus movement speed and invisibility until he attacks or casts a spell.

- Mana cost: 100/125/150
- Cooldown: 40/35/30
- Pierces spell immunity: Yes
- Dispellable: Strong Dispels Only
- Wave Radius: 1500
- Wave Speed: 1500
- Buff Duration: 8/10/12
- Vision Debuff Duration: 4
- Bonus Movement Speed: 15%/25%/35%
- Basic Dispel: 1
- Cast Time: 0.3

_Eying either threat or opportunity, Shodo masters slip instantly into shadow to reset the terms of any engagement in their own favor._

### Cancel

Kez's ability **Cancel**, type Active, targeting No Target, Instant Cast, Hidden.

Stop blocking physical attacks.

- Cooldown: 0

## Lore

'I was born with a price on my head. As I got better at causing trouble, that price went up. Every time Queen Imperia raised the bounty, I knew I must have done something right. I think that's the worst part about being gone so long in Icewrack... I've got to get that price back up to a respectable number.'","",145,"","",1,0,"",1,"en",0,,,,,""
"hero_master",,"muerta",1,"2026-07-29","hero_master","Muerta","# Muerta

Muerta is an Intelligence hero with a ranged attack. Primary attribute: Intelligence. Attack type: Ranged. Roles: Carry, Nuker, Disabler.

## Roles

- **Carry** — scales with items and becomes the main damage dealer late game
- **Nuker** — deals large burst spell damage
- **Disabler** — has stuns, silences or other crowd control

## Base stats

- Primary attribute: Intelligence
- Attack type: Ranged
- Base Strength 19 (+2 per level)
- Base Agility 21 (+2.7 per level)
- Base Intelligence 23 (+3.6 per level)
- Health regen 0.25
- Mana regen 0
- Base armor 0
- Base damage 24-32
- Attack range 575
- Base attack time 115
- Attack point 0.35
- Projectile speed 3000
- Move speed 295
- Turn rate 0.7
- Vision 1800 day / 800 night

## Popularity

- Public games picked 148,570 times, won 69,607 (46.9% win rate)
- Professional games: 2 picks, 3 bans, 0.0% win rate

## Abilities

Muerta has 6 abilities: Dead Shot, The Calling, Gunslinger, Spectral Slug, Pierce the Veil, Supernatural.

### Dead Shot

Muerta's ability **Dead Shot**, type Active, targeting Unit Target, Magical damage.

- Mana cost: 100/120/140/160
- Cooldown: 16/14/12/10
- Pierces spell immunity: No
- Dispellable: Yes
- Abilitycastrange: 1000
- Damage: 100/175/250/325
- Speed: 2000
- Radius: 150
- Ricochet Radius Start: 115
- Ricochet Radius End: 115
- Ricochet Distance Multiplier: 1.5
- Ricochet Fear Duration: 0.8/0.95/1.1/1.25
- Impact Slow Percent: -100
- Impact Slow Duration: 1

### The Calling

Muerta's ability **The Calling**, type Active, targeting Point Target, AOE, Magical damage.

- Mana cost: 135/150/165/180
- Cooldown: 30/28/26/24
- Pierces spell immunity: No
- Dispellable: Yes
- Damage: 45/90/135/180
- Duration: 5/6/7/8
- Hit Radius: 120
- Dead Zone Distance: 340
- Num Revenants: 4
- Speed Initial: 0.2
- Speed Max: 1
- Acceleration: 0.75
- Aura Movespeed Slow: -20
- Silence Duration: 1.5/2/2.5/3
- Rotation Direction: -1

### Gunslinger

Muerta's ability **Gunslinger**, type Active, targeting No Target, Instant Cast.

- Double Shot Chance: 18/27/36/45
- Target Search Bonus Range: 175

### Spectral Slug

Muerta's ability **Spectral Slug**, type Active, targeting Unit Target, Magical damage.

- Mana cost: 75
- Cooldown: 12
- Pierces spell immunity: No
- Dispellable: Yes
- Projectile Speed: 2500
- Damage: 225
- Knockback Distance: 250
- Knockback Duration: 0.2
- Duration: 3
- Slow Pct: -30
- Bonus Spell Damage Pct: -20

### Pierce the Veil

Muerta's ability **Pierce the Veil**, type Active, targeting No Target, Magical damage.

- Mana cost: 150/250/350
- Cooldown: 75/60/45
- Dispellable: No
- Duration: 8
- Transform Duration: 0.35
- Base Damage Percent: 70/85/100
- Modelscale: 30

### Supernatural

Muerta's ability **Supernatural**, type Passive, targeting Passive, Hidden, innate.

- Stack Collection Range: 925
- Spell Amp Per Stack: 1
- Max Stacks: 5

## Lore

There are as many stories about Muerta as there are graves in the Carrion Fields of Gorm. Some tell their children ghost stories of a young peasant girl returned from the dead to punish the bandits who killed her family. Others, drunk in dark taverns, slur conspiracy theories about kidnappings and phantom guilds of killers. One constant bleeds through every tale: of a woman so consumed by hate for those who killed her that she refused to die. And of Death, so impressed by whatever hate-filled engine that drove this woman that he gave her Mercy and Grace — twin ethereal pistols — and made her his second in command. Now she hunts down wayward souls whose last grains have tumbled from their hourglass, and drags them kicking and screaming to their eternal reward.","",138,"","",1,0,"",1,"en",0,,,,,""
"hero_master",,"primal-beast",1,"2026-07-29","hero_master","Primal Beast","# Primal Beast

Primal Beast is a Strength hero with a melee attack. Primary attribute: Strength. Attack type: Melee. Roles: Initiator, Durable, Disabler.

## Roles

- **Initiator** — starts team fights on favourable terms
- **Durable** — survives extended fights, high effective health
- **Disabler** — has stuns, silences or other crowd control

## Base stats

- Primary attribute: Strength
- Attack type: Melee
- Base Strength 26 (+4.3 per level)
- Base Agility 15 (+1 per level)
- Base Intelligence 16 (+1.7 per level)
- Health regen 0.25
- Mana regen 0
- Base armor 2
- Base damage 36-38
- Attack range 150
- Base attack time 100
- Attack point 0.6
- Projectile speed 900
- Move speed 305
- Turn rate 0.6
- Vision 1800 day / 800 night

## Popularity

- Public games picked 111,562 times, won 53,584 (48.0% win rate)

## Abilities

Primal Beast has 7 abilities: Onslaught, Trample, Uproar, Rock Throw, Begin Onslaught, Pulverize, Colossal.

### Onslaught

Primal Beast's ability **Onslaught**, type Active, targeting Point Target, Physical damage.

Primal Beast charges up and then runs in the chosen direction, knocking back enemies and allies alike. Enemy units are damaged and stunned on impact. The longer the charge duration, the farther Primal Beast's momentum will carry him. 

 Can be cancelled at any time with the Stop command.

- Mana cost: 120
- Cooldown: 25/22/19/16
- Pierces spell immunity: No
- Dispellable: Yes
- Run Speed: 1200
- Chargeup Time: 2.2
- Knockback Radius: 190
- Max Distance: 2000
- Knockback Distance: 200
- Damage: 75/170/265/360
- Knockback Duration: 0.2
- Time To Max Charge: 1.7
- Turn Rate: 70
- Base Power: 0.05
- Movement Turn Rate: 50
- Stun Duration: 0.7/1/1.3/1.6

_The Beast's single-minded focus on chosen prey leaves all other considerations scattered in his ruinous wake._

### Trample

Primal Beast's ability **Trample**, type Active, targeting No Target, Instant Cast, Magical damage.

Primal Beast stomps over everything. For every 140 units traveled, all enemies around the Beast receive damage. Deals base damage plus a multiplier of Primal Beast's attack damage. Primal Beast is disarmed for the duration of the ability.

- Mana cost: 100
- Cooldown: 30/27/24/21
- Pierces spell immunity: No
- Dispellable: No
- Damage Aoe: 200
- Step Distance: 140
- Base Damage: 15/30/45/60
- Duration: 5.5
- Attack Damage Multiplier: 35%

_As the only member of his species to arrive on this world, locals can only speculate on the Beast's size relative to his kin. Such observation would prove easier of course if the subject didn't eat everything it sees and destroy most of what it doesn't._

### Uproar

Primal Beast's ability **Uproar**, type Active, targeting No Target, Instant Cast.

The Beast's temper causes every instance of 50 hero damage or more to grant a stack of Uproar. 

 When activated, Primal Beast releases a roar that slows surrounding enemies and grants the Beast additional attack damage and armor for 7 seconds based on his current stacks of Uproar.

- Cooldown: 0
- Dispellable: No
- Bonus Damage Per Stack: 10/20/30/40
- Max Stacks: 6
- Damage Limit: 50
- Stack Duration: 20
- Slow Per Stack: 4%/6%/8%/10%
- Slow Duration: 3
- Damage Min: 20
- Damage Max: 2000
- Roar Radius: 900
- Roar Armor Bonus Per Stack: 2/3/4/5
- Roar Duration: 7

_Already draped in a broken patchwork of barding and chains upon appearing in the mistwoods, the Beast tolerates no further attempts at subjugation._

### Rock Throw

Primal Beast's ability **Rock Throw**, type Active, targeting Point Target, AOE, Hidden, Physical damage.

Primal Beast throws a rock at the target location that stuns and damages enemies. The rock cannot be thrown within a minimum range of Primal Beast. After landing, the rock splits into 3 additional fragments that land behind the initial target location.

 Rock Throw increases stacks of Uproar for each hero hit.

- Mana cost: 85
- Cooldown: 20
- Pierces spell immunity: No
- Damage: 325
- Impact Radius: 225
- Min Range: 550
- Min Travel Time: 0.65
- Max Travel Time: 1.75
- Bounce Travel Time: 0.5
- Stun Duration: 1.4
- Fragment Flight Distance: 525
- Fragment Impact Radius: 185
- Cast Range: 1800
- Cast Time: 0.25

_AGAIN WITH THE ROCKS!_

### Begin Onslaught

Primal Beast's ability **Begin Onslaught**, type Active, targeting Instant Cast, No Target, Hidden.

Begins the rush to the specified location.

- Cooldown: 0.3

### Pulverize

Primal Beast's ability **Pulverize**, type Active, targeting Channeled, Unit Target, AOE, Magical damage.

CHANNELED - Primal Beast channels his rage, grabbing the target enemy and slamming them into the ground repeatedly, damaging and mini-stunning any enemies caught in the AoE. Each consecutive hit deals bonus damage. Lasts 2.3 seconds.

- Mana cost: 100
- Cooldown: 45/40/35
- Pierces spell immunity: Yes
- Aoe Radius: 575
- Hit Interval: 0.75
- Stun Duration: 0.2
- Cast Range: 200
- Animation Rate: 1.5
- Hit Damage: 100/175/250
- Channel Time: 2.3
- Bonus Damage Per Hit: 20/40/60
- Cast Range: 200
- Cast Time: 0.25

_Though none are certain whether his utterances have true meaning, most concede the Beast's powerful grip and tendency to smash his enemies into naught but pulp and pieces communicates his intent well enough._

### Colossal

Primal Beast's ability **Colossal**, type Passive, targeting Passive, innate.

- Hp Per Threshold: 100
- Base Slow Resist: 10
- Slow Resistance Per Threshold: 1
- Aoe Per Threshold: 0.5
- Model Scale Per Stack: 1.1

## Lore

Though the deterioration of the Mistwood and its evolution from idyllic expanse to death-filled tanglewild was a slow, wizard-fueled process, most scholars agree the true beginning of the end was marked by the interdimensional arrival of the Primal Beast. A creature hatched into an existence devoid of all feeling but hunger and pain, aeons of carnage shaped the Primal Beast into the apex predator on a planet filled with violent terrors. Desperately banished by would-be masters with failed hopes to control him, the Beast was cast into a new world — one where he could ascend from mere hungry predator into an invasive killing machine with nothing able to stand in his way. For thousands of years, the Mistwood served as massive stomping ground for the Beast's destructive play — and even the feared durana beasts made for tasty snacks. Indeed, there could be no rivals for the Beast's territory, only minor annoyances. Until one such tiny annoyance employed vile trickery to trap the unstoppable Beast in the Gleipnir. There he might have remained subdued for eternity, were it not for the unpredictable powers of the Continuum Device. Now, freed from both Gleipnir and Vault, far afield from the Mistwood, and much closer to inhabited lands, the Beast sets his snout towards new slaughters and the delights of savage destruction — and the paltry fires of civilization will do little to keep this ageless monster at bay.","",137,"","",1,0,"",1,"en",0,,,,,""
"hero_master",,"marci",1,"2026-07-29","hero_master","Marci","# Marci

Marci is an Universal hero with a melee attack. Primary attribute: Universal. Attack type: Melee. Roles: Support, Carry, Initiator, Disabler, Escape.

## Roles

- **Support** — protects allies, buys utility items and controls vision
- **Carry** — scales with items and becomes the main damage dealer late game
- **Initiator** — starts team fights on favourable terms
- **Disabler** — has stuns, silences or other crowd control
- **Escape** — has mobility to leave dangerous situations

## Base stats

- Primary attribute: Universal
- Attack type: Melee
- Base Strength 23 (+3.2 per level)
- Base Agility 20 (+2.2 per level)
- Base Intelligence 19 (+1.9 per level)
- Health regen 0.25
- Mana regen 0
- Base armor 0
- Base damage 29-33
- Attack range 150
- Base attack time 100
- Attack point 0.3
- Move speed 315
- Turn rate 0.9
- Vision 1800 day / 800 night

## Popularity

- Public games picked 148,704 times, won 73,206 (49.2% win rate)
- Professional games: 5 picks, 0 bans, 60.0% win rate

## Abilities

Marci has 5 abilities: Dispose, Rebound, Bodyguard, Special Delivery, Unleash.

### Dispose

Marci's ability **Dispose**, type Active, targeting Unit Target, Magical damage.

Marci grabs an allied or enemy target and throws it effortlessly behind her, damaging and slowing the unit if it's an enemy. Any enemy units in the landing area will also be damaged and slowed.

- Mana cost: 80
- Cooldown: 16/14/12/10
- Pierces spell immunity: No
- Dispellable: Yes
- Landing Radius: 300
- Air Duration: 0.5
- Air Height: 150
- Pull Offset: 75
- Throw Distance: 250
- Pull Angle: 230
- Slow Duration: 3
- Impact Damage: 60/150/240/330
- Movement Slow: 20%/30%/40%/50%
- Cast Range: 175
- Cast Time: 0.2

_Marci excels at removing obstacles from Princess Mirana's path._

### Rebound

Marci's ability **Rebound**, type Active, targeting Unit Target, Magical damage.

Marci bounds to the targeted allied unit, choosing a direction and distance she will spring away from it. Upon reaching the unit, Marci lunges to her final destination, damaging and stunning enemies where she lands.

When Rebound is set to alt-cast, Marci brings the target ally with her to her final destination.

 The ally receives 15% bonus movement speed for 4s.

- Mana cost: 70/80/90/100
- Cooldown: 24/20/16/12
- Pierces spell immunity: No
- Dispellable: Strong Dispels Only
- Move Speed: 1700
- Cast / Jump Range: 450/550/650/750
- Cast Range: 450/550/650/750
- Landing Radius: 300
- Impact Damage: 75/150/225/300
- Stun Duration: 0.8/1.1/1.4/1.7
- Min Lob Travel Time: 0.1
- Max Lob Travel Time: 0.2
- Min Height Above Lowest: 250
- Min Height Above Highest: 200
- Min Acceleration: 6000
- Max Acceleration: 6000
- Vector Preview Radius: 100
- Ally Buff Duration: 4
- Ally Movespeed Pct: 15/20/25/30
- Impact Position Offset: 64
- Target Abort Distance: 700
- Ally Arc Offset: 150
- Max Level: 4
- Cast Time: 0.1

_With a friendly or brazen boost, Marci can find her way into the midst of any fight._

### Bodyguard

Marci's ability **Bodyguard**, type Active, targeting Unit Target, Physical damage.

Passively grants Marci lifesteal and bonus attack damage.

When cast on an ally, she provides them with 75% of her passive lifesteal and attack damage bonus. Additionally Marci creates a shared all damage barrier for herself and her partner. As Marci attacks heroes, 30% of the damage dealt restores the barrier.

- Mana cost: 60
- Cooldown: 20
- Pierces spell immunity: Yes
- Dispellable: Yes
- Duration: 7
- Lifesteal: 12%/18%/24%/30%
- Bonus Base Attack Damage: 12%/18%/24%/30%
- Creep Lifesteal Reduction Pct: 40
- Bodyguard Attack Range Buffer: 125
- Max Partner Penalty: 75
- Counter Cooldown: 0.45
- Shared Barrier Amount: 90/160/230/300
- Shared Barrier Replenish Amount: 30
- Cast Range: 600
- Cast Time: 0.2

_Marci learned at a young age that the best asset in a scrap is a steady companion._

### Special Delivery

Marci's ability **Special Delivery**, type Active, targeting No Target, innate.

Marci whistles to instantly summon her courier to her. If the courier started in the fountain, it will take items from Marci's stash. After teleporting it will transfer these items to Marci and head back to the fountain.

Passively grants all allied couriers 3 bonus levels and 1 bonus health.

- Cooldown: 215
- Bonus Levels: 3
- Courier Max Level: 30
- Bonus Hp: 3
- Bonus Hp Tooltip: 1
- Cast Time: 1

_Professional courtesy, from one courier to another._

### Unleash

Marci's ability **Unleash**, type Active, targeting No Target, Magical damage.

Marci taps a hidden power, gaining Fury charges that allow her to deliver a rapid sequence of strikes that slow movement and attack speed of the target for 2s. The last strike in every Fury combo creates a damaging pulse around the target. In between Fury combos, Marci is unable to attack for 1.5s.

Marci gains 15% movement speed when Unleash is cast.

- Mana cost: 100/125/150
- Cooldown: 80/70/60
- Dispellable: No
- Duration: 16
- Strikes Per Fury: 5
- Bonus Attack Speed: 700/925/1150
- Time Between Flurries: 1.5
- Pulse Radius: 800
- Pulse Debuff Duration: 2
- Pulse Damage: 50/100/150
- Movement Slow: 30%
- Base Attack Speed Slow: 60/80/100
- Max Time Window Per Hit: 1
- Bonus Movespeed: 15
- Recovery Fixed Attack Rate: 2
- Shard Push Length: 300
- Cast Time: 0.2

_Though some have sought to understand its origins, Marci rebuffs all attempts to divine the source of her power._

## Lore

Admired by many, Marci's origins are known to nameless few. She travels mostly in the company of the Princess Mirana, but the roots of their friendship are entwined in secrets neither would ever needlessly reveal. To allies, she serves as fierce and honest companion. To enemies, she acts as dauntless deterrence against harming any she deems friend. Though unwise opponents may consider her size unremarkable, Marci possesses an inner power that imbues her strikes with incredible might. She'll decimate those who think to test her, but those who earn her favor will have an unflappable confidant for life.","",136,"","",1,0,"",1,"en",0,,,,,""
"hero_master",,"dawnbreaker",1,"2026-07-29","hero_master","Dawnbreaker","# Dawnbreaker

Dawnbreaker is a Strength hero with a melee attack. Primary attribute: Strength. Attack type: Melee. Roles: Carry, Durable.

## Roles

- **Carry** — scales with items and becomes the main damage dealer late game
- **Durable** — survives extended fights, high effective health

## Base stats

- Primary attribute: Strength
- Attack type: Melee
- Base Strength 25 (+3.4 per level)
- Base Agility 14 (+1.7 per level)
- Base Intelligence 20 (+2 per level)
- Health regen 0.5
- Mana regen 0
- Base armor 2
- Base damage 31-35
- Attack range 150
- Base attack time 100
- Attack point 0.46
- Projectile speed 900
- Move speed 300
- Turn rate 0.6
- Vision 1800 day / 800 night

## Popularity

- Public games picked 310,294 times, won 160,685 (51.8% win rate)
- Professional games: 13 picks, 21 bans, 53.8% win rate

## Abilities

Dawnbreaker has 6 abilities: Starbreaker, Celestial Hammer, Luminosity, Converge, Break of Dawn, Solar Guardian.

### Starbreaker

Dawnbreaker's ability **Starbreaker**, type Active, targeting Point Target, Physical damage.

Dawnbreaker whirls her hammer around 3 times, damaging enemies with her attack plus bonus damage. On the final strike, she smashes her hammer down, stunning and damaging enemies in front of her.

- Mana cost: 110
- Cooldown: 17/15/13/11
- Pierces spell immunity: Yes
- Combo Duration: 1.1
- Swipe/Smash Radius: 300
- Swipe/Smash Bonus Damage: 25/40/55/70
- Smash Radius: 300
- Smash Damage: 25/40/55/70
- Movement Speed: 215
- Total Attacks: 3
- Smash Stun Duration: 0.6/0.8/1/1.2
- Sweep Stun Duration: 0.12
- Self Stun Duration: 0.2
- Swipe Slow: -100
- Smash Distance From Hero: 120
- Turn Rate: 90
- Shard Cast Point: 0.1
- Cast Time: 0.1

_Across the vast lineage of star progeny, there were multitudes unwilling to align with the aims of the Children of Light. To those who dared organize defiance, the Children would dispatch Valora and her hammer to show a measure of their power--to leave the rebels either shattered or set back to rights._

### Celestial Hammer

Dawnbreaker's ability **Celestial Hammer**, type Active, targeting Point Target, Magical damage.

Dawnbreaker hurls her weapon at a target, damaging enemies struck along the way. The hammer pauses for 2 seconds at the destination before flying back to her, leaving a trail of fire that slows enemies. Dawnbreaker can recall the hammer at any time, pulling her towards it so they meet in the middle.

- Mana cost: 100/110/120/130
- Cooldown: 18/16/14/12
- Pierces spell immunity: No
- Dispellable: Yes
- Hammer Damage: 50/80/110/140
- Projectile Radius: 200
- Projectile Speed: 1600
- Fire Trail Duration: 2.5/3/3.5/4
- Fire Trail Radius: 200
- Fire Trail Movement Slow: 24%/28%/32%/36%
- Fire Trail Burn Dps: 20/30/40/50
- Burn Interval: 0.5
- Pause Duration: 2
- Hammer Aoe Radius: 200
- Travel Speed Pct: 100
- Return Anim Distance Threshold: 300
- Cast Range: 700/900/1100/1300
- Cast Time: 0.2

_The Brightmaul is Valora's oldest companion and sole remaining connection to the glow of her creators._

### Luminosity

Dawnbreaker's ability **Luminosity**, type Passive, targeting Passive.

- Pierces spell immunity: Yes
- Attack Count: 3
- Heal Radius: 650
- Heal Pct: 35/40/45/50
- Heal From Creeps: 40
- Bonus Damage: 125/150/175/200
- Allied Healing Pct: 50

### Converge

Dawnbreaker's ability **Converge**, type Active, targeting No Target, Hidden, Instant Cast.

Dawnbreaker recalls her hammer, pulling them together so they meet in the middle.

- Mana cost: 0
- Cooldown: 0.25
- Pierces spell immunity: No
- Dispellable: No

### Break of Dawn

Dawnbreaker's ability **Break of Dawn**, type Passive, targeting Passive, innate.

Whenever the sun comes out, Dawnbreaker gains bonus base damage and vision that decreases throughout the course of the day. If Dawnbreaker causes the day these bonuses are at full power for the entirety of that daytime.

- Day Threshold: 0.006
- Max Damage Increase: 8%
- Max Vision Increase: 20%

### Solar Guardian

Dawnbreaker's ability **Solar Guardian**, type Active, targeting Point Target, Channeled, Magical damage.

CHANNELED - Dawnbreaker creates a pulsing effect at a location within 350 units of an allied hero anywhere on the map and creates daylight for 6s. Each pulse damages enemies and heals allies.

After a short duration, she flies to the target location and deals additional damage and stuns enemies upon landing.

Once channeled, Dawnbreaker cannot stop the ability.

- Mana cost: 150/200/250
- Cooldown: 110/100/90
- Pierces spell immunity: Yes
- Heal Per Pulse: 45/70/95
- Land Radius: 500
- Damage Per Pulse: 30/50/70
- Pulse Interval: 0.5
- Landing Damage: 130/160/190
- Landing Stun Duration: 1.2/1.4/1.6
- Max Offset Distance: 350
- Airtime Scepter Movement Speed: 200
- Air Time: 0.8
- Daytime Duration: 6
- Channel Time: 1.7
- Cast Time: 0.1

_Only in defense of an ally will Valora relent to call upon the last reserves of her old powers that still allow cosmic flight._

## Lore

In the aeons after the Keeper's exodus birthed the age of light, some amongst the first sun's lineage began to align against the chaos their ancestor's maker left chasing in his wake. Calling themselves the Children of Light, they saw no one else as worthy of taking up the Keeper's abandoned mantle, and they yearned to beat back the onslaught of darkness, creating glorious armies built to purge the cosmos of all creatures of primordial night. Valora, the Dawnbreaker, most prized warrior amongst the Children's ancient creations, is the shining herald of the majesty of order and light. Molded from the heart of a young metallic star, and charged by golden breath with new life, Valora was called to spread the glow of the Children's wisdom to the darkest reaches of the universe — setting fire to the heavens with each swing of her celestial hammer amidst an endless battle to keep chaos at bay. In time, the Children also revealed another purpose for the Dawnbreaker. They had discovered a means of permeating the entirety of the cosmos with their inner light — to obliterate all aspects of darkness forever — and they sent Valora to seize a source of great power, the final piece of their ultimate plan. But for the first time, Valora and her hammer met with failure, and the price she and her masters paid was vast. The Children of Light's spark was utterly extinguished, and the Dawnbreaker was left adrift in a black expanse, lost for untold millennia before crashing on an unfamiliar world. There she rested, dormant, until the presence of a wandering young star gave fuel to an ancient energy forge — a relic of the Children's that, like her, lay buried for countless ages beneath a blowing red waste. Now, with a small measure of her former powers restored by the forge, Valora wakes to a land beset by war and the unrelenting forces of chaos. She knows her gods may be gone, but the heft of the Dawnbreaker's hammer remains — matched only by her will to wield it justly in the name of goodness and light.","",135,"","",1,0,"",1,"en",0,,,,,""
"hero_master",,"ringmaster",1,"2026-07-29","hero_master","Ring Master","# Ring Master

Ring Master is an Intelligence hero with a ranged attack. Primary attribute: Intelligence. Attack type: Ranged. Roles: Support, Nuker, Escape, Disabler.

## Roles

- **Support** — protects allies, buys utility items and controls vision
- **Nuker** — deals large burst spell damage
- **Escape** — has mobility to leave dangerous situations
- **Disabler** — has stuns, silences or other crowd control

## Base stats

- Primary attribute: Intelligence
- Attack type: Ranged
- Base Strength 21 (+2.1 per level)
- Base Agility 11 (+1.6 per level)
- Base Intelligence 25 (+3 per level)
- Health regen 0.25
- Mana regen 0
- Base armor 1
- Base damage 23-33
- Attack range 575
- Base attack time 100
- Attack point 0.5
- Projectile speed 1200
- Move speed 310
- Turn rate 0.6
- Vision 1800 day / 800 night

## Popularity

- Public games picked 187,493 times, won 89,387 (47.7% win rate)
- Professional games: 30 picks, 14 bans, 46.7% win rate

## Abilities

Ring Master has 7 abilities: Tame the Beasts, Escape Act, Impalement Arts, Souvenir Slot, Spotlight, Wheel of Wonder, Crack.

### Tame the Beasts

Ring Master's ability **Tame the Beasts**, type Active, targeting Point Target, AOE, Channeled, Magical damage.

CHANNELED - Ringmaster twirls his whip for up to 1 second then cracks it. Whipped enemies are damaged and flee in fear from Ringmaster. Channel time exponentially increases damage and extends the fear duration, but reduces the radius.

- Mana cost: 90/105/120/135
- Cooldown: 16/14/12/10
- Pierces spell immunity: No
- Dispellable: Yes
- Radius Start: 450
- Radius End: 200
- Min Damage: 50/75/100/125
- Max Damage: 180/280/380/480
- Crack Duration: 0.2
- Max Multiplier: 4
- Min Fear Duration: 0.1/0.2/0.3/0.4
- Max Fear Duration: 0.6/0.8/1/1.2
- Cast Range: 700
- Channel Time: 1

_From unhappy crowds to unruly acts, nothing persuades a pack of animals quite like the crack of the Ringmaster's whip._

### Escape Act

Ring Master's ability **Escape Act**, type Active, targeting Unit Target.

Ringmaster packs himself or an allied hero into a mobile, extradimensional box. Boxed units gain phased movement, slow resistance, bonus magic resistance, and bonus movement speed. They are also untargetable, muted, silenced, and disarmed. The box will pop open after the effect expires or it moves out of the initial area.

- Mana cost: 120
- Cooldown: 38/32/26/20
- Pierces spell immunity: No
- Dispellable: Yes
- Cast Range: 600
- Radius: 500
- Duration: 2/2.4/2.8/3.2
- Bonus Movement Speed: 0%/8%/16%/24%
- Bonus Magic Resistance: 50%/60%/70%/80%
- Slow Resistance: 100%
- Transform Time: 0.5
- Model Scale Time: 0.2
- Leap Distance: 250
- Leap Speed: 1300
- Leap Acceleration: 20000
- Cast Time: 0.4

_An adept assistant has nothing to fear within the confines of The Box. An amateur has...much darker prospects indeed._

### Impalement Arts

Ring Master's ability **Impalement Arts**, type Active, targeting Point Target, Magical damage.

Ringmaster throws one of his daggers to a precise point of his choosing. If he strikes an enemy, the dagger deals impact damage, briefly slows the unit hit, and causes them to bleed. The bleeding deals a percentage of the victim's maximum health in damage every second to heroes and flat damage per second to creeps.

- Mana cost: 50
- Cooldown: 1
- Pierces spell immunity: No
- Dispellable: Yes
- Impact Damage: 20/35/50/65
- Max Health Damage Per Second (Heroes): 3%/4%/5%/6%
- Damage Per Second (Creeps): 85/90/95/100
- Duration: 4
- Movement Slow: 100%
- Slow Duration: 0.5/0.6/0.7/0.8
- Dagger Speed: 1350
- Dagger Width: 130
- Dagger Vision: 200
- Tick Interval: 1
- Max Charges: 3
- Cast Range: 2400
- Charge Restore Time: 17
- Cast Time: 0.3

_Passed down through generations, it simply wouldn't be a Kettle Circus without the Great Cogliostro's signature trick._

### Souvenir Slot

Ring Master's ability **Souvenir Slot**, type Passive, targeting Passive.

Gather souvenirs from kills and assists.

### Spotlight

Ring Master's ability **Spotlight**, type Active, targeting Point Target, AOE, Magical damage.

Ringmaster shines 3 spotlights that sweep over an area. Enemies in the light have a chance to miss their attacks and are revealed if invisible. Illusions hit by the beam fade away, losing a percentage of their maximum health each second. These effects linger for 0.3 seconds after leaving the light.

- Mana cost: 50
- Cooldown: 30
- Pierces spell immunity: No
- Dispellable: No
- Radius: 275
- Illusion Max Health Loss: 30%
- Pulse Interval: 0.1
- Duration: 8
- Miss Chance: 30%
- Initial Speed: 3000
- Sweep Speed: 0.785
- Sweep Radius: 450
- Linger Duration: 0.3
- Spotlight Count: 3
- Cast Range: 1500
- Duration: 8
- Cast Time: 0.5

_Are you ready for your fifteen seconds? The limelight draws no distinction between infamy and fame._

### Wheel of Wonder

Ring Master's ability **Wheel of Wonder**, type Active, targeting Point Target, AOE, Magical damage.

Ringmaster rolls the Wheel of Wonder to the targeted location, knocking aside enemies along the way. After it reaches its target, enemies in range of the wheel take damage over time and are slowed by -50%.

Enemy heroes who face the wheel for more than 0.5 seconds are mesmerized and drawn towards it. The first enemy to be mesmerized triggers a timer for the wheel to explode. If the timer is not triggered, it will automatically explode after 4 seconds.

- Mana cost: 150/225/300
- Cooldown: 90/80/70
- Pierces spell immunity: No
- Dispellable: No
- Minimum Range: 700
- Radius: 500
- Projectile Speed: 1200
- Cast Range: 1400
- Trap Duration: 4
- Timer Duration: 2.5/2.75/3
- Face Duration: 0.5
- Aura Tick Interval: 0.5
- Aura Damage Per Second: 50/75/100
- Aura Slow: -50
- Explosion Damage: 300/450/600
- Vision Radius: 400
- Tick Rate: 0.25
- Vision Cone: 0.08715
- Knockback Radius: 100
- Knockback Duration: 0.35
- Knockback Distance: 100
- Knockback Height: 100
- Cast Time: 0.2

_No, brave friends, illusions are for charlatans and card sharks. What you witness today is the power of true magic. But only if you dare set your gaze upon...the mesmerizing wheel._

### Crack

Ring Master's ability **Crack**, type Active, targeting No Target, Instant Cast, Hidden, Magical damage.

*CRACK*

- Mana cost: 0
- Cooldown: 0.5
- Pierces spell immunity: No
- Dispellable: Yes

## Lore

Welcome, welcome, one and all — to a stage-lit extravaganza for the ages! Prepare to have your senses shattered! Your expectations demolished! Your Ancients smashed to ruins! Witness the impossible feats and derring-do of the one and only clockwork marvel, the Great Cogliostro Kettle — Ringmaster, torture artist, genius in his own time — here now for the sole agony and entertainment of any hero bold enough to draw back the crimson carnival curtain and behold what mysteries await inside. The mistake most maestros make is waiting for the public to come to them. The Ringmaster knows you need to go out and <i>find</i> your audience! <i>Drag</i> them to you. And <i>make</i> them watch.","",131,"","",1,0,"",1,"en",0,,,,,""
"hero_master",,"mars",1,"2026-07-29","hero_master","Mars","# Mars

Mars is a Strength hero with a melee attack. Primary attribute: Strength. Attack type: Melee. Roles: Carry, Initiator, Disabler, Durable.

## Roles

- **Carry** — scales with items and becomes the main damage dealer late game
- **Initiator** — starts team fights on favourable terms
- **Disabler** — has stuns, silences or other crowd control
- **Durable** — survives extended fights, high effective health

## Base stats

- Primary attribute: Strength
- Attack type: Melee
- Base Strength 23 (+3.7 per level)
- Base Agility 18 (+1.7 per level)
- Base Intelligence 21 (+2.2 per level)
- Health regen 0.25
- Mana regen 0.5
- Base armor -1
- Base damage 26-34
- Attack range 250
- Base attack time 100
- Attack point 0.4
- Projectile speed 900
- Move speed 310
- Turn rate 0.8
- Vision 1800 day / 800 night

## Popularity

- Public games picked 174,280 times, won 81,303 (46.7% win rate)
- Professional games: 4 picks, 3 bans, 50.0% win rate

## Abilities

Mars has 5 abilities: Spear of Mars, God's Rebuke, Bulwark, Dauntless, Arena Of Blood.

### Spear of Mars

Mars's ability **Spear of Mars**, type Active, targeting Point Target, Magical damage.

Mars throws his legendary Spear with deadly precision, damaging each enemy unit it strikes. The first enemy hero it hits is skewered on the spear, pushing it back. If a skewered hero hits a tree, building, or cliff, they will be impaled to it and stunned.

- Mana cost: 90/100/110/120
- Cooldown: 14/13/12/11
- Pierces spell immunity: No
- Dispellable: Strong Dispels Only
- Damage: 100/175/250/325
- Spear Speed: 1400
- Spear Width: 125
- Spear Vision: 300
- Max Impale Targets: 1
- Cast Range: 900/1000/1100/1200
- Activity Duration: 1.7
- Stun Duration: 1.3/1.6/1.9/2.2
- Knockback Duration: 0.25
- Knockback Distance: 75
- Cast Time: 0.25

_The legendary Spear of Mars still glows with the heat of the forge god's fires._

### God's Rebuke

Mars's ability **God's Rebuke**, type Active, targeting Point Target, Physical damage.

Mars smashes enemies in front of him with his shield, knocking them back and damaging them with a critical hit based on his attack. Bonus damage is added when hitting heroes. Has True Strike.

- Mana cost: 90
- Cooldown: 16/14/12/10
- Critical Damage: 150%/200%/250%/300%
- Angle: 140
- Distance: 500
- Knockback Duration: 0.3
- Knockback Distance: 150
- Knockback Slow: 40%
- Knockback Slow Duration: 2.5
- Activity Duration: 2
- Bonus Damage Vs Heroes: 5/10/15/20
- Cast Time: 0.2

_There isn't a warrior alive who can stand unmoved by the sting of Mars' rebuke._

### Bulwark

Mars's ability **Bulwark**, type Active, targeting Point Target, Instant Cast.

Mars wields his massive shield to block a portion of each physical attack when hit from the front or sides.

 Can be toggled, granting phased movement, removing Mars's ability to attack, and locking the direction he is facing. When active, reduces movement speed and re-directs 70% of the attack projectiles aimed at allies towards himself.

- Front Reduction: 40%/50%/60%/70%
- Forward Angle: 140
- Side Reduction: 20%/25%/30%/35%
- Side Angle: 240
- Redirect Chance: 70
- Active Redirect Range: 900
- Speed Penalty When Active: 18%
- Redirect Close Range: 200

_Only the very foolish dare to fight fair with the god of war._

### Dauntless

Mars's ability **Dauntless**, type Passive, targeting Passive, innate.

Mars gets more HP Regen the more he is outnumbered by enemy heroes in 900 radius.

- Hp Regen Per Extra Enemy: 50%
- Radius: 900

### Arena Of Blood

Mars's ability **Arena Of Blood**, type Active, targeting Point Target, AOE, Magical damage.

After a short formation time, Mars summons an arena lined with the undead warriors of the Ash Legion, who block enemy attacks and movement. Enemy heroes near the inside edge of the arena will be attacked by spears, dealing damage and knocking them back.

- Mana cost: 150/200/250
- Cooldown: 100/95/90
- Pierces spell immunity: No
- Duration: 5.5
- Radius: 550
- Width: 100
- Spear Damage: 80/170/260
- Formation Time: 0.1
- Spear Distance From Wall: 160
- Spear Attack Interval: 1
- Warrior Count: 14
- Warrior Fade Min Dist: 350
- Warrior Fade Max Dist: 450
- Cast Range: 400
- Cast Time: 0.2

_The long-dead members of the Ash Legion, assembled from the finest warriors to ever test the might of Mars, still revel in the thrill of combat, gladly beholden to the hand that fell them for as long as he so commands._

## Lore

Mars, first son of heaven, spent a long existence waging endless war, and saw countless more crusades waged beneath the banner of his old name. Wars of conquest and of vengeance. Just and unjust... Always cruel. So much like his father, Mars indulged his basest impulses--with inclinations much more monstrous than those of Zeus--and he inflicted suffering untold. But as the epochs vanished behind him, the selfish ways of his father--the ways of many amongst his godly kin, they who judged <i>him</i> despicable--eventually began to ring hollow. War for its own sake was no longer enough to satisfy his desires. For the first time in his ageless days, the god of war began to question to what ends he swung his glorious spear. As the Fates would have it, his solution came easily: he must wage war for a larger purpose, and inspire more than mere savagery and sorrow at the sight of his crest. He must at last lay claim to the mantle of leadership that is his birthright, for the time has come to burn down the pantheon of the old age and build a just new empire atop the ashes of his kin. Only then might he find satisfaction, and make the glory of Mars evident to all.","",129,"","",1,0,"",1,"en",0,,,,,""
"hero_master",,"snapfire",1,"2026-07-29","hero_master","Snapfire","# Snapfire

Snapfire is an Universal hero with a ranged attack. Primary attribute: Universal. Attack type: Ranged. Roles: Support, Nuker, Disabler, Escape.

## Roles

- **Support** — protects allies, buys utility items and controls vision
- **Nuker** — deals large burst spell damage
- **Disabler** — has stuns, silences or other crowd control
- **Escape** — has mobility to leave dangerous situations

## Base stats

- Primary attribute: Universal
- Attack type: Ranged
- Base Strength 21 (+3.5 per level)
- Base Agility 16 (+1.9 per level)
- Base Intelligence 21 (+2.2 per level)
- Health regen 0.75
- Mana regen 0
- Base armor 1
- Base damage 25-31
- Attack range 400
- Base attack time 100
- Attack point 0.35
- Projectile speed 1800
- Move speed 300
- Vision 1800 day / 800 night

## Popularity

- Public games picked 715,950 times, won 380,381 (53.1% win rate)
- Professional games: 27 picks, 37 bans, 40.7% win rate

## Abilities

Snapfire has 7 abilities: Scatterblast, Firesnap Cookie, Lil' Shredder, Gobble Up, Spit Out, Mortimer Kisses, Boomstick.

### Scatterblast

Snapfire's ability **Scatterblast**, type Active, targeting Point Target, Magical damage.

Snapfire unloads with a wide blast that damages and slows enemies in a cone. Damage is increased by 30% and Movement Slow, Attack Slow and Slow Duration are increased by 50% for enemies caught at point-blank range.

- Mana cost: 85/90/95/100
- Cooldown: 17/14/11/8
- Pierces spell immunity: No
- Dispellable: Yes
- Cast Range: 800
- Damage: 100/160/220/280
- Blast Speed: 3000
- Blast Width Initial: 250
- Blast Width End: 400
- Slow Duration: 1
- Movement Slow: 100%
- Attack Slow: 100
- Point-Blank Range: 450
- Point Blank Dmg Bonus Pct: 30
- Point Blank Debuff Duration Pct: 50
- Cast Time: 0.4

_A favorite from her collection, Beadie crafted Ol' Rackatee as her first line of defense when she ventured into the Outlands._

### Firesnap Cookie

Snapfire's ability **Firesnap Cookie**, type Active, targeting Unit Target, Magical damage.

Snapfire feeds a potent cookie to Mortimer or an ally, causing them to hop a short distance. The hopping unit stuns and damages enemies in the landing zone.

- Mana cost: 105
- Cooldown: 18/17/16/15
- Dispellable: Strong Dispels Only
- Charge Restore Time: 21/19/17/15
- Projectile Speed: 1200
- Jump Duration: 0.484
- Jump Height: 257
- Hop Distance: 425
- Pre Land Anim Time: 0.14
- Landing Gesture Duration: 0.6
- Impact Radius: 300
- Impact Damage: 75/150/225/300
- Impact Stun Duration: 1/1.4/1.8/2.2
- Self Cast Delay: 0.3
- Shard Damage Multiplier Tooltip: 40
- Cast Range: 650
- Cast Time: 0.2

_With the help of a secret mixture that pairs Beadie's baking skills with her passion for black powder, these battle biscuits pack a punch._

### Lil' Shredder

Snapfire's ability **Lil' Shredder**, type Active, targeting No Target, Physical damage.

Snapfire heats up her mounted turret to rapidly fire 5 attacks dealing fixed damage plus a percentage of her attack damage. Each attack reduces the enemy's armor. Provides bonus attack range for the duration.

- Mana cost: 70/80/90/100
- Cooldown: 24/20/16/12
- Base Damage Per Shot: 20/35/50/65
- Buffed Attacks: 5
- Attack Damage: 35%
- Attack Speed Bonus: 300
- Bonus Range: 160/240/320/400
- Buff Duration Tooltip: 6
- Base Attack Time: 1
- Armor Loss Per Stack: 0.5
- Armor Loss Duration: 5
- Cast Range: 800
- Duration: 6

_Beadie constantly tinkers with a design she first dreamed up plotting an exodus from her old gang._

### Gobble Up

Snapfire's ability **Gobble Up**, type Active, targeting Unit Target, Hidden.

Mortimer gobbles up a creep or an allied hero, which he can then spit towards enemies. The unit stays in his belly up to [object Object] seconds.

- Mana cost: 120
- Cooldown: 40
- Cast Range: 150
- Cast Time: 0.3

_SHLORP!_

### Spit Out

Snapfire's ability **Spit Out**, type Active, targeting Point Target, AOE, Magical damage.

Mortimer spits out the unit that's in his mouth, causing impact damage and stun in a large area. The glob leaves a pool of firespit based on the current level of Mortimer Kisses, that slows and applies damage over time. Spit Out has a no minimum launch range.

- Cooldown: 0
- Pierces spell immunity: No
- Dispellable: Yes
- Projectile Speed: 1400
- Projectile Width: 130
- Impact Radius: 400
- Projectile Vision: 500
- Burn Interval: 0.5
- Burn Damage: 100
- Move Slow Pct: 25
- Burn Ground Duration: 3
- Min Lob Travel Time: 0.1
- Max Lob Travel Time: 2
- Burn Linger Duration: 1
- Stun Duration: 1.2
- Min Height Above Lowest: 150
- Min Height Above Highest: 100
- Min Acceleration: 1000
- Max Acceleration: 2000
- Cast Range: 3000
- Cast Time: 0.3

_SPITTOOO!_

### Mortimer Kisses

Snapfire's ability **Mortimer Kisses**, type Active, targeting Point Target, AOE, Magical damage.

Snapfire's friend launches a barrage of firespit globs over 5.5 seconds. Globs cause impact damage and create pools of firespit, which slow and apply damage over time. Snapfire has a reduced turn rate for the duration and a minimum launch range of 600. Each glob can be targeted with a right click.

- Mana cost: 125/150/175
- Cooldown: 120/110/100
- Pierces spell immunity: No
- Dispellable: Yes
- Glob Count: 8
- Projectile Speed: 1300
- Projectile Width: 130
- Impact Radius: 275
- Damage Per Glob: 180/270/360
- Duration Tooltip: 5.5
- Projectile Vision: 500
- Turn Rate: 75
- Burn Interval: 0.5
- Burn Dps: 60/80/100
- Enemy Movement Slow: 15%/20%/25%
- Firespit Pool Duration: 3.5
- Dist Change Speed: 75
- Min Range: 600
- Min Lob Travel Time: 0.8
- Max Lob Travel Time: 2
- Delay After Last Projectile: 0.5
- Burn Linger Duration: 1
- Cast Range: 3000
- Duration: 5.5
- Cast Time: 0.5

_Little did Beadie know when she adopted Mortimer, dragon toads--which aren't even toads at all--share more than just a name with their distant draconic cousins._

### Boomstick

Snapfire's ability **Boomstick**, type Passive, targeting Passive, innate.

Snapfire deals more damage to nearby enemies.

- Max Damage Amp: 35%
- Min Damage Range: 495
- Max Damage Range: 50

## Lore

Beatrix Snapfire and her dragon toad Mortimer are a welcome sight to the ragged folk who scratch out lives along the desert routes and oases scattered throughout Nanarak, the rain-forsaken gateway to the Outlands. As well known for her unrivaled skills as a weaponsmith as for dispensing wisdom, mirth, and the meanest firesnap cookies the world has ever seen, Beadie's survived to a ripe old age in a young keen's trade by being quick with her wits and even quicker with her guns. Indeed, the Outlands are littered with the bones of bandits and ne'er-do-wells who thought to take advantage of her small stature and propensity for kindness.","",128,"","",1,0,"",1,"en",0,,,,,""
"hero_master",,"void-spirit",1,"2026-07-29","hero_master","Void Spirit","# Void Spirit

Void Spirit is an Universal hero with a melee attack. Primary attribute: Universal. Attack type: Melee. Roles: Carry, Escape, Nuker, Disabler.

## Roles

- **Carry** — scales with items and becomes the main damage dealer late game
- **Escape** — has mobility to leave dangerous situations
- **Nuker** — deals large burst spell damage
- **Disabler** — has stuns, silences or other crowd control

## Base stats

- Primary attribute: Universal
- Attack type: Melee
- Base Strength 22 (+2.6 per level)
- Base Agility 21 (+2.2 per level)
- Base Intelligence 24 (+3.1 per level)
- Health regen 0.25
- Mana regen 0.6
- Base armor -1
- Base damage 18-22
- Attack range 200
- Base attack time 100
- Attack point 0.35
- Projectile speed 900
- Move speed 290
- Turn rate 0.7
- Vision 1800 day / 800 night

## Popularity

- Public games picked 161,894 times, won 79,744 (49.3% win rate)
- Professional games: 7 picks, 3 bans, 42.9% win rate

## Abilities

Void Spirit has 5 abilities: Aether Remnant, Dissimilate, Resonant Pulse, Intrinsic Edge, Astral Step.

### Aether Remnant

Void Spirit's ability **Aether Remnant**, type Active, targeting Point Target, Magical damage.

Void Spirit dispatches a remnant to the target location. The remnant stands watch over the region, facing the direction of his vector. When a unit crosses its gaze, the remnant pulls it in and damages it.

- Mana cost: 75/80/85/90
- Cooldown: 17/15/13/11
- Pierces spell immunity: No
- Dispellable: Yes
- Start Radius: 90
- End Radius: 90
- Radius: 300
- Projectile Speed: 900
- Watch Range: 450
- Remnant Watch Radius: 130
- Watch Path Vision Radius: 200
- Activation Time: 0.4
- Damage: 90/140/190/240
- Pull Duration: 1/1.2/1.4/1.6
- Pull Destination: 44/50/56/62
- Remnant Lifetime: 17
- Think Interval: 0.1
- Cast Range: 850

_Inai exists far beyond the scope of a single point in space and time._

### Dissimilate

Void Spirit's ability **Dissimilate**, type Active, targeting No Target, Magical damage.

Void Spirit temporarily fades into the aether, creating a number of portals through which he can reassemble himself. Upon exiting a portal, he damages all enemies in the area.

- Mana cost: 120
- Cooldown: 20/17/14/11
- Pierces spell immunity: No
- Phase Duration: 1.1
- Destination Fx Radius: 183
- Portals Per Ring: 6
- Angle Per Ring Portal: 60
- First Ring Distance Offset: 520
- Damage Radius: 275
- Cast Time: 0.3

_Inai much prefers to observe our plane free from the confines of corporeal form._

### Resonant Pulse

Void Spirit's ability **Resonant Pulse**, type Active, targeting No Target, Magical damage.

Void Spirit wraps himself in a protective shield that absorbs physical damage and emits a single damaging pulse around him. The shield gains increased damage absorption for each enemy hero the pulse hits.

- Mana cost: 115/120/125/130
- Cooldown: 18
- Pierces spell immunity: No
- Dispellable: Yes
- Pulse Radius: 500
- Speed: 1200
- Damage: 60/110/160/210
- Barrier Duration: 10
- Base Damage Barrier: 25/50/75/100
- Barrier Amount Per Hero Hit: 50/70/90/110
- Return Projectile Speed: 900

_Inai never hesitates to shroud himself in the essence of his true self when forced to interact with the mortal plane._

### Intrinsic Edge

Void Spirit's ability **Intrinsic Edge**, type Passive, targeting Passive, innate.

Void Spirit gains 15% more attack damage per point of each attribute, and 30% more HP regen from Strength, attack speed from Agility, and mana regen from Intelligence.

- Secondary Stat Bonus Pct: 30
- Damage Stat Bonus Pct: 15

### Astral Step

Void Spirit's ability **Astral Step**, type Active, targeting Point Target, Magical damage.

Void Spirit tears a rift through the astral plane to appear at the target location, attacking all enemies along the path. This attack inflicts a void mark that slows for 1.25 seconds and then detonates.

- Mana cost: 90
- Cooldown: 0
- Pierces spell immunity: Yes
- Radius: 170
- Charge Restore Time: 25/20/15
- Min Travel Distance: 200
- Range: 800/900/1000
- Pop Damage Delay: 1.25
- Void Mark Damage: 130/230/330
- Movement Slow: 40%/60%/80%
- Cast Time: 0.2
- Max Charges: 2

_A small step for Inai creates great devastation on the mortal plane._

## Lore

Not even the other spirits claim to understand the mind and machinations of the eldest amongst them, Inai the Void Spirit. Privy to secrets that would shatter a mortal mind, the Void Spirit observes the workings of the universe from an unknowable vantage, choosing to let carefully groomed servants do his bidding -- only emerging from his Hidden Temple into the material plane when he deems that he alone can steer the course of reality along its proper path. With an expansive perspective on existence, Inai is focused intently on a point in time beyond which he cannot see, when the fabrics of multiple realities are fated to collide. Now he steps from the aether to personally resolve the battle of the Ancients and prepare his allies for what he views as a greater conflict to come.","",126,"","",1,0,"",1,"en",0,,,,,""
"hero_master",,"hoodwink",1,"2026-07-29","hero_master","Hoodwink","# Hoodwink

Hoodwink is an Agility hero with a ranged attack. Primary attribute: Agility. Attack type: Ranged. Roles: Support, Nuker, Escape, Disabler.

## Roles

- **Support** — protects allies, buys utility items and controls vision
- **Nuker** — deals large burst spell damage
- **Escape** — has mobility to leave dangerous situations
- **Disabler** — has stuns, silences or other crowd control

## Base stats

- Primary attribute: Agility
- Attack type: Ranged
- Base Strength 17 (+2 per level)
- Base Agility 25 (+3.6 per level)
- Base Intelligence 21 (+2.9 per level)
- Health regen 0.25
- Mana regen 0
- Base armor 0
- Base damage 22-29
- Attack range 575
- Base attack time 100
- Attack point 0.4
- Projectile speed 1800
- Move speed 315
- Turn rate 0.9
- Vision 1800 day / 800 night

## Popularity

- Public games picked 352,128 times, won 169,287 (48.1% win rate)
- Professional games: 30 picks, 21 bans, 50.0% win rate

## Abilities

Hoodwink has 8 abilities: Acorn Shot, Bushwhack, Scurry, Decoy, Hunter's Boomerang, Sharpshooter, End Sharpshooter, Mistwoods Wayfarer.

### Acorn Shot

Hoodwink's ability **Acorn Shot**, type Active, targeting Unit Target, Point Target, Physical damage.

Fires Hoodwink's attack with an acorn at the target unit. The acorn bounces to nearby targets, slowing them and dealing a percentage of Hoodwink's attack with bonus damage.
If point targeted, a tree is created at the target position and the acorn will bounce to nearby targets. The ability may be placed on alt-cast to force this behavior.

- Mana cost: 70/80/90/100
- Cooldown: 19/16/13/10
- Pierces spell immunity: No
- Bonus Range: 100
- Bonus Damage: 45/90/135/180
- Base Damage: 80%
- Bounce Count: 2/3/4/5
- Bounce Range: 525
- Slow Duration: 0.3
- Movement Slow: 100%
- Bounce Delay: 0.1
- Projectile Speed: 2200
- Cast Range: 675/700/725/750
- Cast Time: 0.2

_Though she'll make do with almost anything, Oak and Ironwood acorns make the most effective projectiles -- and the bulk of Hoodwink's stash._

### Bushwhack

Hoodwink's ability **Bushwhack**, type Active, targeting Point Target, AOE, Magical damage.

Tosses a net trap that stuns enemies if they are near a tree in the area. Affected enemies take damage over time and are pulled towards the tree nearest to them within the target area, and have their vision reduced to 0 for the duration of the stun.

- Mana cost: 90/100/110/120
- Cooldown: 15/14/13/12
- Dispellable: Strong Dispels Only
- Radius: 265
- Stun Duration: 1.5/1.7/1.9/2.1
- Projectile Speed: 1300
- Total Damage: 90/180/270/360
- Animation Rate: 0.3
- Visual Height: 50
- Cast Range: 1100
- Cast Time: 0.2

_Hoodwink favors Ironwood groves for ambushes, but the wary step carefully in all areas of the mistwoods._

### Scurry

Hoodwink's ability **Scurry**, type Active, targeting No Target, Instant Cast.

Hoodwink gains bonus movement speed, phased movement, and tree-walking for a brief time. While active, the redirect chance of Mistwoods Wayfarer is multiplied by 2.

- Mana cost: 35
- Cooldown: 0
- Bonus Movement Speed: 15%/20%/25%/30%
- Buff Duration: 3.5/4/4.5/5
- Max Charges: 2
- Radius: 275
- Evasion Multiplier: 2
- Cast Range: 275
- Charge Restore Time: 30/24/18/12

_There's not a nook or cranny in the Wood Tomo'kan out of reach of Hoodwink's paws._

### Decoy

Hoodwink's ability **Decoy**, type Active, targeting No Target, Instant Cast, Hidden.

Hoodwink turns invisible, increasing her movement speed, and creates a decoy illusion that starts aiming a decreased damage Sharpshooter at the nearest enemy hero. If the illusion is attacked or hit by a targeted ability, it is destroyed and it throws a lesser bushwhack towards the enemy.

- Mana cost: 60
- Cooldown: 30
- Dispellable: Yes
- Illusion Duration: 6
- Bushwhack Radius: 250
- Bushwhack Duration: 1.6
- Images Do Damage Percent: 100
- Images Take Damage Percent: 100
- Projectile Speed: 1200
- Movement Speed: 15%
- Sharpshooter Damage: 60%

_The best traps trigger whether you touch them or not._

### Hunter's Boomerang

Hoodwink's ability **Hunter's Boomerang**, type Active, targeting Point Target, Unit Target, Hidden, Magical damage.

Tosses a boomerang in an arc. Upon contact, it returns to Hoodwink. The boomerang will deal damage as it passes through or hits enemies, and apply a debuff that causes affected enemies to be slowed and be more vulnerable to spell damage.

- Mana cost: 125
- Cooldown: 18
- Pierces spell immunity: No
- Dispellable: Yes
- Speed: 900
- Radius: 150
- Damage: 200
- Debuff Duration: 6
- Movement Slow: 25%
- Incoming Spell Damage Amp: 20%
- Spread: 400
- Min Throw Duration: 0.5
- Max Throw Duration: 1.2
- Cast Range: 1100
- Cast Time: 0.2

_A precious last vestige of Hoodwink's childhood, converted into deadly distraction._

### Sharpshooter

Hoodwink's ability **Sharpshooter**, type Active, targeting Point Target, Magical damage.

Hoodwink charges up and fires a deadly bolt from her crossbow, dealing heavy damage, break and slow to an enemy Hero. The damage and debuff duration scale up to max after x0.75 seconds, and the bolt is fired automatically after x0.75 seconds.
Hoodwink is knocked backwards for a distance of 350 from the force of the shot. Creeps hit by the bolt are damaged for half the values.

- Mana cost: 100/150/200
- Cooldown: 45
- Pierces spell immunity: No
- Dispellable: Yes
- Arrow Speed: 2200
- Arrow Width: 125
- Arrow Range: 3000
- Arrow Vision: 350
- Max Wind-Up Time: 3
- Max Damage: 600/975/1350
- Recoil Distance: 350
- Recoil Height: 75
- Recoil Duration: 0.4
- Max Debuff Duration: 5
- Misfire Time: 5
- Move Slow: 30%/40%/50%
- Turn Rate: 60
- Base Power: 0.2
- Cast Range: 3000

_While her first arbalest was a chance discovery, Hoodwink now takes great care in carving and caring for her own -- of course with some necessary components pilfered or otherwise cleverly procured._

### End Sharpshooter

Hoodwink's ability **End Sharpshooter**, type Active, targeting Instant Cast, No Target, Hidden.

Release the charged up shot, regain ability to move and attack.

_Fire!_

### Mistwoods Wayfarer

Hoodwink's ability **Mistwoods Wayfarer**, type Passive, targeting Passive, innate.

- Tree Search Radius: 275
- Redirect Chance: 14%

## Lore

Hoodwink's earliest years were spent in the idyllic expanse of green that once filled the edges of Krimwohl. But as that kingdom grew, and the needs of both her citizens and her armies became ravenous, rival ore and timber barons scratched and clawed to outpace each other in devouring the natural beauty of the border forests, gorging themselves to meet the demands of the changing land. To those living in the ancient timberlands, the choice came down to following the line of refugees into the pacified zones, falling to Krimwohl's black powder and steel while defending their homes, or fleeing further north to tempt fate in the haunted glens and groves of the misty Wood Tomo'kan. So it was in those treacherous northern mistwoods that Hoodwink came of age, dodging the horrific predators of the Tomo'kan, ingratiating herself with some of the local banditry whilst antagonizing others, and finding absolutely every which way to be underfoot whenever some interesting mischief arose--often <i>allegedly</i> the cause of it. But when the faintest whiff of Krimwohl's fires eventually drifted into her adopted home, Hoodwink's thoughts turned to any family and friends who might have survived the invasion--now made to eke out lives in the razed lands whose wounds scarred her very soul--and she couldn't help but approach the edges of civilization to get a glimpse of the devils that had destroyed her old life. There, she saw that the monsters from her childhood weren't monsters at all. They were just...people. Soldiers, laborers, merchants...and refugees. And the soldiers, even with their black powder and steel, were nothing compared to the dangers of the Tomo'kan--real dangers with tentacles and teeth--dangers she danced around like a twirling maple seed. Knowing she can always find safe passage in the tangles of the Tomo'kan, where most warm-blooded folk wisely fear to tread, Hoodwink now strikes out against those who dare try to further pacify the wilds, happily taking what she likes from their belongings, destroying what she has no use for, and helping guide any kindred survivors back to a life in the green once again.","",123,"","",1,0,"",1,"en",0,,,,,""
"hero_master",,"grimstroke",1,"2026-07-29","hero_master","Grimstroke","# Grimstroke

Grimstroke is an Intelligence hero with a ranged attack. Primary attribute: Intelligence. Attack type: Ranged. Roles: Support, Nuker, Disabler, Escape.

## Roles

- **Support** — protects allies, buys utility items and controls vision
- **Nuker** — deals large burst spell damage
- **Disabler** — has stuns, silences or other crowd control
- **Escape** — has mobility to leave dangerous situations

## Base stats

- Primary attribute: Intelligence
- Attack type: Ranged
- Base Strength 21 (+2.4 per level)
- Base Agility 18 (+1.9 per level)
- Base Intelligence 25 (+3.8 per level)
- Health regen 0.25
- Mana regen 0
- Base armor 0
- Base damage 22-26
- Attack range 600
- Base attack time 100
- Attack point 0.35
- Projectile speed 900
- Move speed 290
- Vision 1800 day / 800 night

## Popularity

- Public games picked 232,977 times, won 119,882 (51.5% win rate)
- Professional games: 8 picks, 2 bans, 37.5% win rate

## Abilities

Grimstroke has 6 abilities: Stroke of Fate, Phantom's Embrace, Ink Swell, Dark Portrait, Soulbind, Ink Trail.

### Stroke of Fate

Grimstroke's ability **Stroke of Fate**, type Active, targeting Point Target, Magical damage.

Grimstroke paints a curved path of ink with his brush, damaging and slowing enemies. The damage is increased with each enemy the ink hits.

 Can be put on alt-cast to have the path be straight.

- Mana cost: 100/110/120/130
- Cooldown: 11/9/7/5
- Pierces spell immunity: No
- Dispellable: Yes
- Start Radius: 120
- End Radius: 160
- Base Damage: 100/160/220/280
- Bonus Dmg Per Hero: 20/40/60/80
- Bonus Dmg Per Illusion/Creep: 10/20/30/40
- Movement Slow: 50%/60%/70%/80%
- Slow Duration: 1.75
- Vision Duration: 2
- Cast Range: 1400
- Projectile Speed: 2000
- Vector Min Cos Facing Angle: -0.99
- Vector Strength: 0.6
- Vector Max Travel Time Multiplier: 5
- Vector Acceptable Radian To Snap Velocity: 0.25
- Vector Distance To Start Force Turning: 100
- Vector Deg Turn Divisor: 1.3
- Vector Deg Turn Max: 60
- Vector Reticle Distance: 400
- Vector Reticle Radius: 140
- Cast Time: 0.6

_The corruptive force of Grimstroke's ink, drawn from the reservoir of his fallen people, consumes any enemy caught in its path._

### Phantom's Embrace

Grimstroke's ability **Phantom's Embrace**, type Active, targeting Unit Target, Magical damage.

Summons a phantom that moves quickly towards the target, latching to it when she arrives. Once latched, the phantom damages and silences. If she survives the full latch duration she rends her victim for heavy damage and refreshes Phantom's Embrace's cooldown.

Hero attacks against the phantom count as 3 attacks each.

- Mana cost: 80/100/120/140
- Cooldown: 30/26/22/18
- Pierces spell immunity: No
- Dispellable: No
- Speed: 1150
- Latch Duration: 5
- Attacks To Destroy: 6/6/9/9
- Hero Attack Multiplier: 3
- Phantom Dps: 10/20/30/40
- Enemy Vision Time: 4
- Tick Interval: 0.5
- Infection Search Radius: 1000
- Rend Damage: 120/200/280/360
- Return Projectile Speed: 1150
- Latched Unit Offset: 130
- Latched Unit Offset Short: 95
- Cast Range: 900

_Grimstroke holds no sorrow for the downfall of his people. Only for Yaovhi, she who was most dear to him, does he feel even a semblance of longing._

### Ink Swell

Grimstroke's ability **Ink Swell**, type Active, targeting Unit Target, Magical damage.

Grimstroke shrouds an allied unit in ink, increasing its movement speed. Enemies in range of the allied unit are damaged with inky tendrils over time. After 3 seconds it applies damage and stun in an area around the unit in proportion to how long ink tendril was near any hero.

- Mana cost: 120/130/140/150
- Cooldown: 27/24/21/18
- Dispellable: Yes
- Buff Duration: 3
- Movement Speed Bonus: 20%
- Radius: 375
- Max Damage: 90/180/270/360
- Max Stun Duration: 1.6/2/2.4/2.8
- Damage Per Tick: 6/9/12/15
- Tick Rate: 0.2
- Ink Tendrils Dps: 30/45/60/75
- Max Threshold Duration: 2.5
- Cast Range: 650/700/750/800
- Cast Time: 0.15

_Now that the rise of the ink tide no longer threatens to overwhelm Grimstroke, its tendrils of power are never far from his hand._

### Dark Portrait

Grimstroke's ability **Dark Portrait**, type Active, targeting Unit Target, Hidden.

- Mana cost: 200
- Cooldown: 35
- Pierces spell immunity: Yes
- Illusion Duration: 25
- Images Do Damage Percent: 25
- Illusion Outgoing Damage: 125%
- Images Take Damage Percent: 175
- Illusion Damage Taken: 275%
- Illusion Movespeed Bonus: 30%
- Immunity Resist: 90

_No dark creation is beyond the skill of the master's hand._

### Soulbind

Grimstroke's ability **Soulbind**, type Active, targeting Unit Target, AOE.

Binds a targeted enemy hero to its nearest allied hero within the bind radius, preventing both from moving away from each other. Any unit-targeted ability that either bound hero receives also gets cast on the other hero. If the bind is broken before the duration expires, the initial target will be bound to its nearest allied hero in the radius.

- Mana cost: 150/200/250
- Cooldown: 70/65/60
- Pierces spell immunity: Yes
- Dispellable: No
- Duration: 6/7/8
- Bind Radius: 600
- Chain Break Distance: 700
- Leash Limit Multiplier: 1.3
- Leash Radius Buffer: 50
- Creep Duration Pct: 50
- Cast Range: 700/800/900
- Cast Time: 0.15

_The Ascended were chosen sons of Ashkavor, granted immense power by the bonds forged between their own souls and those they were charged with protecting. In the years that followed the ruination of his kin, Grimstroke discovered much more sinister applications for the binding rituals..._

### Ink Trail

Grimstroke's ability **Ink Trail**, type Passive, targeting Passive, Hidden, innate.

Grimstroke's attacks and spells cause affected enemy heroes to leave a trail of Ink behind them and deal less damage to Grimstroke for 4s.

- Pierces spell immunity: No
- Debuff Duration: 4
- Damage Reduction: 5%

## Lore

The people of Ashkavor crowded around the temple square, eager to witness the ascension of their new guardian -- to stand near the man as he bound their souls to his own. But as his final brush strokes fell against the runestone, and the bond of a new Ascended One was forged, everyone -- even those who'd stayed in their homes -- could sense that something had gone terribly wrong. He knew the cause instantly. The droplets of ichor he'd procured to amplify the potency of his inkpots had instead contaminated them, and the power of the binding spell he'd cast now threatened to consume him. An inky corruption snaked upward from the runestone, along the handle of his brush, soon overtaking his hands. From there it spread quickly. Once it overcame his face and his mouth, he couldn't have screamed even if he'd wanted to. All of his life he'd calculated on how to attain ever greater powers than the limits presented by his teachers would allow--going so far as to break the sacred prohibition against augmenting the inks. Indeed, with the wellspring of the Ascended bond open to him, he felt a measure of power coursing into his soul like he'd never imagined. His greatest triumph was upon him, if he could only survive it. He drew deep from the power of the bond, pushing back against the corrupted ink flow. A great moan filled the air -- the collective cry of his people. Some swayed on their feet. The weakest collapsed. Many tried to run. And still deeper he pulled from their bloodline reservoir. But it wasn't enough to stop the ink tide. It was only when the breath trapped in his lungs began to fail him, and the inkpool darkness fully encased him, that he saw his way out. The bond he'd made with the Ashkavoran people -- his people -- meant to be drawn upon only in service of their protection... It flowed two ways. With a final surge of strength -- this time directed by more than just blind repulsion -- he pushed the ink torrent into the bond itself. Slowly, he felt the tide retreat... and heard the awful wails of his people as the corruption in turn rolled over them. When at last the ink relented, his eyes opened upon a world changed. The Ashkavoran people as he knew them were gone. Every last soul was transformed into terrifying shades of their former selves -- comprised no longer of blood and bone, only viscid, tainted ink.","",121,"","",1,0,"",1,"en",0,,,,,""
"hero_master",,"pangolier",1,"2026-07-29","hero_master","Pangolier","# Pangolier

Pangolier is an Universal hero with a melee attack. Primary attribute: Universal. Attack type: Melee. Roles: Carry, Nuker, Disabler, Durable, Escape, Initiator.

## Roles

- **Carry** — scales with items and becomes the main damage dealer late game
- **Nuker** — deals large burst spell damage
- **Disabler** — has stuns, silences or other crowd control
- **Durable** — survives extended fights, high effective health
- **Escape** — has mobility to leave dangerous situations
- **Initiator** — starts team fights on favourable terms

## Base stats

- Primary attribute: Universal
- Attack type: Melee
- Base Strength 20 (+2.7 per level)
- Base Agility 18 (+3.2 per level)
- Base Intelligence 16 (+2.5 per level)
- Health regen 1.25
- Mana regen 0
- Base armor 2
- Base damage 26-32
- Attack range 150
- Base attack time 100
- Attack point 0.33
- Projectile speed 900
- Move speed 300
- Turn rate 0.9
- Vision 1800 day / 800 night

## Popularity

- Public games picked 111,089 times, won 50,572 (45.5% win rate)
- Professional games: 16 picks, 15 bans, 56.2% win rate

## Abilities

Pangolier has 8 abilities: Swashbuckle, Shield Crash, Lucky Shot, Roll Up, Rolling Thunder, Stop Rolling, End Roll Up, Fortune Favors the Bold.

### Swashbuckle

Pangolier's ability **Swashbuckle**, type Active, targeting Point Target, Physical damage.

Pangolier dashes along the target line, then slashes and briefly slows all enemies in the drawn direction with several quick swipes.

Lucky Shot has a chance to activate from this damage.

- Mana cost: 85/90/95/100
- Cooldown: 19/16/13/10
- Pierces spell immunity: Yes
- Dash Range: 575/650/725/800
- Slash Range: 850
- Damage Per Strike: 35/65/95/125
- Dash Speed: 2000
- Attack Interval: 0.1
- Slash Width: 155
- End Radius: 155
- Strikes: 3
- Procs Onhit Effects: 1
- Slow Duration: 0.6
- Slow: 100%
- Damage Penalty: 25
- Cast Range: 575/650/725/800
- Cast Time: 0.15

_The Pangolier's blade is even nimbler than his tongue._

### Shield Crash

Pangolier's ability **Shield Crash**, type Active, targeting No Target, Instant Cast, Physical damage.

Pangolier jumps in the air and slams back to the ground in front of his current position damaging all enemies in a radius. Pangolier gains an all damage barrier for a short time if Shield Crash hits an enemy hero.

Forward movement is maintained if Shield Crash is used while Rolling Thunder is active, and allows Rolling Thunder to clear walls or cliffs.

- Mana cost: 75
- Cooldown: 15/12/9/6
- Pierces spell immunity: No
- Dispellable: Yes
- Damage: 60/120/180/240
- Barrier: 60/120/180/240
- Barrier Duration: 6
- Radius: 500
- Jump Duration: 0.4
- Jump Duration Gyroshell: 0.75
- Jump Height: 250
- Jump Height Gyroshell: 350
- Jump Horizontal Distance: 225
- Scepter Damage Outgoing Tooltip: 75

_Only in the midst of his enemies does the Pangolier truly thrive._

### Lucky Shot

Pangolier's ability **Lucky Shot**, type Passive, targeting Passive.

Pangolier rolls the dice and lets fate decide the outcome for his enemies. Grants a chance to drastically slow their attack speed and reduce armor on any damage dealt by Pangolier's attacks or abilities.

- Pierces spell immunity: No
- Dispellable: Yes
- Chance: 17%
- Duration: 3.5/4/4.5/5
- Attack Speed Reduction: 35/70/105/140
- Armor Reduction: 2/4/6/8

_The Pangolier's blade is guided more often by whim than reason._

### Roll Up

Pangolier's ability **Roll Up**, type Active, targeting No Target, Hidden, Magical damage.

Pangolier curls into an immobile protective ball, gaining debuff immunity, 80% magic resistance, and allowing him to turn. Can be cast during Rolling Thunder to temporarily hit the brakes. Can cast Rolling Thunder and Shield Crash during Roll Up. If enemies attack Pangolier during this, he will roll away from the attacker, applying Rolling Thunder damage/stun if there are enemies in the way.

- Mana cost: 75
- Cooldown: 40
- Pierces spell immunity: No
- Dispellable: No
- Cast Time Tooltip: 0.5
- Tick Interval: 0.05
- Forward Move Speed: 600
- Turn Rate Boosted: 275
- Turn Rate: 275
- Radius: 400
- Hit Radius: 150
- Bounce Duration: 0.4
- Stun Duration: 1/1.25/1.5
- Knockback Radius: 150
- Duration: 2.25
- Jump Recover Time: 0.25
- Roll Away Duration: 0.75
- Magic Resistance: 80
- Cast Time: 0.1

_It requires deft tailwork and immense balance to defy momentum in the heart of battle._

### Rolling Thunder

Pangolier's ability **Rolling Thunder**, type Active, targeting No Target, Physical damage.

Pangolier curls into a debuff immune ball with 80% magic resistance and rolls out. When rolling, he moves at an increased speed and can move through trees, but has a decreased ability to turn. Striking enemies knocks them back, inflicting damage proportional to his attack damage and stunning them when they land. 

Colliding with walls or cliffs will cause a temporary pause while Pangolier reverses in direction.

DISPEL TYPE: Basic Dispel

- Mana cost: 100/125/150
- Cooldown: 100/90/80
- Pierces spell immunity: No
- Dispellable: No
- Total Attack Damage As Damage: 80%
- Transform Time: 1.2
- Tick Interval: 0.05
- Roll Speed: 550
- Move Speed Ramp Up Time: 1
- Turn Rate Boosted: 165
- Turn Rate: 120
- Radius: 400
- Radius: 150
- Bounce Duration: 0.4
- Stun Duration: 1.2
- Knockback Distance: 150
- Duration: 10/11/12
- Jump Recover Time: 0.25
- Magic Resistance: 80
- Cast Time: 1.2

_Where his ancestors sought only refuge, the Pangolier saw opportunity..._

### Stop Rolling

Pangolier's ability **Stop Rolling**, type Active, targeting No Target, Hidden, Instant Cast.

Halt!

### End Roll Up

Pangolier's ability **End Roll Up**, type Active, targeting No Target, Hidden, Instant Cast.

Ends Pangolier's Roll Up early.

### Fortune Favors the Bold

Pangolier's ability **Fortune Favors the Bold**, type Passive, targeting Passive, Hidden, innate.

Random item and ability effects of enemies near Pangolier have a reduced chance to affect him.

- Radius: 1200
- Chance Reduction: -50%

## Lore

The men and women that make up the Nivan Gallants live a life of swordplay, chandelier swinging, and tawdry romance. And while all adhere to their creed that “A life of adventure is the only life worth living,” the exploits of Donté Panlin still manage to raise the eyebrows of even the most hedonistic of swordsmen. There is no monster he won’t slay. No creature he won’t woo. No tyrant he won’t stand against. And no noble immune to his silver tongue.","",120,"","",1,0,"",1,"en",0,,,,,""
"hero_master",,"dark-willow",1,"2026-07-29","hero_master","Dark Willow","# Dark Willow

Dark Willow is an Intelligence hero with a ranged attack. Primary attribute: Intelligence. Attack type: Ranged. Roles: Support, Nuker, Disabler, Escape.

## Roles

- **Support** — protects allies, buys utility items and controls vision
- **Nuker** — deals large burst spell damage
- **Disabler** — has stuns, silences or other crowd control
- **Escape** — has mobility to leave dangerous situations

## Base stats

- Primary attribute: Intelligence
- Attack type: Ranged
- Base Strength 20 (+2 per level)
- Base Agility 18 (+1.6 per level)
- Base Intelligence 21 (+3.5 per level)
- Health regen 0.75
- Mana regen 0
- Base armor 0
- Base damage 27-35
- Attack range 475
- Base attack time 115
- Attack point 0.3
- Projectile speed 1200
- Move speed 290
- Turn rate 0.7
- Vision 1800 day / 800 night

## Popularity

- Public games picked 191,962 times, won 91,912 (47.9% win rate)
- Professional games: 15 picks, 7 bans, 60.0% win rate

## Abilities

Dark Willow has 6 abilities: Bramble Maze, Shadow Realm, Cursed Crown, Bedlam, Pixie Dust, Terrorize.

### Bramble Maze

Dark Willow's ability **Bramble Maze**, type Active, targeting Point Target, AOE, Magical damage.

Dark Willow creates a 500 AoE maze of 8 brambles that grow in the target area after 0.3 seconds. Enemies that walk into a bramble are rooted and take damage over time. Lasts 12 seconds.

- Mana cost: 100/120/140/160
- Cooldown: 22
- Pierces spell immunity: No
- Dispellable: Yes
- Placement Range: 500
- Placement Count: 8
- Placement Duration: 12
- Extra Brambles Placement Duration: 4
- Latch Root Duration: 1/1.5/2/2.5
- Bramble Latch Radius: 90
- Damage Per Tick: 50/55/60/65
- Latch Creation Interval: 0.075
- Latch Creation Delay: 0.1
- Initial Creation Delay: 0.3
- Cast Range: 1000/1100/1200/1300
- Cast Time: 0.3

_The fae realm exists all around you, merely waiting to draw you in..._

### Shadow Realm

Dark Willow's ability **Shadow Realm**, type Active, targeting No Target, Instant Cast, Magical damage.

Dark Willow recedes into the shadows, becoming untargetable. Her next attack has 600 bonus attack range and deals bonus magic damage, and will end Shadow Realm. Damage scales based on how long she remains under the effects of Shadow Realm, the maximum being reached after 3 seconds.

- Mana cost: 80/90/100/110
- Cooldown: 21/19/17/15
- Pierces spell immunity: No
- Dispellable: No
- Duration: 5
- Fade Time: 0.3
- Max Damage: 120/200/280/360
- Attack Range Bonus: 600
- Max Damage Duration: 3

_What you can't see will most definitely hurt you._

### Cursed Crown

Dark Willow's ability **Cursed Crown**, type Active, targeting Unit Target.

Dark Willow casts an ancient fae curse on the target. After a delay, the target and nearby enemies are stunned.

- Mana cost: 80/90/100/110
- Cooldown: 17/15/13/11
- Pierces spell immunity: No
- Dispellable: Yes
- Delay: 4
- Stun Duration: 1.5/1.8/2.1/2.4
- Effect Radius: 360
- Cast Range: 700
- Cast Time: 0.2

_Didn't anyone ever tell you? Never strike a deal with a fairy..._

### Bedlam

Dark Willow's ability **Bedlam**, type Active, targeting No Target, Instant Cast, Magical damage.

Dark Willow sends her pet wisp to roam around herself for the duration, rapidly attacking nearby enemies. Bedlam cannot be used while Terrorize is active.

- Mana cost: 100/150/200
- Cooldown: 30
- Pierces spell immunity: No
- Dispellable: No
- Attack Damage: 70/120/170
- Attack Interval: 0.25
- Attack Radius: 300
- Attack Targets: 1
- Roaming Radius: 200
- Roaming Seconds Per Rotation: 1.5
- Roaming Duration: 5.5
- Target Count: 1
- Travel Speed: 1800

_You'll have to excuse my friend Jex. He's really into murder._

### Pixie Dust

Dark Willow's ability **Pixie Dust**, type Passive, targeting Passive, innate.

Dark Willow gains 20% bonus Health and Mana Regeneration, increased to 100% while she is untargetable or invulnerable.

- Hp Regen Amp: 20
- Mana Regen Amp: 20
- Hp Regen Amp Out Of World: 100
- Mana Regen Amp Out Of World: 100

### Terrorize

Dark Willow's ability **Terrorize**, type Active, targeting Point Target, AOE, Magical damage.

Dark Willow releases her pet wisp to terrorize her enemies. After a short delay, all enemies in the target area become fearful and run toward their home fountain. Terrorize cannot be used while Bedlam is active.

- Mana cost: 150
- Cooldown: 100/90/80
- Pierces spell immunity: No
- Dispellable: Yes
- Destination Travel Speed: 2000
- Radius: 450/500/550
- Fear Duration: 2.8/3/3.2
- Return Travel Speed: 800
- Starting Height: 300
- Cast Range: 1200
- Cast Time: 1

_You think you know the first thing about fear? Jex'll show you what that word truly means..._

## Lore

Children love telling stories about the whimsical adventures of fairies... That’s because children don’t know that most fairies are spiteful jerks. And in the world of spiteful fairies there are few names spoken of with more contempt than Mireska Sunbreeze. Born to a fae merchant king, Mireska grew up in Revtel; a cutthroat nation where manipulation and murder were the norm. But while she was quite adept at navigating the etiquette, unspoken laws, and social rituals that permeated every element of her life, she found the whole thing rather boring. So, Mireska did what most rebellious children do: burn down her family estate and set off with her pet wisp Jex to live the life of a wandering grifter.","",119,"","",1,0,"",1,"en",0,,,,,""
"hero_master",,"monkey-king",1,"2026-07-29","hero_master","Monkey King","# Monkey King

Monkey King is an Agility hero with a melee attack. Primary attribute: Agility. Attack type: Melee. Roles: Carry, Escape, Disabler, Initiator.

## Roles

- **Carry** — scales with items and becomes the main damage dealer late game
- **Escape** — has mobility to leave dangerous situations
- **Disabler** — has stuns, silences or other crowd control
- **Initiator** — starts team fights on favourable terms

## Base stats

- Primary attribute: Agility
- Attack type: Melee
- Base Strength 19 (+2.8 per level)
- Base Agility 24 (+3.7 per level)
- Base Intelligence 20 (+1.8 per level)
- Health regen 1
- Mana regen 0
- Base armor 1
- Base damage 29-33
- Attack range 300
- Base attack time 95
- Attack point 0.45
- Projectile speed 900
- Move speed 300
- Vision 1800 day / 800 night

## Popularity

- Public games picked 215,888 times, won 96,095 (44.5% win rate)
- Professional games: 4 picks, 0 bans, 25.0% win rate

## Abilities

Monkey King has 9 abilities: Boundless Strike, Tree Dance, Primal Spring, Jingu Mastery, Mischief, Wukong's Command, Spring Early, Revert Form, Changing of the Guard.

### Boundless Strike

Monkey King's ability **Boundless Strike**, type Active, targeting Point Target, Physical damage.

Monkey King enlarges his staff and slams it against the ground, stunning enemies in a line and damaging them with bonus damage and a critical hit based on his attack. Has True Strike.

- Mana cost: 85/90/95/100
- Cooldown: 24/21/18/15
- Pierces spell immunity: No
- Dispellable: Strong Dispels Only
- Stun Duration: 0.7/0.9/1.1/1.3
- Critical Damage: 120%/140%/160%/180%
- Bonus Damage: 20/40/60/80
- Strike Radius: 150
- Cast Range: 1100
- Distance: 1100
- Acceleration Z: 5000
- Min Height Above Lowest: 100
- Min Height Above Highest: 150
- Max Horizontal Acceleration: 30000
- Duration: 0.2
- Spring Channel Pct: 35
- Cast Time: 0.4

_The legendary Jingu Bang grows to match its master's will, ensuring no enemy can escape the Monkey King's reach._

### Tree Dance

Monkey King's ability **Tree Dance**, type Active, targeting Unit Target.

Monkey King jumps to a tree and perches atop it. While perched, he gains the Primal Spring ability-a channeled leap attack. If Monkey King's tree is destroyed, he falls and is stunned for 3s. Taking damage while on the ground puts Tree Dance on cooldown.

- Mana cost: 0
- Cooldown: 0.9/0.6/0.3/0
- Leap Speed: 600
- Spring Leap Speed: 1300
- Give Up Distance: 1850
- Ground Jump Distance: 900
- Distance: 900
- Damage Cooldown: 3
- Perched Day Vision: 700
- Perched Night Vision: 500
- Perched Spot Height: 192
- Unperched Stunned Duration: 3
- Top Level Height: 500
- Impact Damage Tooltip: 140/210/280/350
- Impact Movement Slow Tooltip: 20/40/60/80
- Range: 900
- Max Level: 4
- Cast Range: 900
- Cast Time: 0.2

_Sun Wukong dances nimbly along the treetop canopy, always just out of arm's reach._

### Primal Spring

Monkey King's ability **Primal Spring**, type Active, targeting Point Target, AOE, Channeled, Magical damage.

CHANNELED - Monkey King springs out from his tree perch, damaging and slowing enemies in the area where he lands. Damage and slow amounts are in proportion to channel duration.

- Mana cost: 100
- Cooldown: 18/16/14/12
- Pierces spell immunity: No
- Dispellable: Yes
- Damage: 110/200/290/380
- Movement Slow: 30%/40%/50%/60%
- Max Slow Duration: 4
- Impact Radius: 375
- Cast Range: 800
- Channel Time: 1.75

_Leaping from the safety of cover into the midst of his enemies, Sun Wukong attacks without mercy._

### Jingu Mastery

Monkey King's ability **Jingu Mastery**, type Passive, targeting Passive, Physical damage.

Monkey King's attacks awaken the Jingu Bang's power. Upon the fourth hit on the same enemy hero, Monkey King earns 4 charged attacks that have bonus damage and lifesteal.

- Cooldown: 0
- Pierces spell immunity: Yes
- Dispellable: No
- Required Hits: 4
- Counter Duration: 5.5/7/8.5/10
- Charges: 4
- Bonus Damage: 30/80/130/180
- Bonus Lifesteal: 20%/40%/60%/80%
- Buff Duration: 35

_Always sensitive to the moods of its master, the Jingu Bang radiates power when Sun Wukong's combat fervor is on full display._

### Mischief

Monkey King's ability **Mischief**, type Active, targeting No Target, innate.

Changes Monkey King's shape to deceive opponents, using the environment nearby as inspiration for the disguise. Taking damage, attacking, or using any item or ability breaks Monkey King's disguise. Grants damage immunity for 0.1 seconds upon transforming.

- Mana cost: 0
- Cooldown: 24.5
- Bonus Move Speed: 8%
- Reveal Radius: 200
- Invul Duration: 0.1

_Watch out for that tree._

### Wukong's Command

Monkey King's ability **Wukong's Command**, type Active, targeting Point Target, AOE, Physical damage.

Monkey King creates a circular formation of soldiers that spread out from his position. If Monkey King leaves the area his soldiers disperse. The soldiers have Monkey King's attack that attacks at a fixed rate of 1.1s, and only targets enemy Heroes. Monkey King is granted bonus armor for the spell's duration.

Monkey King can transform into any one of his soldiers during Wukong's command, taking its place for a short duration, becoming indistinguishable from other soldiers, and leaving another soldier in his stead.

- Mana cost: 100
- Cooldown: 100/90/80
- First Radius: 300
- Second Radius: 750
- Num First Soldiers: 5
- Num Second Soldiers: 9
- Move Speed: 700
- Bonus Armor: 15/20/25
- Attack Speed: 1.1
- Duration: 14
- Cast Range: 625
- Cast Time: 1

_Monkey King rips out a tuft of fur to blow at his enemies, charging each strand to transform into a copy of himself._

### Spring Early

Monkey King's ability **Spring Early**, type Active, targeting Hidden, No Target, Instant Cast.

### Revert Form

Monkey King's ability **Revert Form**, type Active, targeting No Target, Hidden.

Reverts Monkey King's shape to his original form.

- Mana cost: 0
- Cooldown: 1

### Changing of the Guard

Monkey King's ability **Changing of the Guard**, type Active, targeting Hidden, Point Target.

Monkey King can transform into any one of his soldiers during Wukong's command, taking its place for a 1.5s, becoming indistinguishable from other soldiers, and leaving another soldier in his stead. While transformed, Monkey King is invulnerable, but cannot attack or cast spells

- Mana cost: 0
- Cooldown: 5
- Transfiguration Duration: 1.5
- Initial Cooldown: 1
- Cast Time: 0.3

## Lore

For 500 years the mountain pressed down upon him, only his head free from the crushing weight of the stonewrought prison the elder gods had summoned to halt his childish rebellion. Moss grew along the lines of his exposed face, tufts of grass sprouted from his ears; his vision was framed in wildflowers reaching from the soil around his cheeks. Most thought him long dead, tormented by the gods for waging war against the heavens until naught but his legend survived. But, as the stories go, the Monkey King cannot die. So he waited. Until the gods came to offer a chance at absolution, he endured. And when they did come to name the price, Sun Wukong accepted their charge: he would accompany a young acolyte on a secret pilgrimage, protect him from demons and dangers of the road, and guide the man home in possession of a coveted relic. Do that, and humbly obey the human's commands in service to their holy mission, and Wukong would prove himself reformed. For a change, Sun Wukong fulfilled his oath to the gods with honor, and atoned for the sins of past insurrections. The acolyte, much learned in hardships, was returned to his home temple, relic in hand; and Wukong-finding himself for the first time in proper standing with any gods of consequence-was content for a short while to give up his old thirst for adventure and glory. But the Monkey King was born for mischief...and offending the gods never gets old.","",114,"","",1,0,"",1,"en",0,,,,,""
"hero_master",,"arc-warden",1,"2026-07-29","hero_master","Arc Warden","# Arc Warden

Arc Warden is an Universal hero with a ranged attack. Primary attribute: Universal. Attack type: Ranged. Roles: Carry, Escape, Nuker.

## Roles

- **Carry** — scales with items and becomes the main damage dealer late game
- **Escape** — has mobility to leave dangerous situations
- **Nuker** — deals large burst spell damage

## Base stats

- Primary attribute: Universal
- Attack type: Ranged
- Base Strength 20 (+2.2 per level)
- Base Agility 20 (+2.7 per level)
- Base Intelligence 24 (+2.6 per level)
- Health regen 0.25
- Mana regen 0
- Base armor 0
- Base damage 23-29
- Attack range 625
- Base attack time 110
- Attack point 0.3
- Projectile speed 900
- Move speed 300
- Turn rate 0.7
- Vision 1800 day / 800 night

## Popularity

- Public games picked 139,976 times, won 69,777 (49.8% win rate)

## Abilities

Arc Warden has 5 abilities: Flux, Magnetic Field, Spark Wraith, Runic Infusion, Tempest Double.

### Flux

Arc Warden's ability **Flux**, type Active, targeting Unit Target, Magical damage.

Infuses a lone enemy unit with swirling, volatile energy, dealing damage over time and slowing the target. The damage is not applied if another enemy unit is near the target.

- Mana cost: 75
- Cooldown: 16
- Pierces spell immunity: No
- Dispellable: Yes
- Duration: 6
- Ally Search Radius: 225
- Think Interval: 0.5
- Damage Per Second: 15/30/45/60
- Movement Speed Slow: 20%/25%/30%/35%
- Cast Range: 625/700/775/850
- Cast Time: 0.3

_An infinitesimal fraction of the power which imprisoned the Ancients._

### Magnetic Field

Arc Warden's ability **Magnetic Field**, type Active, targeting Point Target, AOE.

Arc Warden generates a circular distortion field of magnetic energy. The Magnetic Field grants bonus attack speed and protects allied units within it by evading attacks coming from outside the field. The Magnetic Field pulls runes, and runes inside Magnetic Field automatically activate.

- Mana cost: 60/70/80/90
- Cooldown: 20/19/18/17
- Pierces spell immunity: Yes
- Radius: 300
- Duration: 4/5/6/7
- Attack Speed Bonus: 30/60/90/120
- Evasion Bonus: 100%
- Rune Pull Force: 100
- Rune Pull Max Speed As Multiplier Of Pull Strength: 4
- Rune Pull Falloff Multiplier: 3
- Rune Pull Radius: 800/1200/1600/2000
- Rune Activate Radius Buffer: 30
- Cast Range: 900
- Cast Time: 0.3

_Time and space are of little consequence to one as old as Zet._

### Spark Wraith

Arc Warden's ability **Spark Wraith**, type Active, targeting Point Target, AOE, Magical damage.

Summons a Spark Wraith that slowly materializes and patrols a targeted area until an enemy comes within its range. Once a target has been found the wraith fuses with them, dealing magical damage and slowing the unit.

- Mana cost: 80
- Cooldown: 4
- Pierces spell immunity: No
- Search Radius: 375
- Duration: 16
- Movement Slow: 100%
- Activation Delay: 1.5
- Damage: 100/170/240/310
- Wraith Speed: 550
- Slow Duration: 0.7/0.8/0.9/1
- Think Interval: 0.2
- Wraith Vision Radius: 300
- Wraith Vision Duration: 3.34
- Maximum Targets: 1
- Cast Range: 2000
- Cast Time: 0.3

_Lesser fragments of Zet's original self._

### Runic Infusion

Arc Warden's ability **Runic Infusion**, type Passive, targeting Passive, Hidden, innate.

Runes of Power fuse to the Self. Arc Warden gains +1.5 all attributes permanently whenever Arc Warden or the Tempest Double activates a Power Rune.

- Water Bounty Rune Duration Pct: 67
- Bonus Stacks Per Rune Pickup: 1
- All Attribute Bonus Per Stack: 1.5

### Tempest Double

Arc Warden's ability **Tempest Double**, type Active, targeting Point Target.

Briefly refocusing its fractured elements into a single form, the Arc Warden is able to create a perfect electrical duplication of itself. The duplicate can use all of Arc Warden's current items and spells, except most consumables and items that drop on death. The duplicate has separate item and ability cooldowns.

The Tempest Double loses its sense of self and fractures over time, becoming slower and less accurate.

- Cooldown: 60/55/50
- Cast Range: 700
- Bounty: 180/240/300
- Bounty: 70
- Bounty Xp: 70
- Duration: 18/21/24
- Max Miss Chance: 35%
- Max Self Slow: 35%
- Has Debuff: 1
- Cast Time: 0.15

_Warped by the power of its peers, Arc Warden becomes what it despises most: disharmony._

## Lore

Before the beginning of all, there existed a presence: a primordial mind, infinite, awesome, and set to inscrutable purpose. As the universe thundered into being, this mind was fragmented and scattered. Two among its greater fragments--who would come to be named Radiant and Dire--found themselves locked in vicious opposition, and began twisting all of creation to serve their conflict. As war and cataclysm threatened the nascent cosmos, the will of a third fragment made itself known. Naming itself Zet, this intellect sought to resolve the disharmony and return all to perfect unity. Appalled by its kin's conflicting nature, Zet gathered the sum of its power. In a sudden flash, it overwhelmed its siblings, and fused the warring aspects into a stellar sphere before hurling them into the darkness to orbit a nondescript world. Harmony was restored, though only the barest fraction of Zet's strength remained. Setting its gaze on the prison, Zet chose to use its weakened power to serve as watchful warden until time's end. For uncounted aeons, this vigil stood. Life flourished upon the world below, oblivious to the dangers imprisoned within the softly glowing moon, or of Zet's struggles to contain them. As the captives' eternal clash reverberated within, the surface of the prison shuddered, over time beginning to crack. Ultimately, Zet's depleted power proved insufficient to contain the breach, and at last the moon was shattered. The prison's ancient inhabitants had escaped to sow their conflict anew. Flung to the farthest reaches by the prison's explosion, Zet was transformed by the dissonant energies of its former captives. No longer of single form and thought, its presence had become split among many--some lesser, some greater--each connected by a fleeting arc of consciousness. Struggling to suppress its own disunity, Zet sped toward the burgeoning conflict of its siblings, bending its fractured wills toward a singular conclusion: the aspects of the primordial mind must be made to reunite, or all must be destroyed lest the conflict spread further...","",113,"","",1,0,"",1,"en",0,,,,,""
"hero_master",,"winter-wyvern",1,"2026-07-29","hero_master","Winter Wyvern","# Winter Wyvern

Winter Wyvern is an Intelligence hero with a ranged attack. Primary attribute: Intelligence. Attack type: Ranged. Roles: Support, Disabler, Nuker.

## Roles

- **Support** — protects allies, buys utility items and controls vision
- **Disabler** — has stuns, silences or other crowd control
- **Nuker** — deals large burst spell damage

## Base stats

- Primary attribute: Intelligence
- Attack type: Ranged
- Base Strength 22 (+2.5 per level)
- Base Agility 16 (+1.7 per level)
- Base Intelligence 26 (+3.6 per level)
- Health regen 0.25
- Mana regen 0.5
- Base armor 1
- Base damage 16-23
- Attack range 450
- Base attack time 100
- Attack point 0.25
- Projectile speed 700
- Move speed 285
- Vision 1800 day / 1200 night

## Popularity

- Public games picked 160,695 times, won 78,574 (48.9% win rate)
- Professional games: 8 picks, 3 bans, 25.0% win rate

## Abilities

Winter Wyvern has 5 abilities: Arctic Burn, Splinter Blast, Cold Embrace, Eldwurm's Edda, Winter's Curse.

### Arctic Burn

Winter Wyvern's ability **Arctic Burn**, type Active, targeting No Target, Instant Cast, Magical damage.

Winter Wyvern soars upon an arctic wind, granting her unobstructed movement and allowing her to exhale a blistering chill into each attack. While soaring, her attacks travel further and faster, and slow enemies with a magical freeze that strips them of 4% of their current health each second.

- Mana cost: 100
- Cooldown: 26/24/22/20
- Pierces spell immunity: No
- Dispellable: No
- Flight Duration: 7/8/9/10
- Bonus Attack Range: 250/275/300/325
- Health Burn: 4%/6%/8%/10%
- Tick Rate: 0.5
- Burn Duration: 3
- Movement Slow: 15%/20%/25%/30%
- Projectile Speed Bonus: 500
- Tree Destruction Radius: 175
- Attack Point: 0.1
- Max Attacks: 5

_The same organ where some dragons stoke their inner flame is, in Auroth, a crucible of unimaginable cold. From deep within her frosty gullet, an exhalation sends enemies into burning agony._

### Splinter Blast

Winter Wyvern's ability **Splinter Blast**, type Active, targeting Unit Target, AOE, Magical damage.

Launches a ball of brittle ice toward a unit. The ice shatters on impact, leaving the primary target completely unaffected, while hurling damaging splinters into nearby enemies in a 500 base radius. Enemies struck by these splinters are slowed by 27%.

- Mana cost: 105/115/125/135
- Cooldown: 6
- Pierces spell immunity: No
- Dispellable: Yes
- Projectile Speed: 1200
- Projectile Max Time: 1
- Shatter Radius: 500
- Bonus Movespeed: -27/-30/-33/-36
- Movement Slow: 27%/30%/33%/36%
- Slow Duration: 4
- Secondary Projectile Speed: 1000
- Damage: 80/160/240/320
- Cast Range: 1150
- Cast Time: 0.3

_Produced slowly by specialized vesicles in her frozen gullet, Winter Wyvern blast shards of ice at her enemies._

### Cold Embrace

Winter Wyvern's ability **Cold Embrace**, type Active, targeting Unit Target.

Encases an ally in an icy cocoon, freezing them solid while healing a base amount as well as a percentage of their maximum health each second. The cocoon blocks all physical damage.

- Mana cost: 50/60/70/80
- Cooldown: 24/21/18/15
- Pierces spell immunity: Yes
- Dispellable: No
- Duration: 4
- Base Heal Per Second: 40/45/50/55
- Max Hp Heal Per Second: 2.25%/3%/3.75%/4.5%
- Tick Interval: 0.25
- Cast Range: 850/900/950/1000
- Cast Time: 0.3

_From winter's heart comes a cold, healing embrace. The ice slows the blood and allows the spell to better work its curative magic._

### Eldwurm's Edda

Winter Wyvern's ability **Eldwurm's Edda**, type Passive, targeting Passive, Hidden, innate.

- Tooltip Seconds: 420
- Tooltip Int Pct: 25

### Winter's Curse

Winter Wyvern's ability **Winter's Curse**, type Active, targeting Unit Target, AOE.

Winter Wyvern dispells then freezes an enemy in place while striking those nearby with a maddening curse which causes them to attack their frozen ally with increased attack speed. The frozen ally and those cursed to attack their ally are immune to all damage from their enemies with the exception of damage from Winter Wyvern or her controlled units. Enemy heroes which enter the cursed area after the cast add to the duration of the curse.

- Mana cost: 150/200/250
- Cooldown: 100/90/80
- Pierces spell immunity: Yes
- Radius: 525
- Damage Reduction: 100%
- Attack Speed: 50/65/80
- Minimum Duration: 2
- Maximum Duration: 6
- Bonus Duration Per Hero: 1.5
- Bonus Duration Per Creep: 0.5
- Cast Range: 800
- Cast Time: 0.3

_The oldest of the bookwurm's spells, this curse lends truth to the old saw: sometimes the enemy of my enemy is my enemy still._

## Lore

Like many great poets, Auroth just wants time to write, but the Winter Wyvern's life is full of interruptions. The epics of the Eldwurms have a long and colorful history, but some fear that the remaining dragon scholars are not as prolific as they once were, with few lines added to the Eldwurm Eddas since the last age of greatness. Auroth laments: 'We forget that there is more to life than triumph and dominion over enemies. We must also live our lives in the pursuit of creative expression.' She embarks on research expeditions, collecting books for inspiration. But all this research can be terribly distracting, and she spends less time writing than she should. Although she knows she should be lurking in her lair, adding to the Eddas, she finds herself engaged in epic battles against powerful enemies. She loots castles, raids ancient libraries ... and if she happens to heap glory on herself in the process, she tells herself that it's merely a side effect of her research. The fact is, while her skill and power on the battlefield are legendary, her scholarly travails have thus far hardly been the stuff of literary acclaim. But she is not content to stand as a protagonist of heroic lore. She wishes also to create it.","",112,"","",1,0,"",1,"en",0,,,,,""
"hero_master",,"oracle",1,"2026-07-29","hero_master","Oracle","# Oracle

Oracle is an Intelligence hero with a ranged attack. Primary attribute: Intelligence. Attack type: Ranged. Roles: Support, Nuker, Disabler, Escape.

## Roles

- **Support** — protects allies, buys utility items and controls vision
- **Nuker** — deals large burst spell damage
- **Disabler** — has stuns, silences or other crowd control
- **Escape** — has mobility to leave dangerous situations

## Base stats

- Primary attribute: Intelligence
- Attack type: Ranged
- Base Strength 20 (+2.2 per level)
- Base Agility 15 (+1.7 per level)
- Base Intelligence 26 (+3.6 per level)
- Health regen 0.25
- Mana regen 0.5
- Base armor 1
- Base damage 13-19
- Attack range 625
- Base attack time 100
- Attack point 0.3
- Projectile speed 900
- Move speed 295
- Turn rate 0.7
- Vision 1800 day / 800 night

## Popularity

- Public games picked 156,462 times, won 76,529 (48.9% win rate)
- Professional games: 1 picks, 0 bans, 0.0% win rate

## Abilities

Oracle has 7 abilities: Fortune's End, Fate's Edict, Purifying Flames, Rain of Destiny, Diviner's Deck, False Promise, Prognosticate.

### Fortune's End

Oracle's ability **Fortune's End**, type Active, targeting Unit Target, AOE, Channeled, Magical damage.

CHANNELED - Gathers Oracle's power into a bolt of scouring energy that, when released, damages, roots, and dispels enemies of buffs in an area around the target. If target is an ally it will only dispel debuffs. The root duration increases with channeling time.

DISPEL TYPE: Basic Dispel

- Mana cost: 80
- Cooldown: 18/14/10/6
- Pierces spell immunity: No
- Dispellable: Yes
- Max Channel Time: 2.5
- Damage: 100/160/220/280
- Bolt Speed: 1200
- Min Root Duration: 0.75
- Max Root Duration: 2.75
- Radius: 350
- Cast Range: 850

_The astral orb crackles with power while raw energy lances out, temporarily disrupting an enemy's connection to their own body._

### Fate's Edict

Oracle's ability **Fate's Edict**, type Active, targeting Unit Target.

Oracle enraptures a target, disarming them and granting them 100% magic damage resistance.

- Mana cost: 70
- Cooldown: 17/14/11/8
- Pierces spell immunity: No
- Dispellable: Yes
- Duration: 3.5/4/4.5/5
- Magic Damage Resistance Pct Tooltip: 100
- Cast Range: 700
- Cast Time: 0.3

_An unbreakable prophecy resounds: a chosen ally shall briefly suffer no magics.  Other kinds of suffering however..._

### Purifying Flames

Oracle's ability **Purifying Flames**, type Active, targeting Unit Target, Magical damage.

Burns away impurities, dealing heavy magic damage to the target before causing them to regenerate health over time. The amount of health regenerated over its duration exceeds the amount of initial damage. Can be cast on enemies and allies.

- Mana cost: 75
- Cooldown: 2.5
- Pierces spell immunity: No
- Dispellable: Yes
- Damage: 90/180/270/360
- Heal Per Second: 15/25/35/45
- Total Heal: 150/250/350/450
- Duration: 10
- Tick Rate: 0.1
- Damage Modifier: 1
- Cast Range: 850
- Cast Time: 0.1

_Like a hall of mirrors might amplify the light of a single candle, the shattered walls of the universe can transform the light of prophecy into a burning torch._

### Rain of Destiny

Oracle's ability **Rain of Destiny**, type Active, targeting Point Target, AOE, Magical damage.

Brings forth rain to the target area. Enemies standing in the area receive damage and have reduced Heal Amplification. Allies in the area heal and have increased incoming Heal Amplification.

- Mana cost: 150
- Cooldown: 40
- Pierces spell immunity: No
- Radius: 650
- Duration: 10
- Damage/Heal Per Second: 30
- Tick Rate: 1
- Heal Amplification: 15%
- Cast Range: 650
- Cast Time: 0.2

_Through mixture of the astral and the atmospheric, Nerif bends a single reality into paradoxical alignment._

### Diviner's Deck

Oracle's ability **Diviner's Deck**, type Passive, targeting Passive.

- Dispellable: No
- Duration: 90
- Spell Amplification: 40
- Gold Bonus Pct: 100
- Int Bonus Pct: 150
- Heal Amplification: 40
- Barrier Amount: 400
- Barrier Restore Time: 7

### False Promise

Oracle's ability **False Promise**, type Active, targeting Unit Target.

Temporarily alters an ally's destiny, delaying any healing or damage taken until False Promise ends. Any healing that is delayed by False Promise is amplified. Removes most negative status effects and disables on initial cast.

DISPEL TYPE: Strong Dispel

- Mana cost: 100/150/200
- Cooldown: 110/85/60
- Pierces spell immunity: Yes
- Dispellable: No
- Duration: 7/8.5/10
- Radius: 400
- Delayed Heal Amplification: 100%
- Cast Range: 700/800/900
- Cast Time: 0.3

_Foes and false prophets oft make lies of men's fates._

### Prognosticate

Oracle's ability **Prognosticate**, type Passive, targeting Passive, innate.

## Lore

Ascendants to the Great Seat of Cymurri had for ages imported their Oracles exclusively from the Ivory Incubarium, high in the hollow peaks of the Zealot's Range, with a downpayment made at the time of the embryo's conception and the balance surrendered on delivery of a mature, well-trained prophet to the Gate of the Graven King. Raised by same Pallid Sybils who bred and birthed them, all sanctioned Oracles were anchored by their physical form to the world we most of us share; meanwhile, their souls roamed far afield, barely bound by the airiest astral umbilicus. From such cosmic roamings the prophets would return, speaking words of fire with tongues of flesh. Their mystic utterances were analyzed by the Cymurri Advisors, who found in them visions of the future, diplomatic advice, all the supernatural ammunition the line of Graven Kings needed to secure victory in every campaign, whether in the court or on the battlefield. Thus it went for generations, the Graventome's pages filling with the names of triumphant kings and the new domains they had acquired. So it went, that is, until the particular Oracle named Nerif arrived to serve the very last of the stone-helmed kings. From the first, Nerif's prophecies were unusual. They seemed not merely to portend the future, but to shape it. The weird soothsayer croaked out advice no one had requested, and suddenly the Cymurri found themselves immersed in conflicts with newfound enemies. The Advisors, sensing a threat to their power, were quick to pin these unwelcome developments on the latest Oracle. They demanded his removal, petitioning the Sybils to reclaim their defective prophet and replace him with a worthy substitute. But Nerif described an ominous dream of the Incubarium's destruction, and within hours came news of the ancient school's destruction in a catastrophic avalanche. Fearing the same fate as the Pallid Sybils, the Advisors withdrew to their counsel chambers, suddenly anxious to avoid the Oracle's notice. The Graven King, however, was a creature of great practicality. He doubted the commitment of his overprudent Advisors. An Oracle of such rarity, he reasoned, ought be used as a weapon to enlarge his domain. He therefore demoted his timid counselors and stationed Nerif at his side. With only a blunt understanding of Nerif's talent, he boldly stated the outcomes he desired, and coaxed Nerif into uttering his wishes as prophecy. At first, all was well. The Last Graven King boasted that by adopting Fate's pet, he had made a plaything of Fate itself. He should have taken it as a warning then when, on the eve of his invasion of the Unsated Satrap's realm, he attempted to coerce a prediction of certain victory from his Oracle, only to hear Nerif quietly mutter, 'It could go either way.' No firmer statement could he force from Nerif's lips. Still, the King was confident in his army. The Satrapy was landlocked, poorly armed, and shut off from all possible allies. He took 'It could go either way' to indicate that with tactical might on his side, there was little risk in his plan. Of course, we now know that he should have taken the sayer's words more literally. Even with careful study of the Annotated Annals of If, what happened on the field before the Unsated Satrap's palace is almost impossible to visualize. It appears that in the midst of the carnage, the battle began to bifurcate. At each pivotal moment, reality calved and broke into bits. Soldiers who staggered and fell in battle also stood sure-footed, forging onward to fight. Their minds also split; the warriors found themselves both dead and alive, existent and non-existent. Victory and defeat were partitioned, so that each separate outcome was experienced in simultaneity by both armies. The universe became a hall of mirrors, with all the mirrors endlessly shattering. The immediate effect on both parties was insanity. Unable to comprehend the state of being both triumphant and defeated, the Graven King's mind dispersed into motes of madness. The naive Satrap fared no better. The opposing paired realities continued to split and split again, echoing into infinite histories, all of them populated by a bewildered populace that soon lost the ability to feed, clothe, defend, or reproduce itself in the traditional manner. Long before the repercussions had played out, however, Cymurri's wary Advisors had seized Nerif, bound and gagged him, and launched him out of their universe at high speed on a dimensional barque, in the hopes of depositing him where he could do them no harm forever. It was, of course, too late for them. And may well be for us.","",111,"","",1,0,"",1,"en",0,,,,,""
"hero_master",,"phoenix",1,"2026-07-29","hero_master","Phoenix","# Phoenix

Phoenix is a Strength hero with a ranged attack. Primary attribute: Strength. Attack type: Ranged. Roles: Support, Nuker, Initiator, Escape, Disabler.

## Roles

- **Support** — protects allies, buys utility items and controls vision
- **Nuker** — deals large burst spell damage
- **Initiator** — starts team fights on favourable terms
- **Escape** — has mobility to leave dangerous situations
- **Disabler** — has stuns, silences or other crowd control

## Base stats

- Primary attribute: Strength
- Attack type: Ranged
- Base Strength 23 (+3.3 per level)
- Base Agility 12 (+1.5 per level)
- Base Intelligence 16 (+1.8 per level)
- Health regen 2
- Mana regen 0
- Base armor -1
- Base damage 21-31
- Attack range 525
- Base attack time 100
- Attack point 0.35
- Projectile speed 1100
- Move speed 280
- Turn rate 0.9
- Vision 1800 day / 800 night

## Popularity

- Public games picked 193,303 times, won 97,727 (50.6% win rate)
- Professional games: 4 picks, 4 bans, 50.0% win rate

## Abilities

Phoenix has 9 abilities: Icarus Dive, Fire Spirits, Sun Ray, Toggle Movement, Dying Light, Supernova, Launch Fire Spirit, Stop Icarus Dive, Stop Sun Ray.

### Icarus Dive

Phoenix's ability **Icarus Dive**, type Active, targeting Point Target, Magical damage.

Phoenix dives forward in an arc with a fixed distance in the targeted direction, dealing damage over time and slowing the movement speed of any units it comes into contact with, and then orbiting back to its original position. If Phoenix casts Supernova, the dive ends.

- Mana cost: 0
- Cooldown: 40/35/30/25
- Pierces spell immunity: No
- Dispellable: Yes
- Hp Cost: 15%
- Dive Length: 1100/1200/1300/1400
- Dash Width: 500
- Hit Radius: 200
- Burn Duration: 4
- Damage Per Second: 20/40/60/80
- Burn Tick Interval: 0.2
- Move Slow: 10%/15%/20%/25%
- Dive Duration: 2
- Cast Time: 0.2

_Though no stranger to travelling the cosmic void, soaring within an atmosphere offers unique pleasures._

### Fire Spirits

Phoenix's ability **Fire Spirits**, type Active, targeting No Target, Instant Cast, Magical damage.

Summons 4 fire spirits that circle around Phoenix. Each spirit can be launched independently at a targeted area of effect. Affected enemy units take damage over time and have their attack speed greatly reduced.

- Mana cost: 100
- Cooldown: 50/40/30/20
- Pierces spell immunity: No
- Dispellable: Yes
- Hp Cost: 20%
- Spirit Duration: 20
- Spirit Speed: 1000
- Radius: 200
- Burn Duration: 4
- Attack Speed Slow: -35/-70/-105/-140
- Damage Per Second: 20/40/60/80
- Spirit Count: 5
- Tick Interval: 0.2
- Cast Range: 1400

_The ever-collapsing core of Phoenix often emits short-lived bursts of conscious light._

### Sun Ray

Phoenix's ability **Sun Ray**, type Active, targeting Point Target, Magical damage.

Phoenix expels a beam of light at the cost of its own health. The beam damages enemies and heals allies for a base amount plus a percentage of their max health. The percentage increases as the beam continues to fire.

- Mana cost: 100/110/120/130
- Cooldown: 30
- Pierces spell immunity: No
- Dispellable: No
- Health Cost Per Second: 5%
- Base Damage Per Second: 15/20/25/30
- Max Health As Damage: 1.5%/3%/4.5%/6%
- Base Heal Per Second: 7/10/13/16
- Max Health As Heal: 0.4%/0.8%/1.2%/1.6%
- Radius: 130
- Tick Interval: 0.2
- Forward Move Speed: 250
- Turn Rate Initial: 250
- Turn Rate: 25
- Cast Range: 1200
- Max Duration: 6
- Cast Time: 0.01

_The vent through which such stellar energy flows is mere atoms wide._

### Toggle Movement

Phoenix's ability **Toggle Movement**, type Active, targeting No Target, Instant Cast.

Toggles slow forward movement during Sun Ray firing.

_SQAWRK!_

### Dying Light

Phoenix's ability **Dying Light**, type Passive, targeting Passive, Hidden, innate.

Phoenix deals 3.5% of its missing health as magic damage to all enemies in a 400 radius every second.

- Dispellable: No
- Radius: 400
- Damage Pct: 3.5
- Tick Interval: 0.2

### Supernova

Phoenix's ability **Supernova**, type Active, targeting No Target, Magical damage.

The Phoenix willingly ends its current life for the chance to be reborn. Transforms into a burning sun that scorches enemies in a huge area. The sun can be destroyed by attacks from enemy Heroes. After 6 seconds the sun explodes, stunning all nearby enemies while restoring Phoenix to full health and mana with refreshed abilities.

DISPEL TYPE: Strong Dispel

- Mana cost: 150/200/250
- Cooldown: 120
- Pierces spell immunity: Yes
- Dispellable: No
- Radius: 1200
- Damage Per Second: 50/80/110
- Tick Interval: 0.2
- Stun Duration: 1.6/2/2.4
- Attacks To Destroy: 6/8/10
- Cast Range: 450
- Duration: 6
- Cast Time: 0.01

_The solar crucible of a Supernova may be fatal, yet from its flames arise new beacons to wander infinity._

### Launch Fire Spirit

Phoenix's ability **Launch Fire Spirit**, type Active, targeting Point Target, AOE, Hidden, Magical damage.

Each fire spirit can be launched independently at a targeted area of effect. Affected enemy units take damage over time and have their attack speed greatly reduced.

- Mana cost: 0
- Cooldown: 0
- Pierces spell immunity: No
- Hp Cost: 20%
- Spirit Duration: 20
- Spirit Speed: 1000
- Radius: 200
- Burn Duration: 4
- Attack Speed Slow: -35/-70/-105/-140
- Damage Per Second: 20/40/60/80
- Spirit Count: 5
- Tick Interval: 0.2
- Cast Range: 1400

_PKAWW! BOOM_

### Stop Icarus Dive

Phoenix's ability **Stop Icarus Dive**, type Active, targeting Instant Cast, No Target, Hidden.

Immediately cancels the dive.

_SCREE!_

### Stop Sun Ray

Phoenix's ability **Stop Sun Ray**, type Active, targeting No Target, Hidden, Instant Cast.

Immediately stops the Sun Ray.

_CHIRP!_

## Lore

Alone across an untouched darkness gleamed the Keeper's first sun, a singular point of conscious light fated to spread warmth into the empty void. Through aeons beyond count, this blinding beacon set to coalescing its incalculable energy before bursting forth the cataclysmic flare of supernova. From this inferno raced new beacons, star progeny identical to its parent, who journeyed an unlit ocean and settled in constellatory array. In time, they too would be made to propagate through supernova flame. So would this dazzling cycle of birth and rebirth repeat until all skies hewn of Titan toil deigned to twinkle and shine. By this ageless crucible the star that mortals would come to call Phoenix collapsed into being, and like its ancestors was thrust into an endless cosmos to find a place among its stellar brethren. Yet curiosity toward that which the dimming elders comfort in the darkness consumed the fledgling, and so over long cycles it inquired and studied. It learned that among worlds both whole and broken would soon stir a nexus of remarkable variety locked in an enduring conflict of cosmic consequence, a plane which would find itself in need of more influence than a dying sun's distant rays could provide. Thus this infant son of suns took terrestrial form, eagerly travelling to shine its warmth upon those who may need it most, and perhaps seize upon its solar destiny.","",110,"","",1,0,"",1,"en",0,,,,,""
"hero_master",,"terrorblade",1,"2026-07-29","hero_master","Terrorblade","# Terrorblade

Terrorblade is an Agility hero with a melee attack. Primary attribute: Agility. Attack type: Melee. Roles: Carry, Pusher, Nuker.

## Roles

- **Carry** — scales with items and becomes the main damage dealer late game
- **Pusher** — pressures and destroys enemy towers quickly
- **Nuker** — deals large burst spell damage

## Base stats

- Primary attribute: Agility
- Attack type: Melee
- Base Strength 18 (+2 per level)
- Base Agility 23 (+4 per level)
- Base Intelligence 19 (+1.6 per level)
- Health regen 0.5
- Mana regen 0
- Base armor 6
- Base damage 26-32
- Attack range 150
- Base attack time 110
- Attack point 0.3
- Projectile speed 900
- Move speed 315
- Turn rate 0.8
- Vision 1800 day / 800 night

## Popularity

- Public games picked 117,995 times, won 55,550 (47.1% win rate)
- Professional games: 6 picks, 17 bans, 66.7% win rate

## Abilities

Terrorblade has 7 abilities: Reflection, Conjure Image, Metamorphosis, Demon Zeal, Terror Wave, Sunder, Dark Unity.

### Reflection

Terrorblade's ability **Reflection**, type Active, targeting Point Target, AOE.

Terrorblade brings forth an invulnerable dark reflection of all enemy heroes in a target area. Affected enemy heroes have movement and attack speeds slowed and attacked by their reflection.

- Mana cost: 60/65/70/75
- Cooldown: 23/20/17/14
- Pierces spell immunity: No
- Dispellable: Yes
- Reflection Duration: 5
- Illusion Outgoing Damage: -70/-55/-40/-25
- Reflection Damage: 30%/45%/60%/75%
- Movement Slow: 15%/20%/25%/30%
- Attack Speed Slow: 15/20/25/30
- Radius: 400
- Cast Range: 700
- Cast Time: 0.3

_In the fractal prison of Foulfell, Terrorblade learned the truth of this old tale: you are your own worst enemy.  Now it is a lesson he teaches others._

### Conjure Image

Terrorblade's ability **Conjure Image**, type Active, targeting No Target.

Creates an illusion of Terrorblade that deals damage.

- Mana cost: 50/60/70/80
- Cooldown: 16
- Illusion Duration: 34
- Illusion Outgoing Damage: -75/-70/-65/-60
- Illusion Damage: 25%/30%/35%/40%
- Illusion Incoming Damage: 150
- Illusion Damage Taken: 250%
- Show Particle Effect: 1
- Appear As Illusion: 1
- Cast Time: 0.15

_There's only one thing more dangerous than facing Terrorblade.  Facing MORE Terrorblades!_

### Metamorphosis

Terrorblade's ability **Metamorphosis**, type Active, targeting No Target, Instant Cast, Physical damage.

Terrorblade transforms into a powerful demon with a ranged attack. Any of Terrorblade's illusions that are within 1200 range will also be transformed by Metamorphosis.

- Mana cost: 100
- Cooldown: 145/140/135/130
- Dispellable: No
- Duration: 35/40/45/50
- Transformation Time: 0.35
- Base Attack Time: 1.5
- Bonus Range: 300/350/400/450
- Attack Range: 450/500/550/600
- Bonus Damage: 20/40/60/80
- Illusion Aura Radius: 1200

_Temper, temper. The rage rises up and takes control.  Meet Terrorblade's own worst self._

### Demon Zeal

Terrorblade's ability **Demon Zeal**, type Active, targeting No Target, Hidden.

Costs part of Terrorblade's current HP to cast, providing Terrorblade and nearby illusions bonus movement, HP Regen and attack speed. Does not affect Reflection illusions. Can't be cast while in Metamorphosis and Metamorphosis will remove Demon Zeal.

- Mana cost: 0
- Cooldown: 45
- Dispellable: No
- Bonus Attack Speed: 100
- Bonus Movement Speed: 60
- Duration: 25
- Bonus Health Regen: 20
- Radius: 1200
- Current Health Cost: 20%
- Cast Time: 0.2

_Fear is fueled by confusion when Terrorblade's enemies see that the first cut he makes is one to embolden himself._

### Terror Wave

Terrorblade's ability **Terror Wave**, type Active, targeting No Target, Instant Cast, Magical damage.

Causes a wave to travel outwards in all directions forcing enemy heroes to become Feared upon impact and dealing damage, and grants Terrorblade Metamorphosis for a short time.

- Mana cost: 75
- Cooldown: 90
- Dispellable: Yes
- Fear Duration: 2
- Radius: 1600
- Damage: 200
- Scepter Speed: 1000
- Scepter Spawn Delay: 0.6
- Metamorphosis Duration: 15

_A shockwave of power strong enough to break the walls of Foulfell itself._

### Sunder

Terrorblade's ability **Sunder**, type Active, targeting Unit Target.

Severs the life from both Terrorblade and a target hero, exchanging a percentage of both units' current health. Some health points must remain.

- Mana cost: 100/75/50
- Cooldown: 110/75/40
- Pierces spell immunity: No
- Minimum Hp Swap: 35%/30%/25%
- Ignore Minimum Pct For Enemies Tooltip: 1
- Cast Range: 475
- Cast Time: 0.35

_You didn't need that life, did you?  The demon marauder steals that which you hold most dear._

### Dark Unity

Terrorblade's ability **Dark Unity**, type Passive, targeting Passive, innate.

Nearby Illusions created by Terrorblade have bonus attack damage.

- Radius: 1200
- Damage Bonus: 60%

## Lore

Terrorblade is the demon marauder--an outlaw hellion whom even other demons fear. A cosmic iconoclast, he stole from the Demon Lords, ignored the codified rites that should have bound his behavior, and broke every law of the seven Infernal Regions. For his crimes, he was taught this lesson: even Hell has a hell. A short, brutal trial ensued, with many dead on all sides, and he was finally incarcerated in Foulfell, a hidden dimension where demonkind imprison their own. But Foulfell is no normal prison. In this dark mirror of reality, demons are sentenced to gaze eternally into the twisted reflection of their own souls. But instead of suffering, Terrorblade made himself master of his own reflected worst self--a raging, thieving demon of unimaginable power. With his inner beast under sway, he destroyed the fractal prison walls and burst free to turn his terror loose upon all creation.","",109,"","",1,0,"",1,"en",0,,,,,""
"hero_master",,"abyssal-underlord",1,"2026-07-29","hero_master","Underlord","# Underlord

Underlord is a Strength hero with a melee attack. Primary attribute: Strength. Attack type: Melee. Roles: Support, Nuker, Disabler, Durable, Escape.

## Roles

- **Support** — protects allies, buys utility items and controls vision
- **Nuker** — deals large burst spell damage
- **Disabler** — has stuns, silences or other crowd control
- **Durable** — survives extended fights, high effective health
- **Escape** — has mobility to leave dangerous situations

## Base stats

- Primary attribute: Strength
- Attack type: Melee
- Base Strength 25 (+3.2 per level)
- Base Agility 12 (+1.6 per level)
- Base Intelligence 18 (+2.3 per level)
- Health regen 0.25
- Mana regen 0
- Base armor 3
- Base damage 37-43
- Attack range 200
- Base attack time 100
- Attack point 0.45
- Projectile speed 900
- Move speed 290
- Vision 1800 day / 800 night

## Popularity

- Public games picked 239,643 times, won 119,807 (50.0% win rate)
- Professional games: 12 picks, 11 bans, 25.0% win rate

## Abilities

Underlord has 5 abilities: Firestorm, Pit of Malice, Atrophy Aura, Invading Force, Fiend's Gate.

### Firestorm

Underlord's ability **Firestorm**, type Active, targeting Point Target, AOE, Magical damage.

Calls down waves of fire that damage enemy units in the target area, burning for additional damage over time.

- Mana cost: 110/125/140/155
- Cooldown: 16/15/14/13
- Pierces spell immunity: No
- Dispellable: Yes
- Radius: 425
- Wave Duration: 7
- Wave Count: 6
- Wave Damage: 30/55/80/105
- Wave Interval: 1
- Max Hp Burn Damage: 1.5%/2%/2.5%/3%
- Burn Interval: 1
- Burn Duration: 2
- Cast Range: 675
- Cast Time: 0.5

_The flames of conquest blaze forth from the darkest depths of the abyss._

### Pit of Malice

Underlord's ability **Pit of Malice**, type Active, targeting Point Target, AOE, Magical damage.

A deadly pit is conjured at the target location; any unit that enters will be damaged and rooted. Each enemy unit within the pit are affected by the root only every 3.6 seconds.

- Mana cost: 110/120/130/140
- Cooldown: 30/25/20/15
- Pierces spell immunity: No
- Dispellable: Yes
- Radius: 400
- Pit Duration: 12
- Disable Interval: 3.6
- Ensnare Damage: 20/30/40/50
- Disable Duration: 1.5/1.6/1.7/1.8
- Cast Range: 675
- Cast Time: 0.25

_Twisting into the seams of reality itself, Vrogros' manifest hatred paralyzes those who defy his will._

### Atrophy Aura

Underlord's ability **Atrophy Aura**, type Passive, targeting Passive, Physical damage.

Nearby enemy units are weakened, losing a portion of their base damage. If an enemy dies while under this effect, Underlord gains temporary bonus damage.

- Dispellable: No
- Radius: 900
- Damage Reduction: 8%/16%/24%/32%
- Bonus Damage (Creep): 2/4/6/8
- Bonus Damage (Hero): 30/35/40/45
- Duration: 30/40/50/60

_To merely stand in the presence of the Underlord is to feel the conviction of battle sapped from one's soul._

### Invading Force

Underlord's ability **Invading Force**, type Passive, targeting Passive, Hidden, innate.

After an allied hero Teleports, they temporarily gain Damage Reduction and Movement Speed. Allies receive 2x bonuses if teleporting via Fiend's Gate.

- Damage Reduction: 3.7%
- Movespeed: 9.5%
- Dark Portal Multiplier: 2
- Buff Duration: 5

### Fiend's Gate

Underlord's ability **Fiend's Gate**, type Active, targeting Point Target.

Opens 2 portals, one next to Underlord and one in the target location. Heroes can channel a portal for 3.5 seconds to teleport to the other side. Portals have to be at least 1500 away from each other.

- Mana cost: 175
- Cooldown: 110/105/100
- Dispellable: Yes
- Duration: 20
- Minimum Distance: 1500
- Warp Channel Duration: 3.5
- Distance From Fountain: 1425
- Hull Radius: 8
- Gold Bounty: 20/30/40
- Xp Bounty: 20/30/40

_They come without warning, leaving fire and blood where kingdoms once flourished._

## Lore

Neither myth nor song exist to tell of their coming. Deep below the surface of the world lay unknown wonders and horrors. Down and down again, well beneath the slithering magma fields and simmering roots of dormant volcanoes stands the obsidian city of Aziyog, its incomparable stonework spanning an endless cavern. Within honeycomb walls mortared with the bones of countless slaves lies the domain of the Abyssal Horde, and their brutal underlord Vrogros. Armed by the monstrous forgemasters of his kind and well-practiced in the arts of the Dark Rift, Vrogros is able to conjure forth flame and crippling malice through the twist between worlds. He seeks always to expand his holdings, destroying or enslaving all he encounters. Yet the lands offered by the subterranean realm are few, and so his sights have turned upward. By his command the first waves of abyssal invaders have already marched through the rift, a few doomed legions meant merely to test the might of nations above. Now, as his full force readies itself for unending conquest, Vrogros himself steps into a sunlit world to announce his coming reign. Those who face the Underlord will bow and pay tribute, or be crushed where they stand.","",108,"","",1,0,"",1,"en",0,,,,,""
"hero_master",,"earth-spirit",1,"2026-07-29","hero_master","Earth Spirit","# Earth Spirit

Earth Spirit is a Strength hero with a melee attack. Primary attribute: Strength. Attack type: Melee. Roles: Nuker, Escape, Disabler, Initiator, Durable.

## Roles

- **Nuker** — deals large burst spell damage
- **Escape** — has mobility to leave dangerous situations
- **Disabler** — has stuns, silences or other crowd control
- **Initiator** — starts team fights on favourable terms
- **Durable** — survives extended fights, high effective health

## Base stats

- Primary attribute: Strength
- Attack type: Melee
- Base Strength 22 (+3.8 per level)
- Base Agility 17 (+2.4 per level)
- Base Intelligence 18 (+2.1 per level)
- Health regen 1
- Mana regen 0
- Base armor 0
- Base damage 25-29
- Attack range 150
- Base attack time 100
- Attack point 0.35
- Projectile speed 900
- Move speed 290
- Vision 1800 day / 800 night

## Popularity

- Public games picked 175,456 times, won 87,972 (50.1% win rate)
- Professional games: 17 picks, 23 bans, 35.3% win rate

## Abilities

Earth Spirit has 6 abilities: Boulder Smash, Rolling Boulder, Geomagnetic Grip, Stone Remnant, Enchant Remnant, Magnetize.

### Boulder Smash

Earth Spirit's ability **Boulder Smash**, type Active, targeting Point Target, Unit Target, Magical damage.

Earth Spirit smashes the target enemy or ally, sending them in the direction he is facing. If Earth Spirit targets an area, he will smash the nearest unit in a 200 radius, prioritizing Stone Remnants. The travelling unit or Remnant damages all enemy units it hits. If an enemy is hit by a Stone Remnant, they are also slowed. Stone Remnants travel further than other units.

- Mana cost: 100
- Cooldown: 20/17/14/11
- Pierces spell immunity: No
- Dispellable: Yes
- Radius: 180
- Remnant Smash Radius: 200
- Damage: 110/180/250/320
- Slow Amount: 50%
- Slow Duration: 1.75/2.5/3.25/4
- Travel Speed: 900
- Distance: 500/600/700/800
- Distance (Remnant): 2000
- Remnant Smash Radius Tooltip: 200
- Creep Multiplier: 1
- Cast Range: 150

_It is with the power of a mountain that Earth Spirit strikes his enemies._

### Rolling Boulder

Earth Spirit's ability **Rolling Boulder**, type Active, targeting Point Target, Magical damage.

Earth Spirit gathers himself into a boulder and, after a 0.6s delay, rolls toward the target location, dealing 60 + 100% STR damage and stunning enemy units. He will stop if he collides with an enemy hero or is stunned. If he rolls over a Stone Remnant, he will travel further and faster, and stun enemies for longer.

- Mana cost: 50
- Cooldown: 16/12/8/4
- Pierces spell immunity: No
- Dispellable: Strong Dispels Only
- Radius: 160
- Speed: 1000
- Speed (Remnant): 1600
- Distance: 800
- Distance Multiplier (Remnant): 2
- Delay: 0.6
- Damage: 60/70/80/90
- Stun Duration: 0.3/0.5/0.7/0.9
- Rock Bonus Stun Duration: 0.3/0.5/0.7/0.9
- Damage Str: 100
- Destroy Stone: 1
- Cast Range: 3000

_Calling upon his connection to the land, the Earth Spirit draws loose stone to him, which forms a protective ball that he can use to roll short distances._

### Geomagnetic Grip

Earth Spirit's ability **Geomagnetic Grip**, type Active, targeting Point Target, Unit Target, Magical damage.

Earth Spirit pulls the target Stone Remnant or Allied Unit. Enemies struck by the gripped target will be silenced.

Pulled Remnants also deal damage to struck enemies.

Cast range is reduced when targeting an ally.

- Mana cost: 75
- Cooldown: 13
- Pierces spell immunity: No
- Dispellable: Yes
- Radius: 180
- Remnant Damage: 75/150/225/300
- Remnant Pull Speed: 900
- Silence Duration: 2.3/2.7/3.1/3.5
- Allied Unit Pull Speed: 600
- Allied Unit Cast Range: 550/600/650/700
- Speed: 800
- Total Pull Distance: 1400
- Cast Range: 1000/1100/1200/1300
- Cast Time: 0.1

_Like calls to like. Even the minerals found in the blood and bones of living beings are not immune to the call of the Earth Spirit._

### Stone Remnant

Earth Spirit's ability **Stone Remnant**, type Active, targeting Point Target, innate.

Call a Stone Remnant to the target location. Stone Remnants have no vision and are invulnerable, and can be used with Earth Spirit's abilities. Calling a Stone Remnant consumes a charge, which recharge over time. Stone Remnant has 7 charges.

Earth Spirit passively gains 3% bonus damage per unused Stone Remnant charge, and gains an additional 7.5% bonus damage for 10s when a Stone Remnant is targeted with an ability (does not stack).

- Mana cost: 0
- Cooldown: 0
- Duration: 60
- Max Charges: 7
- Rolling Offset Distance: 150
- Charge Restore Time: 18
- Is Stepping Stone: =0
- Attack Damage Per Stone: 3
- Attack Damage Per Stone Used: 7.5
- Buff Duration: 10
- Cast Range: 1100

_Earth Spirit calls forth a remnant of his stone army, long buried with him in the dark embrace of the Earth._

### Enchant Remnant

Earth Spirit's ability **Enchant Remnant**, type Active, targeting Unit Target, Hidden, Magical damage.

Earth Spirit temporarily enchants a hero, granting them the properties of a Stone Remnant. After a short duration the remnant shatters, releasing the hero and damaging nearby enemies. 
Can be cast on Stone Remnants. Has a 5 second cooldown when used that way.
Has a larger cast range when cast on an ally hero.

- Mana cost: 150
- Cooldown: 45
- Pierces spell immunity: No
- Dispellable: No
- Remnant Duration: 2.4
- Shatter Damage: 450
- Shatter Radius: 450
- Cast Range On Allies: 500
- Cast Range: 175
- Cast Time: 0.2

_Kaolin uses the elemental power of the Earth to temporarily petrify living beings, so that they might be conscripted into his stone funerary army._

### Magnetize

Earth Spirit's ability **Magnetize**, type Active, targeting No Target, Magical damage.

Magnetizes units in a small nearby area, causing them to take damage for a short duration. Magnetized heroes cause nearby Stone Remnants to explode, destroying the remnant and refreshing Magnetize's duration on all nearby enemies. This process can repeat multiple times. If an enemy hero is affected by Geomagnetic Grip or Boulder Smash, all magnetized heroes share the effects.

- Mana cost: 100
- Cooldown: 100/90/80
- Pierces spell immunity: Yes
- Dispellable: Yes
- Radius: 350
- Damage Per Second: 45/90/135
- Magnetize Duration: 6
- Remnant Refresh/Explosion Radius: 600
- Rock Explosion Radius: 600
- Damage Interval: 1
- Rock Explosion Delay: 8
- Silence Duration: 5
- Slow Duration: 2
- Cast Range: 350
- Cast Time: 0.2

_At the Earth Spirit's call, the minerals in the blood and bones of his enemies rebel against the bodies they find themselves in._

## Lore

Deep amid the Upland crags and cliffs there runs a seam of sacred jade long foresworn by highland miners. From this rare material, the likeness of the great general Kaolin was carved and buried at the head of a stone funerary army ten thousand strong--a force of soldiers and holy men, jesters and acrobats, carved by crafstmen and entombed for millennia in the dark embrace of the Earth. What the craftsmen had not known was that within the strange seam of jade flowed the spirit of the Earth itself--an elemental force at one with the planet. When the force within the carved jade found itself cut off from the life's blood of the world, it gathered its strength over the course of a thousand years and dug itself free and into the light. Now the great Kaolin Earth Spirit strides the Upland roads, fighting for the spirit of the Earth; and in times of need calls forth remnants of his buried army still locked in the loving embrace of the soil.","",107,"","",1,0,"",1,"en",0,,,,,""
"hero_master",,"ember-spirit",1,"2026-07-29","hero_master","Ember Spirit","# Ember Spirit

Ember Spirit is an Agility hero with a melee attack. Primary attribute: Agility. Attack type: Melee. Roles: Carry, Escape, Nuker, Disabler, Initiator.

## Roles

- **Carry** — scales with items and becomes the main damage dealer late game
- **Escape** — has mobility to leave dangerous situations
- **Nuker** — deals large burst spell damage
- **Disabler** — has stuns, silences or other crowd control
- **Initiator** — starts team fights on favourable terms

## Base stats

- Primary attribute: Agility
- Attack type: Melee
- Base Strength 22 (+2.5 per level)
- Base Agility 22 (+3.2 per level)
- Base Intelligence 20 (+2.2 per level)
- Health regen 0.5
- Mana regen 0
- Base armor 0
- Base damage 33-37
- Attack range 150
- Base attack time 100
- Attack point 0.4
- Projectile speed 900
- Move speed 300
- Turn rate 0.8
- Vision 1800 day / 800 night

## Popularity

- Public games picked 233,956 times, won 115,393 (49.3% win rate)
- Professional games: 31 picks, 28 bans, 54.8% win rate

## Abilities

Ember Spirit has 6 abilities: Searing Chains, Sleight of Fist, Flame Guard, Activate Fire Remnant, Immolation, Fire Remnant.

### Searing Chains

Ember Spirit's ability **Searing Chains**, type Active, targeting No Target, Magical damage.

Ember Spirit unleashes fiery bolas that wrap around nearby enemies, anchoring them in place and dealing damage each second.

- Mana cost: 80/90/100/110
- Cooldown: 13/12/11/10
- Pierces spell immunity: No
- Dispellable: Yes
- Duration: 1.25/1.75/2.25/2.75
- Radius: 400
- Damage Per Second: 100
- Tick Interval: 0.5
- Unit Count: 2
- Cast Range: 400

_Xin's harshest lessons often employed the use of red-hot chains._

### Sleight of Fist

Ember Spirit's ability **Sleight of Fist**, type Active, targeting Point Target, AOE, Physical damage.

Ember Spirit dashes around with blazing speed, attacking all enemies in the targeted area of effect, then returning to his start location. Deals bonus damage to heroes.

- Mana cost: 75
- Cooldown: 13/11/9/7
- Pierces spell immunity: Yes
- Radius: 250/350/450/550
- Bonus Hero Damage: 40/80/120/160
- Attack Interval: 0.25
- Charge Restore Time: 13/11/9/7
- Cast Range: 650

_The studied warrior must whip and weave through its enemies, burning each without pause._

### Flame Guard

Ember Spirit's ability **Flame Guard**, type Active, targeting No Target, Magical damage.

Ember Spirit surrounds himself with a ring of fire that consumes incoming magic damage, absorbing a percentage of the damage taken. Flame Guard deals damage per second in an area around Ember Spirit while Flame Guard is active. If the shield is broken, the damage is also lost.

- Mana cost: 65/80/95/110
- Cooldown: 32
- Pierces spell immunity: No
- Dispellable: Yes
- Duration: 12/14/16/18
- Passive Radius: 150
- Tick Interval: 0.2
- Damage Per Second: 20/30/40/50
- Linger Duration: 0.5
- Radius: 500
- Percentage Absorbed: 70%
- Magic Barrier: 60/140/220/300
- Cast Range: 400

_An enemy should never be allowed to approach without difficulty._

### Activate Fire Remnant

Ember Spirit's ability **Activate Fire Remnant**, type Active, targeting Point Target, Magical damage.

Select the Fire Remnant to arrive at.

- Mana cost: 100/125/150
- Cooldown: 0
- Pierces spell immunity: No
- Speed Multiplier: 250
- Max Charges: 3
- Charge Restore Time: 35
- Damage: 100/200/300
- Radius: 450
- Speed: 1300
- Cast Range: 99999
- Cast Time: 0.2

_With blazing speed does a spirit fly!_

### Immolation

Ember Spirit's ability **Immolation**, type Passive, targeting Passive, Magical damage, innate.

Ember Spirit is continuously burning, dealing damage per second to all nearby enemies at all times.

- Pierces spell immunity: No
- Dispellable: Yes
- Radius: 200
- Tick Interval: 0.2
- Damage Per Second: 10

### Fire Remnant

Ember Spirit's ability **Fire Remnant**, type Active, targeting Point Target, Magical damage.

Sends a Fire Remnant that runs to the target location at 250% Ember Spirit's speed. Using Activate Fire Remnant, Ember Spirit will dash out to all active Fire Remnants, destroying them and dealing damage in an area and then moving to the nearest Remnant. Ember Spirit will end at the Remnant closest to the targeted location.

- Mana cost: 0
- Cooldown: 0.5
- Pierces spell immunity: No
- Speed Multiplier: 250
- Charge Restore Time: 35
- Damage: 100/200/300
- Radius: 450
- Duration: 45
- Cast Range: 1400
- Max Charges: 3

_By the spirit's power are Xin's teachings spread anew._

## Lore

Lost within the Wailing Mountains, the Fortress of Flares lay abandoned, its training halls empty, its courtyard covered in leaves and dust. Upon a dais in its sealed temple rests a topaz cauldron filled with ancient ash, remnants of a pyre for the warrior-poet Xin. For three generations, Xin taught his acolytes the Bonds of the Guardian Flame, a series of mantras to train the mind and body for the harsh realities beyond the fortress walls. However, in teaching a warrior's way he earned a warrior's rivals, and in his autumn Xin was bested and slain. His followers spread to the wind. Yet as years turned to centuries and followers to descendants, his teachings endured by subtle whisper and deed. Touched by the teacher's lasting legacy, the Burning Celestial, inquisitive aspect of fire, cast himself to the Fortress of Flares and reignited the pyre ash. From these glowing embers emerged an image of Xin, wreathed in flame, his thoughtful countenance prepared to train and to teach, and to spread the fires of knowledge to all who seek guidance.","",106,"","",1,0,"",1,"en",0,,,,,""
"hero_master",,"techies",1,"2026-07-29","hero_master","Techies","# Techies

Techies is an Universal hero with a ranged attack. Primary attribute: Universal. Attack type: Ranged. Roles: Nuker, Disabler.

## Roles

- **Nuker** — deals large burst spell damage
- **Disabler** — has stuns, silences or other crowd control

## Base stats

- Primary attribute: Universal
- Attack type: Ranged
- Base Strength 19 (+2.6 per level)
- Base Agility 16 (+1.8 per level)
- Base Intelligence 25 (+3 per level)
- Health regen 1
- Mana regen 1
- Base armor 2
- Base damage 20-22
- Attack range 600
- Base attack time 90
- Attack point 0.5
- Projectile speed 900
- Move speed 310
- Vision 1800 day / 800 night

## Popularity

- Public games picked 348,111 times, won 176,185 (50.6% win rate)
- Professional games: 27 picks, 22 bans, 55.6% win rate

## Abilities

Techies has 8 abilities: Sticky Bomb, Reactive Tazer, Blast Off!, M.A.D., Minefield Sign, Proximity Mines, Detonate Tazer, Detonate M.A.D..

### Sticky Bomb

Techies's ability **Sticky Bomb**, type Active, targeting Point Target, AOE, Magical damage.

Lobs a Sticky Bomb towards the target area. If it lands next to an enemy hero, the bomb will stick to it, slowing its movement speed. After a few seconds the bomb will explode, dealing damage in an area around the detonation and applying a secondary slow for 3 seconds.

- Mana cost: 100/115/130/145
- Cooldown: 16/13/10/7
- Pierces spell immunity: No
- Dispellable: Yes
- Duration: 1.2
- Explosion Delay: 2
- Stick Radius: 300
- Damage: 95/170/245/320
- Movement Slow: 25%/35%/45%/55%
- Secondary Movement Slow: 15%/25%/35%/45%
- Secondary Slow Duration: 3
- Explosion Radius: 350
- Speed: 500
- Acceleration: 2000
- Pre Chase Time: 0.1
- Max Chase Time: 4
- Cast Range: 1000
- Cast Time: 0.1

_Such revolutionary brilliance was meant to be shared._

### Reactive Tazer

Techies's ability **Reactive Tazer**, type Active, targeting Unit Target, Magical damage.

Techies trigger an electric charge on the target ally, giving them bonus movement speed for a short period of time. Enemies attacking the target take damage and are temporarily disarmed and get a Basic Dispel.

At the end of the effect or if detonated early with the sub-ability, the charge explodes, disarming all enemies within the radius and dealing damage.

- Mana cost: 60
- Cooldown: 26/22/18/14
- Pierces spell immunity: No
- Dispellable: Yes
- Buff Duration: 6
- Disarm Duration: 2.25/2.5/2.75/3
- Movement Bonus: 18%/22%/26%/30%
- Explosion Radius: 400
- Damage: 60/110/160/210
- Cast Range: 600
- Cast Time: 0.1

_A steady bomb hand prefers an abundance of personal space._

### Blast Off!

Techies's ability **Blast Off!**, type Active, targeting Point Target, AOE, Magical damage.

Techies hurtle themselves into the enemy's midst, detonating charges upon impact which deal massive area of effect damage and stun enemies. Upon landing, the assault deals Techies non-lethal damage equal to a percentage of their current health.

- Mana cost: 100/125/150/175
- Cooldown: 40/35/30/25
- Pierces spell immunity: No
- Dispellable: Yes
- Explosion Radius: 400
- Full Damage: 200/300/400/500
- Stun Duration: 0.8/1/1.2/1.4
- Current Hp Self Damage: 20%
- Duration: 0.75
- Cast Range: 1000
- Cast Time: 1

_Where we going?_

### M.A.D.

Techies's ability **M.A.D.**, type Passive, targeting Passive, Hidden, Magical damage, innate.

Techies gain a percentage of their mana pool as bonus mana regeneration.

When Techies die, they leave behind a barrel that explodes after 1.5s, damaging enemies in an area around it. Damage is based on Techies' max mana.

- Cooldown: 0
- Pierces spell immunity: No
- Mana Pool As Regen: 0.1%
- Radius: 400
- Base Damage: 50
- Max Mana As Damage: 30%
- Explosion Delay: 1.5
- Cast Time: 1

### Minefield Sign

Techies's ability **Minefield Sign**, type Active, targeting Point Target, AOE, Hidden.

Plant a warning sign, causing Proximity Mines within its radius to be invulnerable and deal 15% more damage. Only one sign can exist at a time. Lasts 240 seconds.

When an enemy Hero walks within 200 units of a minefield sign, the 1000 units area around the sign will become a minefield for 10 seconds, dealing damage to enemy Heroes any time they move within its area. Minefield Sign is destroyed after this effect ends.

- Mana cost: 0
- Cooldown: 60
- Effect Radius: 1000
- Sign Duration: 240
- Minefield Duration: 10
- Trigger Radius: 200
- Damage: 300
- Movement Trigger Amount: 200
- Bonus Mine Damage Pct: 15
- Cast Range: 10
- Cast Time: 1.25

_Watch your step!_

### Proximity Mines

Techies's ability **Proximity Mines**, type Active, targeting Point Target, AOE, Magical damage.

Plant an invisible mine that cannot be detected by True Sight, but is visible if an enemy is within the active 500 AoE of the mine. Mines detonate if an enemy is standing within the active AoE for 1 seconds dealing damage and temporarily reducing the enemy's Magic Resistance. The explosion deals full damage if the target is within 150 radius and decreases down to 50% on the edge. Deals 30% damage to buildings.

- Mana cost: 110/140/170
- Cooldown: 0
- Pierces spell immunity: No
- Dispellable: Yes
- Explosion Radius: 500
- Proximity Threshold: 1
- Damage: 400/550/700
- Building Damage: 30%
- Activation Delay: 1
- Charge Restore Time: 15
- Outer Damage: 50
- Min Distance: 150
- Placement Radius: 350
- Magic Resistance Reduction: 15%/20%/25%
- Debuff Duration: 4
- Cast Range: 450
- Max Charges: 3

_The bane of Toterin!_

### Detonate Tazer

Techies's ability **Detonate Tazer**, type Active, targeting No Target, Hidden, Instant Cast.

Detonate Reactive Tazer immediately.

- Cooldown: 0.5

### Detonate M.A.D.

Techies's ability **Detonate M.A.D.**, type Active, targeting No Target, AOE, Instant Cast, Hidden, Magical damage.

Detonate your planted M.A.D.

- Cooldown: 1
- Radius: 700

_Why light one fuse when you can light them all?_

## Lore

In the storied saga of Dredger's Bight, no business has ever been more reviled than Techies Demolitions. Then again, Dredger's Bight no longer exists. Nor does Toterin. Or even Trapper Town. In fact, if one were to track the history of Techies Demolitions they might notice that shortly after Techies appear, towns tend to disappear. Like every inevitable disaster surrounding Techies, the obliteration of Dredger's Bight began with an invention. Tasked with designing a safer way of detonating explosives in the mines beneath the city, pyrotechnic prodigies Squee, Spleen, and Spoon developed their most outlandish creation yet: a button which, when pressed, would trigger a distant device to spark a fuse. Overeager to test their invention, the trio stuffed barrel after barrel with flamesalt explosives, piling every corner of their tiny workshop high with the newly developed remote bombs. From this stockpile they plucked a single payload, burying it in a far away field. As they cowered in a ditch, Spleen pressed the detonator button. Yet after a moment, nothing happened. Confused, he stood up, pressing his button again and again until, finally, an explosion tore a hole in the field. Elated, Squee and Spleen turned toward home just as a massive wave of sound and force arrived to knock them over. Bewildered, their ears ringing from the unexpected blast, they gathered in the dingy miasma to see a smoking ruin where their workshop once stood. Chunks of wood and stone continued to fall as the yawning crater before them slowly deepened into an expanding pit. The whole of Dredger's Bight shuddered, and then gradually started to slide into the mines below as its panicked residents fled. Sitting at the edge of their sinking home they grinned and giggled, as giddy at the possibilities as they were oblivious to the scorn of their former neighbors. They wondered only one thing: how could they trigger an even bigger blast?","",105,"","",1,0,"",1,"en",0,,,,,""
"hero_master",,"legion-commander",1,"2026-07-29","hero_master","Legion Commander","# Legion Commander

Legion Commander is a Strength hero with a melee attack. Primary attribute: Strength. Attack type: Melee. Roles: Carry, Disabler, Initiator, Durable, Nuker.

## Roles

- **Carry** — scales with items and becomes the main damage dealer late game
- **Disabler** — has stuns, silences or other crowd control
- **Initiator** — starts team fights on favourable terms
- **Durable** — survives extended fights, high effective health
- **Nuker** — deals large burst spell damage

## Base stats

- Primary attribute: Strength
- Attack type: Melee
- Base Strength 24 (+3.1 per level)
- Base Agility 18 (+1.7 per level)
- Base Intelligence 20 (+2.2 per level)
- Health regen 0.25
- Mana regen 0
- Base armor -1
- Base damage 33-37
- Attack range 150
- Base attack time 100
- Attack point 0.46
- Projectile speed 900
- Move speed 325
- Vision 1800 day / 800 night

## Popularity

- Public games picked 548,595 times, won 288,221 (52.5% win rate)

## Abilities

Legion Commander has 5 abilities: Overwhelming Odds, Press The Attack, Moment of Courage, Outfight Them!, Duel.

### Overwhelming Odds

Legion Commander's ability **Overwhelming Odds**, type Active, targeting AOE, No Target, Magical damage.

Turns the foes' numbers against them, dealing a 100% impact slow for 0.3s and damage to all enemies in the area. Damage increases with each enemy unit or hero in the area, and grants Legion Commander bonus attack speed.

- Mana cost: 90/105/120/135
- Cooldown: 18
- Pierces spell immunity: No
- Dispellable: Yes
- Radius: 600
- Base Damage: 40/70/100/130
- Damage Per Hero: 40/70/100/130
- Damage Per Creep: 14/16/18/20
- Bonus Attack Speed: 50/75/100/125
- Duration: 6
- Slow Duration: 0.3
- Movement Slow: 100
- Cast Time: 0.3

_The archers of Stonehall are ready at Tresdin's command._

### Press The Attack

Legion Commander's ability **Press The Attack**, type Active, targeting Unit Target.

Removes debuffs and disables from the target friendly unit, and grants bonus movement speed and health regen for a short time.

DISPEL TYPE: Strong Dispel

- Mana cost: 90
- Cooldown: 16/15/14/13
- Pierces spell immunity: No
- Dispellable: Yes
- Duration: 5
- Bonus Move Speed: 13%/16%/19%/22%
- Hp Regen: 24/36/48/60
- Cast Range: 700
- Cast Time: 0.2

_The rallying horn of the Bronze Legion is able to inspire any heart._

### Moment of Courage

Legion Commander's ability **Moment of Courage**, type Passive, targeting Passive.

When attacked a number of times, Legion Commander will counter-attack her target with bonus lifesteal.

- Cooldown: 0.3
- Attacks To Trigger: 7/6/5/4
- Buff Duration: 1
- Secondary Attack Damage: 100
- Lifesteal: 55%/65%/75%/85%

_Tresdin knows that an enemy's most vulnerable moment often follows their fiercest stroke._

### Outfight Them!

Legion Commander's ability **Outfight Them!**, type Passive, targeting Passive, Hidden, innate.

When Legion Commander or an allied Hero within 1200 range casts an ability, they gain bonus armor for 6s; allies gain 50% of the value. This bonus stacks independently.

- Radius: 1200
- Duration: 6
- Armor: 1
- Ally Factor: 50

### Duel

Legion Commander's ability **Duel**, type Active, targeting Unit Target.

Legion Commander and the target enemy hero are forced to attack each other for a short duration. Neither hero can use items, and the target enemy hero cannot use abilities. If either hero dies during the duration, the hero winning the Duel gains permanent bonus damage.

- Mana cost: 80/100/120
- Cooldown: 60/55/50
- Pierces spell immunity: Yes
- Dispellable: No
- Duration: 4/4.5/5
- Cast Range: 200
- Bonus Damage: 10/20/30
- Cast Time: 0.3

_To face a soldier of Stonehall in single combat is a challenge few can resist._

## Lore

They came without warning. Within the city walls of Stonehall there came a rumble and a terrible sound, and from blackness unknown came a force of beasts numbering beyond count, wielding flame and foul sorcery, slaying and snatching mothers and sons to dark purpose. Of once-mighty Stonehall's military strength only the Bronze Legion, led by the indomitable Commander Tresdin, was near enough to answer the call of battle. They rode into their city, fighting through bloodstained alleyways and burning markets, cutting their way through the monstrous throng to the source of the sudden invasion: an ethereal rift within the city square, and at its precipice thundered their dreaded champion. Enwrapped in a corrosive shimmer, the leader of the abyssal horde swung its massive blade, cleaving a legionnaire in two as his flesh began to spoil. Tresdin lifted her blood-stained sword and settled her sights on the beast. It turned, smiling at her through a maze of teeth. Heedless of the battle raging around them, they charged one another. Deflecting blow after blow, the pair danced their deadly duel as the Bronze Legion met its end around them. Tresdin leapt forward as her foe swung its sword to meet her. The odds turned. The attack smashed into Tresdin suddenly, a brutal thrust from the side, but even as her balance slipped she rallied her strength for another stroke. Blade scraped on blade, beyond the hilt to the gnarled paw below, carving it in two in a fearsome spray of sparks and blood. The vile audience looked on in astonishment as she pressed the attack, driving her blade through her foe's flesh into the stampeding heart within. With a scream that split the clouds above, the beast erupted in a torrent of gore and anguish. The stygian portal wavered, the power sustaining the chasm beyond vanishing as suddenly as it had appeared. The remaining invaders fell quickly to Stonehall steel. Though victorious, the survivors saw little to celebrate: the city lay in ruins, and survivors were few. Fires continued to spread. Unfurling her banners of war, Tresdin gathered what allies she could. Her anger smoldered as she pledged brutal vengeance upon the forces of the abyss, and damned be any who would dare stand in her way.","",104,"","",1,0,"",1,"en",0,,,,,""
"hero_master",,"elder-titan",1,"2026-07-29","hero_master","Elder Titan","# Elder Titan

Elder Titan is a Strength hero with a melee attack. Primary attribute: Strength. Attack type: Melee. Roles: Initiator, Disabler, Nuker, Durable.

## Roles

- **Initiator** — starts team fights on favourable terms
- **Disabler** — has stuns, silences or other crowd control
- **Nuker** — deals large burst spell damage
- **Durable** — survives extended fights, high effective health

## Base stats

- Primary attribute: Strength
- Attack type: Melee
- Base Strength 26 (+3 per level)
- Base Agility 16 (+1.8 per level)
- Base Intelligence 23 (+1.6 per level)
- Health regen 0.75
- Mana regen 0.25
- Base armor 0
- Base damage 23-33
- Attack range 150
- Base attack time 100
- Attack point 0.35
- Projectile speed 900
- Move speed 305
- Vision 1800 day / 800 night

## Popularity

- Public games picked 41,442 times, won 20,773 (50.1% win rate)
- Professional games: 1 picks, 0 bans, 100.0% win rate

## Abilities

Elder Titan has 7 abilities: Echo Stomp, Astral Spirit, Natural Order, Move Astral Spirit, Momentum, Earth Splitter, Return Astral Spirit.

### Echo Stomp

Elder Titan's ability **Echo Stomp**, type Active, targeting No Target, Channeled, Physical damage.

CHANNELED - Elder Titan and his Astral Spirit both stomp the ground, damaging and knocking nearby enemy units unconscious around their locations. The Elder Titan stomp deals physical damage, while the Spirit stomp deals magical damage.

- Mana cost: 100
- Cooldown: 14/13/12/11
- Pierces spell immunity: No
- Dispellable: Strong Dispels Only
- Cast Time: 1.7
- Radius: 475
- Sleep Duration: 2/2.8/3.6/4.4
- Stomp Damage: 65/110/155/200
- Initial Stun Duration: 0.2
- Wakeup Damage Threshold: 100/150/200/250
- Cast Range: 500
- Channel Time: 1.3
- Cast Time: 0.4

_The force of creation still echoes in the stomp of the Titan._

### Astral Spirit

Elder Titan's ability **Astral Spirit**, type Active, targeting Point Target, AOE, Magical damage.

Elder Titan sends forth his Astral Spirit, damaging any units it passes through. When the spirit rejoins the Titan, it grants bonus damage and movement speed for each unit it passed through.

The Astral Spirit possesses the Echo Stomp, Return Spirit, and Natural Order abilities.

- Mana cost: 80/90/100/110
- Cooldown: 23/21/19/17
- Pierces spell immunity: Yes
- Dispellable: Yes
- Cast Range: 1200
- Radius: 275
- Damage: 50
- Duration: 10
- Buff Duration: 10
- Speed: 900
- Controllable: 1
- Bonus Speed (Creeps): 1.5%
- Bonus Speed (Heroes): 4%/5%/6%/7%
- Bonus Damage (Creeps): 3/7/11/15
- Bonus Damage (Heroes): 17/38/59/80
- Move Pct Cap: 40
- Immunity Resist: 50
- Cast Time: 0.4

_Like the four fundamentals, Elder Titan exists across all planes at once and can draw other aspects of himself to assist in times of need._

### Natural Order

Elder Titan's ability **Natural Order**, type Passive, targeting Passive.

Reduces all elements to their basic levels, removing base armor and magic damage resistance from nearby enemy units. The armor reduction is centered around the hero, while the magic armor reduction is centered around Astral Spirit.

- Pierces spell immunity: No
- Radius: 375
- Base Armor Reduction: 40%/60%/80%/100%
- Base Resist Reduction: 40%/60%/80%/100%

_As it was at the beginning, Elder Titan makes it so again._

### Move Astral Spirit

Elder Titan's ability **Move Astral Spirit**, type Active, targeting Instant Cast, Point Target, Hidden.

Moves the Astral Spirit to target location.

- Cooldown: 0

### Momentum

Elder Titan's ability **Momentum**, type Passive, targeting Passive, innate.

Elder Titan gains armor equal to a percentage of his bonus movement speed.

- Pierces spell immunity: No
- Bonus Speed To Armor: 5%

### Earth Splitter

Elder Titan's ability **Earth Splitter**, type Active, targeting Point Target, Magical damage.

Sends forth a jagged crack in front of Elder Titan. After 3 seconds, the crack implodes, slowing movement while dealing damage to each enemy based on their maximum life. Half of the damage dealt is Magical damage, while the other half is Physical damage.

- Mana cost: 125/175/225
- Cooldown: 100/95/90
- Pierces spell immunity: Yes
- Dispellable: Yes
- Implode Delay: 2.7182
- Crack Width: 315
- Crack Length: 2400
- Movement Slow: 40%/45%/50%
- Slow Duration: 3/4/5
- Speed: 1100
- Max Hp As Damage: 34%/42%/50%
- Vision Width: 500
- Vision Interval: 0.22
- Vision Duration: 4
- Vision Step: 200
- Total Steps: 12
- Cast Range: 2400
- Cast Time: 0.4

_That which he created, the titan tears asunder._

### Return Astral Spirit

Elder Titan's ability **Return Astral Spirit**, type Active, targeting Instant Cast, No Target, Hidden.

Returns the Astral Spirit to Elder Titan.

- Cooldown: 0

## Lore

Well may you ask, 'How did this world take its form?' Why of all the worlds in creation, has this one its strange properties, its diverse and motley collection of creatures, cultures and lore? 'The answer,' One whispers, 'lies with the Titans.' These original progenitors were there near the Beginning--if not actual witnesses to the creation, then born with it still echoing in their ears. Stamped with the earliest energies of the universe, they wished nothing more than to continue as creators themselves. Thus they bent to the task of shaping matter to their will: hammering and heating, bending and blasting. And when matter proved less challenging than they liked, they turned their tools upon themselves, reshaping their minds and reforging their spirits until they had become beings of great endurance. Reality itself became the ultimate object of their smithing. Yet, along the way, they sometimes erred. In cases of great ambition, mistakes are unavoidable. The one we know as the Elder Titan was a great innovator, one who studied at the forge of creation. In honing his skills, he shattered something that could never be repaired, only thrown aside. He fell into his own broken world, a shattered soul himself. There he dwelt among the jagged shards and fissured planes, along with other lost fragments that had sifted down through the cracks in the early universe. And this is why the world we know resembles an isle of castaways, survivors of a wreck now long forgotten. Forgotten, that is, by all but the One who blames himself. He spends his time forever seeking a way to accomplish the repairs, that he might rejoin the parts of his broken soul, that we and the world alike might all be mended. This is the One we know as Elder Titan.","",103,"","",1,0,"",1,"en",0,,,,,""
"hero_master",,"abaddon",1,"2026-07-29","hero_master","Abaddon","# Abaddon

Abaddon is an Universal hero with a melee attack. Primary attribute: Universal. Attack type: Melee. Roles: Support, Carry, Durable.

## Roles

- **Support** — protects allies, buys utility items and controls vision
- **Carry** — scales with items and becomes the main damage dealer late game
- **Durable** — survives extended fights, high effective health

## Base stats

- Primary attribute: Universal
- Attack type: Melee
- Base Strength 21 (+2.6 per level)
- Base Agility 22 (+1.5 per level)
- Base Intelligence 18 (+2 per level)
- Health regen 1
- Mana regen 0
- Base armor -1
- Base damage 22-32
- Attack range 150
- Base attack time 95
- Attack point 0.56
- Projectile speed 900
- Move speed 325
- Turn rate 0.6
- Vision 1800 day / 800 night

## Popularity

- Public games picked 176,803 times, won 90,596 (51.2% win rate)
- Professional games: 2 picks, 0 bans, 50.0% win rate

## Abilities

Abaddon has 5 abilities: Mist Coil, Aphotic Shield, Curse of Avernus, Withering Mist, Borrowed Time.

### Mist Coil

Abaddon's ability **Mist Coil**, type Active, targeting Unit Target, Magical damage.

Abaddon releases a coil of deathly mist that can damage an enemy unit or heal a friendly unit at the cost of some of Abaddon's health.

- Mana cost: 50/55/60/65
- Cooldown: 8/7/6/5
- Self Damage: 40%
- Self Damage Enemy Target: 40
- Missile Speed: 1300
- Damage/Heal: 95/170/245/320
- Cast Range: 625
- Cast Time: 0.25

_A mysterious vapor from the Font of Avernus now infuses the breath of Abaddon, who releases it at will._

### Aphotic Shield

Abaddon's ability **Aphotic Shield**, type Active, targeting Unit Target, Magical damage.

Summons dark energies around an ally unit, dispelling them and creating an all damage barrier that absorbs a set amount of damage before expiring. When the barrier is destroyed it will burst and deal damage equal to the amount it could absorb to an area around it.

DISPEL TYPE: Strong Dispel

- Mana cost: 110/120/130/140
- Cooldown: 12/10/8/6
- Pierces spell immunity: No
- Dispellable: Yes
- Duration: 12
- Burst Radius: 675
- Damage Barrier: 120/150/180/210
- Cast Range: 550
- Cast Time: 0.3

_The powers of the black mist rise to absorb attacks like the black mist absorbs light._

### Curse of Avernus

Abaddon's ability **Curse of Avernus**, type Passive, targeting Passive, Magical damage.

Abaddon strikes an enemy, affecting them by a chilling curse, slowing them, causing them to take damage over time, and all attacks against them gain an attack speed boost. Damage over time component to buildings is reduced by 100%.

- Pierces spell immunity: No
- Dispellable: Yes
- Slow Duration: 2
- Hit Count: 1
- Duration: 2
- Slow: 10%/15%/20%/25%
- Attack Speed: 10/20/30/40
- Dps: 15/25/35/45
- Tower Dps Pct: 100
- Curse Interval: 0.5

_While the baptized draw strength from the Font, the gifts of Avernus are debilitating to the uninitiated._

### Withering Mist

Abaddon's ability **Withering Mist**, type Passive, targeting Passive, Hidden, innate.

Damaging enemies applies the Withering Mist debuff for 5s. Affected enemies have their Health Restoration reduced by 29.5% if they are below 40% HP.

- Hp Threshold Pct: 40
- Health Restoration Reduction: 29.5%
- Duration: 5

### Borrowed Time

Abaddon's ability **Borrowed Time**, type Active, targeting No Target, Instant Cast.

When activated, dispels you and all damage dealt to you will heal instead of harm. If the ability is not on cooldown, it will automatically activate if your health falls below 400.

DISPEL TYPE: Strong Dispel

- Mana cost: 0
- Cooldown: 85/75/65
- Dispellable: No
- Health Threshold: 400
- Duration: 4/5/6
- Immolate Tick: .25

_The most unnatural of all the gifts of the Font of Avernus, this power defies mortal understanding.  What should hurt, instead heals; and what should kill gives strength anew._

## Lore

The Font of Avernus is the source of a family's strength, a crack in primal stones from which vapors of prophetic power have issued for generations. Each newborn of the cavernous House Avernus is bathed in the black mist, and by this baptism they are given an innate connection to the mystic energies of the land. They grow up believing themselves fierce protectors of their lineal traditions, the customs of the realm--but what they really are protecting is the Font itself. And the motives of the mist are unclear. When the infant Abaddon was bathed in the Font, they say something went awry. In the child's eyes there flared a light of comprehension that startled all present and set the sacerdotes to whispering. He was raised with every expectation of following the path all scions of Avernus took--to train in war, that in times of need he might lead the family's army in defense of the ancestral lands. But Abaddon was always one apart. Where others trained with weapons, he bent himself to meditation in the presence of the mist. He drank deep from the vapors that welled from the Font, learning to blend his spirit with the potency that flowed from far beneath the House; he became a creature of the black mist. There was bitterness within the House Avernus--elders and young alike accusing him of neglecting his responsibilities. But all such accusations stopped when Abaddon rode into battle, and they saw how the powers of the mist had given him mastery over life and death beyond those of any lord the House had ever known.","",102,"","",1,0,"",1,"en",0,,,,,""
"hero_master",,"skywrath-mage",1,"2026-07-29","hero_master","Skywrath Mage","# Skywrath Mage

Skywrath Mage is an Intelligence hero with a ranged attack. Primary attribute: Intelligence. Attack type: Ranged. Roles: Support, Nuker, Disabler.

## Roles

- **Support** — protects allies, buys utility items and controls vision
- **Nuker** — deals large burst spell damage
- **Disabler** — has stuns, silences or other crowd control

## Base stats

- Primary attribute: Intelligence
- Attack type: Ranged
- Base Strength 21 (+2 per level)
- Base Agility 13 (+0.8 per level)
- Base Intelligence 25 (+4.1 per level)
- Health regen 0.25
- Mana regen 0.25
- Base armor -2
- Base damage 16-26
- Attack range 625
- Base attack time 90
- Attack point 0.4
- Projectile speed 1000
- Move speed 325
- Vision 1800 day / 800 night

## Popularity

- Public games picked 467,273 times, won 234,279 (50.1% win rate)
- Professional games: 2 picks, 2 bans, 50.0% win rate

## Abilities

Skywrath Mage has 5 abilities: Arcane Bolt, Concussive Shot, Ancient Seal, Shield of the Scion, Mystic Flare.

### Arcane Bolt

Skywrath Mage's ability **Arcane Bolt**, type Active, targeting Unit Target, Magical damage.

Skywrath Mage launches a slow-moving bolt of arcane magic, dealing damage to an enemy unit based on Skywrath Mage's intelligence.

- Mana cost: 70
- Cooldown: 5/4/3/2
- Pierces spell immunity: No
- Cast Range: 875
- Bolt Speed: 500
- Bolt Vision: 325
- Base Damage: 60/90/120/150
- Int Damage Multiplier: 1.5
- Vision Duration: 3.34
- Extra Bolt Search Radius: 500
- Total Bolt Count: 1
- Cast Time: 0.1

_Within the Ghastly Eyrie's endless intrigue, only the clever and calm can hope to survive._

### Concussive Shot

Skywrath Mage's ability **Concussive Shot**, type Active, targeting No Target, Magical damage.

Skywrath Mage sets off a long range shot that hits the closest hero within a long range. Upon impact, it deals damage and slows in an area of effect.

- Mana cost: 80/85/90/95
- Cooldown: 15/14/13/12
- Pierces spell immunity: No
- Dispellable: Yes
- Shot Range: 1600
- Damage Radius: 250
- Speed: 800
- Damage: 120/180/240/300
- Slow Duration: 4
- Slow: 40%
- Shot Vision: 300
- Vision Duration: 3.34
- Cast Range: 1600

_Those who serve the court of the Ghastly Eyrie are ever locked in covert war. One must always know where danger lurks nearest._

### Ancient Seal

Skywrath Mage's ability **Ancient Seal**, type Active, targeting Unit Target.

Skywrath Mage seals the targeted unit with an ancient rune, silencing it and causing it to take additional damage from spells.

- Mana cost: 80/90/100/110
- Cooldown: 14
- Pierces spell immunity: No
- Dispellable: Yes
- Increased Magic Damage: -20%/-25%/-30%/-35%
- Duration: 3/4/5/6
- Cast Range: 700/750/800/850
- Cast Time: 0.1

_A holy incantation, whosoever finds themselves touched by Avilliva's sigil must suffer in penitent silence._

### Shield of the Scion

Skywrath Mage's ability **Shield of the Scion**, type Passive, targeting Hidden, Passive, innate.

Every time Skywrath Mage deals magical damage to an enemy hero with his abilities, he gains a small magic damage barrier. Each buff stacks independently.

- Stack Duration: 25
- Barrier: 13.5
- Duration: 12

_The court mages of Skywrath may only deploy their magic in defense of the kingdom and the throne._

### Mystic Flare

Skywrath Mage's ability **Mystic Flare**, type Active, targeting Point Target, AOE, Magical damage.

Skywrath Mage uses his ultimate magical ability to conjure a precise and violent mystical field that lays waste to his adversaries. Deals massive damage distributed evenly among any Heroes in the area over 2 seconds.

- Mana cost: 300/550/800
- Cooldown: 55/35/15
- Pierces spell immunity: No
- Radius: 170
- Duration: 2
- Damage: 800/1200/1600
- Damage Interval: 0.1
- Cast Range: 1200
- Cast Time: 0.1

_Only the most practiced of Skywrath sorcerers could hope to shape the skies into such a storm._

## Lore

A highly placed mage in the court of the Ghastly Eyrie, Dragonus lives a troubled existence. Sworn by birth to protect whoever sits within the Nest of Thorns, he hates the current Skywrath queen with all his soul. As a youth, high-born, he was a friend and companion to the eldest Skywrath princess, Shendelzare, first in line for the Nest. He had loved her warmly and unshakably, but as his studies took hold, his mind turned to arcane learning and the mastery of Skywrath sorcery. Obsessed with matters aetherial, he missed the mundane signs of courtly treachery that hinted at a plot against Shendelzare, and lost his chance to foil it. When the court was shaken by a swift and violent coup, he emerged from his studies to discover his oldest and dearest friend had been lost to him. The Nest of Thorns now belonged to Shendelzare's ruthless younger sister, and Dragonus could do nothing. The magic of the Skywrath Mage serves only the sworn protector of the Skywrath scion, so to act against the Nest would render him helpless. He clings to his post, believing it to be the best hope of one day restoring his true love to her rightful place. Meanwhile, his secret is known only to the goddess Scree'Auk, whose magic it was transformed Shendelzare from a crippled physical creature into an embodiment of pure vengeful energy. While he dreams of restoring his beloved queen to the Ghastly Eyrie, he dreams even more desperately of restoring Shendelzare herself to a fully healed physical form. The duplicity of his role at court tortures him, for he is a noble and good-hearted creature; but the worst torture of all is imagining the hatred that Vengeful Spirit must hold in her heart for him.","",101,"","",1,0,"",1,"en",0,,,,,""
"hero_master",,"tusk",1,"2026-07-29","hero_master","Tusk","# Tusk

Tusk is a Strength hero with a melee attack. Primary attribute: Strength. Attack type: Melee. Roles: Initiator, Disabler, Nuker.

## Roles

- **Initiator** — starts team fights on favourable terms
- **Disabler** — has stuns, silences or other crowd control
- **Nuker** — deals large burst spell damage

## Base stats

- Primary attribute: Strength
- Attack type: Melee
- Base Strength 23 (+3.9 per level)
- Base Agility 23 (+1.9 per level)
- Base Intelligence 18 (+1.7 per level)
- Health regen 1
- Mana regen 0.5
- Base armor 1
- Base damage 27-31
- Attack range 150
- Base attack time 100
- Attack point 0.36
- Projectile speed 900
- Move speed 310
- Turn rate 0.7
- Vision 1800 day / 800 night

## Popularity

- Public games picked 197,232 times, won 93,460 (47.4% win rate)
- Professional games: 12 picks, 11 bans, 16.7% win rate

## Abilities

Tusk has 8 abilities: Ice Shards, Snowball, Tag Team, Drinking Buddies, Walrus Kick, Walrus PUNCH!, Launch Snowball, Bitter Chill.

### Ice Shards

Tusk's ability **Ice Shards**, type Active, targeting Point Target, Magical damage.

Tusk compresses shards of ice into a ball of frozen energy that damages all enemies it comes in contact with. When the ball reaches its target destination the shards are released, creating a barrier that lasts for 4 seconds.

- Mana cost: 100
- Cooldown: 23/20/17/14
- Pierces spell immunity: No
- Radius: 200
- Shard Damage: 75/150/225/300
- Shard Count: 7
- Shard Speed: 1200
- Shard Duration: 4/5/6/7
- Shard Angle Step: 40
- Shard Distance: 200
- Cast Range: 1400
- Cast Time: 0.1

_In the frozen tundra near the Barrier, after the last sun of autumn has set, ice can form with alarming speed._

### Snowball

Tusk's ability **Snowball**, type Active, targeting Unit Target, Magical damage.

Tusk begins rolling into a snowball. Allies within a 325 radius can also be added to the snowball by right-clicking on them, even while the snowball is moving. Once launched, any enemies caught in the snowball's path will be stunned and take damage. Each allied Hero in the snowball will add to its damage and stun duration.

- Mana cost: 75
- Cooldown: 21/19/17/15
- Pierces spell immunity: No
- Dispellable: No
- Base Damage: 80/140/200/260
- Snowball Speed: 575/600/625/650
- Bonus Damage Per Ally: 40/65/90/115
- Stun Duration: 0.6/0.8/1/1.2
- Stun Duration Per Ally: 0.2
- Snowball Windup Radius: 100
- Snowball Duration: 3
- Snowball Radius: 200
- Snowball Grow Rate: 40
- Launch Time: 3
- Gather Radius: 325
- Snowball Speed Bonus: 50
- Cast Range: 1150
- Cast Time: 0.1

_Tales are still told of the wild feat that ended the grand brawl at White Fields._

### Tag Team

Tusk's ability **Tag Team**, type Active, targeting No Target, Instant Cast, Physical damage.

Activate to temporarily apply a negative debuff aura around you, causing enemies that are attacked under it to take bonus physical damage and reduced movement speed. Lasts 6 seconds.

- Mana cost: 70
- Cooldown: 24/21/18/15
- Pierces spell immunity: No
- Dispellable: No
- Bonus Damage: 25/50/75/100
- Movement Slow: 75%
- Slow Duration: 0.5
- Debuff Duration: 6
- Radius: 350

_Even far from Cobalt, Tusk carries the 'Barrier Chill' in his very bones._

### Drinking Buddies

Tusk's ability **Drinking Buddies**, type Active, targeting Unit Target.

Tusk reaches out to tag an allied unit, pulling them closer. Once tagged, both Tusk and his tagged ally gain movement speed and armor.

- Mana cost: 80
- Cooldown: 14
- Dispellable: Yes
- Cast Range: 1000
- Alt Cast Castrange Pct: 50
- Buff Duration: 6
- Pull Duration: 0.2
- Min Distance: 250
- Max Distance: 1300
- Bonus Movement Speed: 25%
- Bonus Armor: 7
- Cast Time: 0.1

_The only thing better than finding a good drinking buddy is finding an equally good enemy the two of you can punch._

### Walrus Kick

Tusk's ability **Walrus Kick**, type Active, targeting Unit Target, Hidden, Magical damage.

Kicks the closest enemy unit in the drawn direction, stunning, damaging, and slowing them. Also deals damage to all heroes within 250 radius of its landing area. Cooldown is reduced by 50% if kicking a creep.

- Mana cost: 100
- Cooldown: 12
- Pierces spell immunity: Yes
- Dispellable: Yes
- Air Time: 1
- Kick Push Distance: 1200
- Move Slow: 40%
- Slow Duration: 2
- Damage: 550
- Search Radius: 250
- Creep Cooldown Reduction Pct: 50
- Cast Range: 250
- Cast Time: 0.2

### Walrus PUNCH!

Tusk's ability **Walrus PUNCH!**, type Active, targeting Unit Target, Autocast, Attack Modifier.

Tusk connects with his mighty Walrus Punch, a critical strike with bonus damage so powerful it launches its victim into the air.

- Mana cost: 75
- Cooldown: 16/13/10
- Pierces spell immunity: Yes
- Dispellable: Yes
- Bonus Damage: 60/90/120
- Critical Damage: 200%/250%/300%
- Air Time: 1
- Push Length: 1000
- Cast Range: 150

_It never matters who throws the first punch, only who throws the last._

### Launch Snowball

Tusk's ability **Launch Snowball**, type Active, targeting Hidden, No Target, Instant Cast.

Launch the snowball toward the target.

_Into the great wide white!_

### Bitter Chill

Tusk's ability **Bitter Chill**, type Passive, targeting Passive, Hidden, innate.

Passively slows the attack speed of all enemy heroes within a 350 unit radius.

- Radius: 350
- Attack Slow: 12

## Lore

It had been a brawl to remember. There stood Ymir, the Tusk, the Terror from the Barrier, the Snowball from Cobalt, the only fighter to have bested the Bristled Bruiser in a fair fight, and now the last man standing in Wolfsden Tavern. What started as a simple bar bet of supremacy ended with four regulars, a blacksmith, and six of the Frost Brigade's best soldiers writhing against the shards and splinters of almost every bottle, mug, and chair in the building. The Tusk boasted and toasted his victory as he emptied his brew. No sooner had the defeated regained consciousness than the cries for double-or-nothing rang out. The Tusk was pleased at the prospect, but none could think of a bet bigger than the one he just conquered. Horrified at the damage to his tavern and desperate to avoid another brawl, the barkeep had an idea. As skilled as he was, Ymir had never taken part in a real battle, never tested himself against the indiscriminate death and chaos of war. He proposed a wager to the fighter: seek out the biggest battle he could find, survive, and win it for whichever side he chose. The stakes? The next round of drinks.","",100,"","",1,0,"",1,"en",0,,,,,""
"hero_master",,"bristleback",1,"2026-07-29","hero_master","Bristleback","# Bristleback

Bristleback is a Strength hero with a melee attack. Primary attribute: Strength. Attack type: Melee. Roles: Carry, Durable, Initiator, Nuker.

## Roles

- **Carry** — scales with items and becomes the main damage dealer late game
- **Durable** — survives extended fights, high effective health
- **Initiator** — starts team fights on favourable terms
- **Nuker** — deals large burst spell damage

## Base stats

- Primary attribute: Strength
- Attack type: Melee
- Base Strength 22 (+2.8 per level)
- Base Agility 17 (+1.8 per level)
- Base Intelligence 14 (+2.8 per level)
- Health regen 1
- Mana regen 0.4
- Base armor 1
- Base damage 31-37
- Attack range 150
- Base attack time 100
- Attack point 0.3
- Projectile speed 900
- Move speed 295
- Turn rate 0.9
- Vision 1800 day / 800 night

## Popularity

- Public games picked 316,200 times, won 154,963 (49.0% win rate)
- Professional games: 1 picks, 0 bans, 100.0% win rate

## Abilities

Bristleback has 6 abilities: Viscous Nasal Goo, Quill Spray, Bristleback, Hairball, Warpath, Prickly.

### Viscous Nasal Goo

Bristleback's ability **Viscous Nasal Goo**, type Active, targeting Unit Target.

Covers a target in snot, causing it to have reduced armor and movement speed for 5 seconds. Multiple casts stack and refresh the duration.

- Mana cost: 12/16/20/24
- Cooldown: 1.75
- Pierces spell immunity: No
- Dispellable: Yes
- Goo Speed: 1000
- Goo Duration: 5
- Base Armor Loss: 1.5/2/2.5/3
- Armor Loss Per Stack: 2/2.5/3/3.5
- Base Movement Slow: 12%
- Move Slow Per Stack: 3%/6%/9%/12%
- Stack Limit: 6
- Cast Range: 650
- Cast Time: 0.3

_Having caught a cold while stuck in the snow, Bristleback turns it to his advantage._

### Quill Spray

Bristleback's ability **Quill Spray**, type Active, targeting No Target, Instant Cast, Autocast, Physical damage.

Sprays enemy units with quills dealing damage in an area of effect around Bristleback. Deals bonus damage for every time a unit was hit by Quill Spray in the last 14 seconds.

- Mana cost: 35
- Cooldown: 3
- Pierces spell immunity: Yes
- Dispellable: No
- Radius: 700
- Quill Base Damage: 25/45/65/85
- Quill Stack Damage: 30
- Stack Duration: 14
- Max Damage: 500
- Projectile Speed: 2400

_An enforcer's honor can be a prickly thing.  So can his quills._

### Bristleback

Bristleback's ability **Bristleback**, type Passive, targeting Passive.

Bristleback takes less damage if hit on the sides or rear. If Bristleback takes enough damage from the rear, he releases a Quill Spray of the current level.

- Side Damage Reduction: 8%/12%/16%/20%
- Back Damage Reduction: 16%/24%/32%/40%
- Side Angle: 110
- Back Angle: 70
- Damage Threshold: 275/250/225/200
- Quill Release Interval: .1
- Activation Cooldown: 24
- Activation Manacost: 125
- Activation Delay: 0.5
- Activation Num Quill Sprays: 5
- Activation Spray Interval: 0.4
- Activation Angle: 45
- Activation Movement Speed Pct: -40
- Activation Turn Rate Pct: -100
- Activation Disable Turning: 1
- Activation Ignore Cast Angle: 1
- Activation Turn Rate: 500

_Turning his back to a fight might be just the thing._

### Hairball

Bristleback's ability **Hairball**, type Active, targeting Point Target, AOE, Hidden.

Coughs a quill-packed hairball towards the target location. Erupts at the location, hitting enemies with Viscous Nasal Goo stacks and Quill Spray.

- Mana cost: 60
- Cooldown: 15
- Pierces spell immunity: Yes
- Dispellable: Yes
- Projectile Speed: 1200
- Radius: 700
- Quill Stacks: 1
- Goo Stacks: 2
- Cast Range: 750
- Cast Time: 0.1

_Every part of Bristleback's body is a weapon -- even the parts he accidentally swallowed._

### Warpath

Bristleback's ability **Warpath**, type Passive, targeting Passive.

Bristleback works himself up into a fury every time he casts a spell, increasing his movement speed and damage.

- Dispellable: No
- Damage Per Stack: 12/16/20
- Movement Per Stack: 2%/2.5%/3%
- Stack Duration: 16/18/20
- Max Stacks: 8/10/12

_'Temper, temper,' his mum always chided.  But in a fight, a temper can come in handy._

### Prickly

Bristleback's ability **Prickly**, type Passive, targeting Passive, Physical damage, innate.

Bristleback has bonus damage and debuff duration amp against enemy heroes that are behind him.

- Pierces spell immunity: No
- Dispellable: Yes
- Damage And Debuff Duration Amp: 4.5%
- Angle: 110

## Lore

Never one to turn his back on a fight, Rigwarl was known for battling the biggest, meanest scrappers he could get his hands on. Christened Bristleback by the drunken crowds, he waded into backroom brawls in every road tavern between Slom and Elze, until his exploits finally caught the eye of a barkeep in need of an enforcer. For a bit of brew, Bristleback was hired to collect tabs, keep the peace, and break the occasional leg or two (or five, in the case of one unfortunate web-hund). After indulging in a night of merriment during which bodily harm was meted out in equal parts upon both delinquent patrons and his own liver, Bristleback finally met his match. 'Your tusks offend me, sir,' he was heard to drunkenly slur to one particularly large fellow from the northern wastes whose bill had come due. What followed was a fight for the ages. A dozen fighters jumped in. No stool was left unbroken, and in the end, the impossible happened: the tab went unpaid. Over the weeks that followed, Bristleback's wounds healed, and his quills grew back; but an enforcer's honor can be a prickly thing. He paid the tab from his own coin, vowing to track down this northerner and extract redemption. And then he did something he'd never done before: he actually trained, and in so doing made a startling discovery about himself. A smile peeled back from his teeth as he flexed his quills. Turning his back to a fight might be just the thing.","",99,"","",1,0,"",1,"en",0,,,,,""
"hero_master",,"shredder",1,"2026-07-29","hero_master","Timbersaw","# Timbersaw

Timbersaw is a Strength hero with a melee attack. Primary attribute: Strength. Attack type: Melee. Roles: Nuker, Durable, Escape.

## Roles

- **Nuker** — deals large burst spell damage
- **Durable** — survives extended fights, high effective health
- **Escape** — has mobility to leave dangerous situations

## Base stats

- Primary attribute: Strength
- Attack type: Melee
- Base Strength 23 (+3.6 per level)
- Base Agility 16 (+1.6 per level)
- Base Intelligence 23 (+2.7 per level)
- Health regen 0.25
- Mana regen 0.5
- Base armor 0
- Base damage 23-27
- Attack range 150
- Base attack time 100
- Attack point 0.36
- Projectile speed 900
- Move speed 280
- Vision 1800 day / 800 night

## Popularity

- Public games picked 161,967 times, won 72,475 (44.7% win rate)
- Professional games: 6 picks, 4 bans, 66.7% win rate

## Abilities

Timbersaw has 7 abilities: Whirling Death, Timber Chain, Reactive Armor, Flamethrower, Chakram, Return Chakram, Exposure Therapy.

### Whirling Death

Timbersaw's ability **Whirling Death**, type Active, targeting No Target, Instant Cast, Pure damage.

Timbersaw whirls extremely sharp edges, damaging enemies and destroying trees around him in an area. If an enemy hero is affected, it loses some of its primary attribute for a short duration. Whirling Death will deal bonus damage per tree destroyed.

- Mana cost: 100
- Cooldown: 7.5/7/6.5/6
- Pierces spell immunity: No
- Dispellable: Yes
- Radius: 325
- Damage: 60/120/180/240
- Tree Bonus Damage: 9/16/23/30
- Whirling Tick: 0.3
- Stat Loss: 13%
- Stat Loss (Universal): 5%
- Stat Loss Duration: 7/9/11/13

_In the case that Rizzrack gets surrounded by the vines and plants of his nightmares, he has an immediate chainsaw defense._

### Timber Chain

Timbersaw's ability **Timber Chain**, type Active, targeting Point Target, Pure damage.

Timbersaw fires a chain that embeds itself in the first tree it hits, pulling him towards it. Any enemy in the path takes damage.

- Mana cost: 60/70/80/90
- Cooldown: 4
- Pierces spell immunity: No
- Chain Radius: 90
- Cast Range: 750/900/1050/1200
- Radius: 225
- Speed: 2200/2400/2600/2800
- Damage: 45/105/165/225
- Cast Time: 0.3

_You never know when you might need to escape from malevolent saplings._

### Reactive Armor

Timbersaw's ability **Reactive Armor**, type Passive, targeting Passive, Magical damage.

Each time Timbersaw is attacked, he gains increased health regen and armor. Hero attacks are counted as 4x the amount.

- Mana cost: undefined
- Cooldown: undefined
- Dispellable: No
- Bonus Armor: 0.4/0.5/0.6/0.7
- Bonus Hp Regen: 0.5/0.6/0.7/0.8
- Max Stacks: 10/20/30/40
- Stack Duration: 10/12/14/16
- Stacks Per Hero Attack: 4

_The saw-suit is equipped to react to the slightest touch with fortified defenses._

### Flamethrower

Timbersaw's ability **Flamethrower**, type Active, targeting No Target, Instant Cast, Hidden, Magical damage.

Releases a flame in the direction Timbersaw is facing. Applies a debuff that deals damage per second and slows enemy movement speed. Affects buildings for reduced damage.

- Mana cost: 100
- Cooldown: 20
- Pierces spell immunity: No
- Dispellable: Yes
- Damage Per Second: 70
- Duration: 8
- Width: 275
- Range: 400
- Move Slow: 40%
- Building Damage: 50%
- Debuff Linger Time: 2

_A single saw can only cut so much. A single spark can burn forever._

### Chakram

Timbersaw's ability **Chakram**, type Active, targeting Point Target, AOE, Pure damage.

Fires Timbersaw's main saw blade at the target location where it will spin in place, dealing damage in an area around it. Enemies caught in the saw blade will move more slowly for every 5% of health missing. The blade deals damage and cuts down trees in its path when fired and retracted. While active the ability costs mana, and Timbersaw loses the ability to attack.

- Mana cost: 90/120/150
- Cooldown: 8
- Pierces spell immunity: No
- Dispellable: No
- Speed: 900
- Radius: 200
- Pass Damage: 75/150/225
- Damage Per Second: 50/75/100
- Slow: 5%
- Damage Interval: 0.5
- Break Distance: 2000
- Mana Cost Per Second: 10/15/20
- Pass Slow Duration: 0.5
- Slow Health Percentage: 5
- Cast Range: 1200
- Cast Time: 0.15

_The ultimate in anti-flora weaponry._

### Return Chakram

Timbersaw's ability **Return Chakram**, type Active, targeting No Target, Instant Cast, Hidden.

Returns the Chakram to Timbersaw.

- Cooldown: 0

### Exposure Therapy

Timbersaw's ability **Exposure Therapy**, type Passive, targeting Passive, innate.

Whenever Timbersaw destroys a tree, he gains mana.

- Mana Restore: 4

## Lore

Rizzrack could still hear the screams in his mind. He worked, frantically turning wrenches, twisting screws, building and carving and forging. Sleep eluded him; he only built. Months had passed since he had shut himself in his uncle's workshop, and his deliverance was nearly complete. He rubbed his back as his eyes drifted shut, and saw a blanket of flowers floating on the placid waves of Augury Bay before exploding into a cloud of pollen that silenced lives as it seized the lungs. He woke with a choking start. For hours the rhythmic sound of a whetstone filled the shop as he sharpened a set of massive blades, his mind filled with images of strangling vines garroting neighbors, enwrapping homes. The flooding of Augury Bay had been nothing compared to the violent horrors the waters left to take root beyond the city walls. But the saw-suit would make him strong and safe he thought, allowing himself this sliver of hope before the full might of his fear crashed into his fading mind. Branches and bark and blood. When the city fell, Rizzrack fled trees that walked, and fought, and killed. Trees had shattered the gates and swarmed into the city. Trees had crushed and thrashed and stomped the last that Augury Bay could muster in defense, and stalked the few fleeing refugees. In addled silence Rizzrack unspooled the thick chain from the suit's arm, his hands quaking as he inspected each link and ran a trembling finger along the claw attached at its end. The saw-suit was ready. With his hand trembling he sparked the bladed machine to life. Terror drove him, terror of what awaited him and of what he would have to face to have any hope of calming his mind. As the saw-suit shuddered to life he knew he must face this fear, and he knew he wouldn't like it one bit.","",98,"","",1,0,"",1,"en",0,,,,,""
"hero_master",,"magnataur",1,"2026-07-29","hero_master","Magnus","# Magnus

Magnus is an Universal hero with a melee attack. Primary attribute: Universal. Attack type: Melee. Roles: Initiator, Disabler, Nuker, Escape.

## Roles

- **Initiator** — starts team fights on favourable terms
- **Disabler** — has stuns, silences or other crowd control
- **Nuker** — deals large burst spell damage
- **Escape** — has mobility to leave dangerous situations

## Base stats

- Primary attribute: Universal
- Attack type: Melee
- Base Strength 23 (+3.1 per level)
- Base Agility 14 (+2 per level)
- Base Intelligence 20 (+2.1 per level)
- Health regen 0.5
- Mana regen 0.5
- Base armor 1
- Base damage 31-39
- Attack range 200
- Base attack time 100
- Attack point 0.5
- Projectile speed 900
- Move speed 305
- Turn rate 0.8
- Vision 1800 day / 800 night

## Popularity

- Public games picked 408,824 times, won 198,101 (48.5% win rate)
- Professional games: 5 picks, 1 ban, 60.0% win rate

## Abilities

Magnus has 6 abilities: Shockwave, Empower, Skewer, Horn Toss, Solid Core, Reverse Polarity.

### Shockwave

Magnus's ability **Shockwave**, type Active, targeting Unit Target, Point Target, Magical damage.

Magnus sends out a wave of force, damaging enemy units in a line, pulling them towards him, and slowing them for a brief period.

- Mana cost: 85/90/95/100
- Cooldown: 13/12/11/10
- Pierces spell immunity: No
- Shock Speed: 1200
- Shock Width: 200
- Damage: 75/150/225/300
- Movement Slow: 75%
- Slow Duration: 2
- Pull Duration: 0.2
- Pull Distance: 150
- Max Level: 4
- Slow Duration: 0.55/0.7/0.85/1
- Cast Range: 1200
- Duration: 0.6875
- Cast Time: 0.3

_Mt. Joerlak was a somewhat unstable mass, and Magnus has learned to channel its reverberations._

### Empower

Magnus's ability **Empower**, type Active, targeting Unit Target.

When cast on an ally, grants them bonus damage and cleave on attack. 

 Empower is always on Magnus with 30% larger bonus.

- Mana cost: 45/55/65/75
- Cooldown: 8
- Pierces spell immunity: Yes
- Dispellable: Yes
- Cast Range: 800
- Duration: 30/33/36/39
- Bonus Damage: 16%/24%/32%/40%
- Cleave Damage: 16%/24%/32%/40%
- Cleave Starting Width: 150
- Cleave Ending Width: 360
- Cleave Distance: 650
- Self Multiplier: 30
- Always On: 1
- Self Multiplier Bonus Max Stacks: 25/30/35/40
- Self Multiplier Bonus Per Stack: 5/6/7/8
- Cast Time: 0.3

_With a deep bellow, Magnus displays his true power._

### Skewer

Magnus's ability **Skewer**, type Active, targeting Point Target, Magical damage.

Magnus rushes forward, goring enemy units on his massive tusk. Heroes hit on the way will be dragged to the destination, then damaged and affected by slowed movement speed. The damage is increased based on distance traveled.

- Mana cost: 80
- Cooldown: 22/20/18/16
- Pierces spell immunity: No
- Dispellable: Yes
- Speed: 900
- Distance: 800/900/1000/1100
- Slow: 20%/30%/40%/50%
- Skewer Radius: 145
- Slow Duration: 3.25
- Damage: 80/160/240/320
- Distance As Damage: 6%/9%/12%/15%
- Tree Radius: 200
- Terrain Hit Cooldown: 0.5
- Cast Time: 0.3

_Magnoceros horns are valuable in direct proportion to their danger to prospective merchants._

### Horn Toss

Magnus's ability **Horn Toss**, type Active, targeting No Target, Hidden, Magical damage.

Magnus tosses any enemies in front of him, launching them to his rear. Enemies take damage, spend 0.6 seconds in the air, and are stunned while in the air and an additional amount of time after landing.

- Mana cost: 100
- Cooldown: 30
- Pierces spell immunity: No
- Dispellable: Yes
- Damage: 300
- Radius: 325
- Air Duration: 0.6
- Air Height: 300
- Slow Duration: 2
- Pull Offset: 75
- Destination Offset: 175
- Pull Angle: 230
- Horn Toss Slow Pct: 100
- Stun Duration: 0.75
- Cast Time: 0.2

_Survivors of Joerlak will never forget the sight of Magnus tossing countless enemies into rivers of fire and clouds of ash._

### Solid Core

Magnus's ability **Solid Core**, type Passive, targeting Passive, Hidden, innate.

Magnus has increased slow resistance and suffers less knockback from enemy's abilities and items.

- Knockback Resistance: 50%
- Slow Resistance: 24%

### Reverse Polarity

Magnus's ability **Reverse Polarity**, type Active, targeting No Target, Magical damage.

- Mana cost: 150/225/300
- Cooldown: 115
- Pierces spell immunity: Yes
- Dispellable: Strong Dispels Only
- Pull Radius: 430
- Damage: 100/200/300
- Stun Duration: 2.5/3/3.5

_Magnus fights with the fury of the erupting Mt. Joerlak._

## Lore

The master-smiths of Mt. Joerlak agree on only a single point: that the horn of a magnoceros is more precious than any alloy. And of all such horns, the largest and sharpest belongs to the beast they call Magnus. For half a generation, Magnus took easy sport goring hunters come to claim the treasures of his kin. Each time he would return to his cave with hooves and horns stained red, until his Matriarch urged him and all their kin to seek refuge to the north beyond the shadow of the mountain. But Magnus scoffed, having never failed to defend his people. The magnoceroi would stay, he decided, for a magnoceros does not believe in chance... nor does it ever change its mind. But when Mt. Joerlak erupted without warning, and half his kin perished in the fire and ash, Magnus changed his mind after all. The survivors pushed north, until they reached a blockade watched over by a hundred hunters armed with bow and steel. Magnus expected no less. He led his fiercest brothers and sisters in a charge against their enemies, and fought with a ferocity matched only by the fire-spewing mountain at his back. Meanwhile the magnoceros elders, mothers, and calves vanished into the drifts. The master-smiths are divided about what happened next. Some say Magnus reunited with his kin, while others claim he suffered mortal injuries and expired alongside the body of his Matriarch. Neither theory is correct. Magnus did vow to rejoin his kin...but only after seeking out those responsible for the eruption of Mt. Joerlak and watching them die upon his horn, for a magnoceros does not believe in chance.","",97,"","",1,0,"",1,"en",0,,,,,""
"hero_master",,"centaur",1,"2026-07-29","hero_master","Centaur Warrunner","# Centaur Warrunner

Centaur Warrunner is a Strength hero with a melee attack. Primary attribute: Strength. Attack type: Melee. Roles: Durable, Initiator, Disabler, Nuker, Escape.

## Roles

- **Durable** — survives extended fights, high effective health
- **Initiator** — starts team fights on favourable terms
- **Disabler** — has stuns, silences or other crowd control
- **Nuker** — deals large burst spell damage
- **Escape** — has mobility to leave dangerous situations

## Base stats

- Primary attribute: Strength
- Attack type: Melee
- Base Strength 27 (+4.2 per level)
- Base Agility 15 (+1 per level)
- Base Intelligence 15 (+1.6 per level)
- Health regen 3
- Mana regen 0
- Base armor -2
- Base damage 36-38
- Attack range 150
- Base attack time 90
- Attack point 0.3
- Projectile speed 900
- Move speed 300
- Vision 1800 day / 800 night

## Popularity

- Public games picked 303,305 times, won 154,749 (51.0% win rate)
- Professional games: 26 picks, 29 bans, 61.5% win rate

## Abilities

Centaur Warrunner has 7 abilities: Hoof Stomp, Double Edge, Retaliate, Work Horse, Hitch A Ride, Stampede, Horsepower.

### Hoof Stomp

Centaur Warrunner's ability **Hoof Stomp**, type Active, targeting No Target, Instant Cast, Magical damage.

After a brief windup, Centaur Warrunner slams the ground, stunning and damaging nearby enemy units. During the delay, he is disarmed but can move.

- Mana cost: 100/110/120/130
- Cooldown: 18/16/14/12
- Pierces spell immunity: No
- Dispellable: Strong Dispels Only
- Radius: 325
- Stomp Damage: 70/140/210/280
- Stun Duration: 1.6/1.8/2/2.2
- Windup Time: 0.5

_When the mighty hoof of the Warrunner touches soil, the tremors are felt far and wide._

### Double Edge

Centaur Warrunner's ability **Double Edge**, type Active, targeting Unit Target, AOE, Magical damage.

Centaur strikes a mighty blow at melee range, damaging both himself and a small area around the target. Deals extra damage based on your strength. Centaur cannot die from Double Edge.

- Mana cost: 0
- Cooldown: 3.5
- Pierces spell immunity: No
- Damage: 120/180/240/300
- Strength Damage: 60%/90%/120%/150%
- Radius: 220
- Cast Range: 175
- Cast Time: 0.25

_In the spurs of combat, Bradwarden's vicious strikes sometimes cause self-inflicted collateral damage._

### Retaliate

Centaur Warrunner's ability **Retaliate**, type Passive, targeting Passive, Physical damage.

Centaur counters all attacks, dealing damage back to the attacker. Returns a fixed amount plus a percentage of your strength. Deals half damage to towers.

- Pierces spell immunity: Yes
- Dispellable: Yes
- Return Damage: 15/25/35/45
- Str Return Damage: 16%/24%/32%/40%
- Aura Radius: 1200

_Bradwarden has no need to parry his opponent's attacks; his armor-like hide does it for him._

### Work Horse

Centaur Warrunner's ability **Work Horse**, type Active, targeting No Target.

Centaur hitches a cart behind him. While active, Centaur gains the benefit of Stampede for the current level of Stampede, and can cast Hitch a Ride on a target ally.

- Mana cost: 75
- Cooldown: 35
- Pierces spell immunity: Yes
- Dispellable: No
- Total Duration: 6
- Melee Attack Range: 200
- Air Duration: 0.5
- Air Height: 450
- Break Distance: 600

_It is a great honor to be offered a ride by Centaur Warrunner and a grave mistake to refuse it._

### Hitch A Ride

Centaur Warrunner's ability **Hitch A Ride**, type Active, targeting Unit Target, Hidden.

Centaur tosses an ally into a cart hitched behind him. While in the cart, the ally is invulnerable and can still cast and attack normally, but cannot move independently or be targeted by opponents. Increases the attack range of melee heroes by 200.

- Mana cost: 75
- Cooldown: 30
- Pierces spell immunity: Yes
- Dispellable: No
- Ride Duration: 8
- Melee Attack Range: 200
- Air Duration: 0.5
- Air Height: 450
- Break Distance: 600
- Cast Range: 250

_The needs of Bradwarden's ample pride pale greatly in the face of his demand for victory._

### Stampede

Centaur Warrunner's ability **Stampede**, type Active, targeting No Target, Instant Cast, Magical damage.

Centaur leads all allies into a vicious charge causing them to move through units at max speed and slow any enemy units they trample. Trampled enemies take damage based on Centaur Warrunner's strength. Each enemy can be trampled once.

- Mana cost: 150/200/250
- Cooldown: 100/95/90
- Dispellable: No
- Stampede Duration: 3.5/4/4.5
- Strength Multiplier Damage: 2/2.5/3
- Slow Duration: 3
- Trample Radius: 105
- Slow Movement Speed: 100

_The great belt of Omexe, which labels Bradwarden as the greatest warrior of his kind, incites his fellow gladiators to follow him into barbarous combat._

### Horsepower

Centaur Warrunner's ability **Horsepower**, type Passive, targeting Passive, innate.

Centaur Warrunner gains 40% of his strength as bonus movement speed.

 This Movement speed bonus does not stack with bonuses from boots.

- Strength To Movement Pct: 40

## Lore

It's said that a centaur's road is paved with the corpses of the fallen. For the one called Warrunner, it has been a long road indeed. To outsiders, the four-legged clans of Druud are often mistaken for simple, brutish creatures. Their language has no written form; their culture lacks pictographic traditions, structured music, formalized religion. For centaurs, combat is the perfect articulation of thought, the highest expression of self. If killing is an art among centaurs, then Bradwarden the Warrunner is their greatest artist. He rose to dominance on the proving grounds of Omexe, an ancient arena where centaur clans have for millennia gathered to perform their gladiatorial rites. As his fame spread, spectators came from far and wide to see the great centaur in action. Always the first to step into the arena, and the last to leave, he composes a masterpiece in each guttering spray, each thrust of blood-slickened blade-length. It is the poetry of blood on steel, flung in complex patterns across the pale sands of the killing floor. Warrunner defeated warrior after warrior, until the arena boomed with the cheering of his name, and he found himself alone, the uncontested champion of his kind. The great belt of Omexe was bestowed, wrapped around his broad torso, but in his victory, the death-artist found only emptiness. For what is a warrior without a challenge? The great centaur galloped out of Omexe that day with a new goal. To his people, Warrunner is the greatest warrior to ever step into the arena. Now he has set out to prove he is the greatest fighter who has ever lived.","",96,"","",1,0,"",1,"en",0,,,,,""
"hero_master",,"troll-warlord",1,"2026-07-29","hero_master","Troll Warlord","# Troll Warlord

Troll Warlord is an Agility hero with a ranged attack. Primary attribute: Agility. Attack type: Ranged. Roles: Carry, Pusher, Disabler, Durable.

## Roles

- **Carry** — scales with items and becomes the main damage dealer late game
- **Pusher** — pressures and destroys enemy towers quickly
- **Disabler** — has stuns, silences or other crowd control
- **Durable** — survives extended fights, high effective health

## Base stats

- Primary attribute: Agility
- Attack type: Ranged
- Base Strength 21 (+2.5 per level)
- Base Agility 23 (+3.3 per level)
- Base Intelligence 13 (+1 per level)
- Health regen 0.25
- Mana regen 0
- Base armor -1
- Base damage 27-35
- Attack range 500
- Base attack time 100
- Attack point 0.3
- Projectile speed 1200
- Move speed 290
- Vision 1800 day / 800 night

## Popularity

- Public games picked 111,497 times, won 56,279 (50.5% win rate)

## Abilities

Troll Warlord has 6 abilities: Battle Stance, Whirling Axes (Ranged), Whirling Axes (Melee), Fervor, Berserker's Rage, Battle Trance.

### Battle Stance

Troll Warlord's ability **Battle Stance**, type Active, targeting No Target, Instant Cast, innate.

Troll Warlord swaps from using ranged to melee attacks. While melee, Troll Warlord's base attack time is improved to 1.4.

Troll Warlord gains 1 armor per 30 bonus attack speed.

- Bonus Range: 350
- Base Attack Time: 1.4
- Armor Per Interval: 1
- Attack Speed Interval: 30
- Cast Time: 0.2

_Jah'rakal has a variety of ways to get under an enemy's skin._

### Whirling Axes (Ranged)

Troll Warlord's ability **Whirling Axes (Ranged)**, type Active, targeting Unit Target, Point Target, Magical damage.

Troll hurls a fistful of five axes in a cone shape over 950 range, slowing and damaging enemy units.

- Cooldown: 9
- Pierces spell immunity: No
- Dispellable: Yes
- Axe Width: 100
- Axe Speed: 1500
- Axe Range: 950
- Axe Damage: 60/80/100/120
- Slow Duration: 2.5/3/3.5/4
- Movement Slow: 40%
- Axe Spread: 25
- Axe Count: 5
- Cast Range: 950
- Cast Time: 0.2

_Only axes fueled by hate whirl with such a deadly spin._

### Whirling Axes (Melee)

Troll Warlord's ability **Whirling Axes (Melee)**, type Active, targeting No Target, Instant Cast, Magical damage.

Troll hurls two axes around him in a close range area of effect, damaging enemy units and causing them to miss some attacks.

- Cooldown: 9
- Pierces spell immunity: No
- Dispellable: Yes
- Damage: 75/120/165/210
- Hit Radius: 100
- Radius: 450
- Axe Movement Speed: 1250
- Blind Duration: 5
- Miss Chance: 60%
- Whirl Duration: 3

_Keep your enemies close._

### Fervor

Troll Warlord's ability **Fervor**, type Passive, targeting Passive.

With each continuous blow on the same target, Troll gains increased attack speed. If Troll changes targets, the stacks drop to zero.

- Dispellable: No
- Attack Speed Per Stack: 15/20/25/30
- Max Stacks: 10

_If at first you don't succeed, strike, strike again._

### Berserker's Rage

Troll Warlord's ability **Berserker's Rage**, type Passive, targeting Passive, Physical damage.

While in melee form, Troll Warlord's attacks have a chance to ensnare, preventing the target from moving or using mobility spells and has additional movement speed.

When in ranged form, Troll Warlord's attacks have a chance to Maim the target, dealing bonus damage, and slowing the target's movement and attack speed.

- Pierces spell immunity: Yes
- Bonus Move Speed: 15/25/35/45
- Bonus Range: 350
- Base Attack Time: 1.4
- Ensnare Chance: 20%
- Ensnare Duration: 0.8/1.2/1.6/2
- Maim Chance: 20%
- Maim Duration: 0.8/1.2/1.6/2
- Maim Move Slow: 8%/16%/24%/32%
- Maim Attack Slow: 8/16/24/32
- Maim Damage: 10/15/20/25

_Like his anger, Troll Warlord's supply of axes is infinite._

### Battle Trance

Troll Warlord's ability **Battle Trance**, type Active.

Troll unleashes a powerful battle trance, that forces you to continuously attack the closest enemy unit within 900 range, prioritizing heroes. Damage does not kill you during this mode. Grants you bonus lifesteal, attack speed and movement speed. Applies a Basic Dispel.

DISPEL TYPE: Basic Dispel

- Mana cost: 150
- Cooldown: 90/80/70
- Dispellable: No
- Trance Duration: 6.5
- Lifesteal: 40%/60%/80%
- Attack Speed: 140/170/200
- Movement Speed: 35%
- Range: 900
- Cast Range: 525

_An adrenaline rush of pure hatred quickens your blades._

## Lore

It's an easy thing to offend a troll. A prickly and contentious race, trolls thrive on argument and strife, missing no excuse to raise their voices in dispute. Males grow to maturity in subterranean chambers beneath their matriarch's domicile, feeding and amusing themselves while contributing nothing. Often they stay for years beyond the age of maturity, while the matriarch provides them with sustenance. When young trolls are finally pushed from their sub-chamber, they gather with others of their kind, forming roving gangs of malcontents who complain loudly about all manner of vexation. As much as trolls love to argue, imagine how rare it is for a troll to be driven from his own kind for being too difficult to get along with. Such was Jah'rakal's fate, a monger troll from deep in the Hoven. So deluded was he, so bitter and abrasive, that even other trolls found his company intolerable. After one particularly vitriolic outburst in which he claimed the lion's share of loot from their latest raid, his cohorts finally snapped. They turned on him, beat him with clubs, and drove him from the encampment. Enraged at his banishment, he returned the next day, armed with steel, and slew them all, one by one. He then swore a blood oath: he would ever after be a fighting force unto himself. Now he roams the world as the Troll Warlord, bitter and angry, the Imperial high commander of an army of one.","",95,"","",1,0,"",1,"en",0,,,,,""
"hero_master",,"medusa",1,"2026-07-29","hero_master","Medusa","# Medusa

Medusa is an Agility hero with a ranged attack. Primary attribute: Agility. Attack type: Ranged. Roles: Carry, Disabler, Durable.

## Roles

- **Carry** — scales with items and becomes the main damage dealer late game
- **Disabler** — has stuns, silences or other crowd control
- **Durable** — survives extended fights, high effective health

## Base stats

- Primary attribute: Agility
- Attack type: Ranged
- Base Strength 0 (+0 per level)
- Base Agility 22 (+3.6 per level)
- Base Intelligence 25 (+3.6 per level)
- Health regen 0.25
- Mana regen 0
- Base armor -1
- Base damage 26-32
- Attack range 600
- Base attack time 100
- Attack point 0.5
- Projectile speed 1200
- Move speed 275
- Vision 1800 day / 800 night

## Popularity

- Public games picked 134,432 times, won 66,683 (49.6% win rate)

## Abilities

Medusa has 6 abilities: Split Shot, Mystic Snake, Gorgon's Grasp, Cold Blooded, Mana Shield, Stone Gaze.

### Split Shot

Medusa's ability **Split Shot**, type Active, targeting No Target, Instant Cast.

Medusa magically splits her shot into several arrows. These arrows deal a lower percent of her normal damage.The extra targets will not receive other attack effects (such as critical strike).

- Pierces spell immunity: Yes
- Dispellable: No
- Damage Modifier: -50/-40/-30/-20
- Outgoing Damage: 50%/60%/70%/80%
- Extra Targets: 4
- Split Shot Bonus Range: 150
- Cast Time: 0.4

_All who encounter the cursed Gorgon will feel her rage._

### Mystic Snake

Medusa's ability **Mystic Snake**, type Active, targeting Unit Target, Magical damage.

A mystic snake made of energy jumps from target to target dealing damage. Damage and speed increases with each jump. After it reaches its last target, it returns to Medusa to replenish her with mana. The snake returns a percentage of the targets' total mana.

- Mana cost: 80/100/120/140
- Cooldown: 15/14/13/12
- Pierces spell immunity: No
- Cast Range: 750
- Cast Time: 0.2
- Jump Radius: 450
- Jumps: 3/4/5/6
- Jump Delay: 0.25
- Base Damage: 90/140/190/240
- Mana Gain: 15%
- Damage/Speed Increase Per Jump: 25%
- Initial Speed: 800
- Return Speed: 800
- Movement Slow: 30

_The Gorgon's curse is her greatest strength._

### Gorgon's Grasp

Medusa's ability **Gorgon's Grasp**, type Active, targeting AOE, Point Target, Physical damage.

Medusa fires arrows in a line that land in 3 groups, with each grouping larger than the previous. Enemies struck by a volley of arrows take an initial burst of damage and then are rooted, cannot turn, are revealed to the enemy, and take damage per second.

- Mana cost: 65/85/105/125
- Cooldown: 30/26/22/18
- Pierces spell immunity: No
- Dispellable: Yes
- Initial Radius: 150
- Radius Growth: 50
- Delay: 1
- Volley Interval: .25
- Volley Spread Pct: 170
- Volley Count: 3
- Duration: 0.8/1.2/1.6/2
- Damage: 30/70/110/150
- Damage Per Second: 100
- Damage Interval: .2
- Cast Range: 625
- Cast Time: 0.4

_The best predators don't even need to pounce._

### Cold Blooded

Medusa's ability **Cold Blooded**, type Passive, targeting Passive, Hidden, Magical damage.

When Medusa is targeted with a spell, a single-target Mystic Snake is sent back towards the enemy that turns them into stone for 1s.

- Cooldown: 12
- Pierces spell immunity: No
- Stone Form Scepter Base Tooltip: 1

_Point your gaze at her if you dare._

### Mana Shield

Medusa's ability **Mana Shield**, type Passive, targeting Passive, Hidden, innate.

Creates a shield that absorbs 98% of incoming damage in exchange for Medusa's mana. Illusions absorb 60% less damage per point of mana.

- Dispellable: No
- Damage Per Mana: 2
- Illusion Percentage: 60
- Absorption Pct: 98
- Aspd Increase Smoothness: 0.015

_While Medusa was not gifted with eternal life upon birth, her curse bestowed her with impressive defensive powers._

### Stone Gaze

Medusa's ability **Stone Gaze**, type Active, targeting No Target.

Any enemy units looking at Medusa will have their movement and attack speed slowed. If 2 seconds of total time is accumulated looking at Medusa while Stone Gaze is active, that unit will turn to stone. Petrified units are stunned, and take bonus physical attack damage.

- Mana cost: 250
- Cooldown: 90
- Pierces spell immunity: Yes
- Dispellable: No
- Cast Range: 1200
- Radius: 1200
- Duration: 5/5.5/6
- Slow: 35%
- Stone Duration: 2/2.2/2.4
- Face Duration: 2
- Vision Cone: 0.08715
- Bonus Physical Attack Damage: 35%/45%/55%
- Speed Boost: 50%
- Cast Time: 0.4

_The beauty of Medusa is legendary._

## Lore

Beauty is power. This thought comforted Medusa--the youngest and loveliest of three beautiful Gorgon sisters, born to a sea goddess--because she alone of the sisters was mortal. It comforted her, that is, until the day masked assailants invaded the Gorgon realm and tore the two immortal sisters from their home, unmoved by their beauty or by their tears. One of the invaders seized Medusa as well, but then cast her aside with a disgusted look: 'This one has the mortal stink upon her. We have no use for that which dies.' Humiliated, enraged, Medusa fled to the temple of her mother and cast herself before the goddess, crying, 'You denied me eternal life--therefore I beg you, give me power! Power, so I can dedicate what life I have to rescuing my sisters and avenging this injustice!' After long thought, the goddess granted her daughter's request, allowing Medusa to trade her legendary beauty for a face and form of terrifying strength. Never for a moment has Medusa regretted her choice. She understands that power is the only beauty worth possessing--for only power can change the world.","",94,"","",1,0,"",1,"en",0,,,,,""
"hero_master",,"slark",1,"2026-07-29","hero_master","Slark","# Slark

Slark is an Agility hero with a melee attack. Primary attribute: Agility. Attack type: Melee. Roles: Carry, Escape, Disabler, Nuker.

## Roles

- **Carry** — scales with items and becomes the main damage dealer late game
- **Escape** — has mobility to leave dangerous situations
- **Disabler** — has stuns, silences or other crowd control
- **Nuker** — deals large burst spell damage

## Base stats

- Primary attribute: Agility
- Attack type: Melee
- Base Strength 20 (+2.1 per level)
- Base Agility 21 (+1.5 per level)
- Base Intelligence 16 (+1.9 per level)
- Health regen 0.25
- Mana regen 0
- Base armor 0
- Base damage 37-43
- Attack range 150
- Base attack time 120
- Attack point 0.5
- Move speed 300
- Turn rate 0.7
- Vision 1800 day / 1800 night

## Popularity

- Public games picked 390,152 times, won 193,492 (49.6% win rate)
- Professional games: 1 picks, 4 bans, 100.0% win rate

## Abilities

Slark has 6 abilities: Dark Pact, Pounce, Saltwater Shiv, Depth Shroud, Essence Shift, Shadow Dance.

### Dark Pact

Slark's ability **Dark Pact**, type Active, targeting No Target, Instant Cast, Magical damage.

After a short delay, Slark sacrifices some of his life blood, purging most negative debuffs and dealing damage to enemy units around him and to himself. Slark only takes 30% of the damage.

DISPEL TYPE: Strong Dispel

- Mana cost: 65
- Cooldown: 9/8/7/6
- Pierces spell immunity: No
- Delay: 1.5
- Pulse Duration: 1
- Radius: 325
- Damage: 75/150/225/300
- Total Pulses: 10
- Pulse Interval: 0.1
- Self Damage Pct: 30
- Cast Time: 0.001

_Slithereen are capable of quickly regrowing appendages, in case of critical injury, to save their own lives._

### Pounce

Slark's ability **Pounce**, type Active, targeting No Target, Magical damage.

Slark leaps forward, leashing and applying Essence Shift stacks to the first hero he connects. That unit can only move a limited distance away from Slark's landing position.

- Mana cost: 75
- Cooldown: 24/20/16/12
- Pierces spell immunity: No
- Dispellable: No
- Distance: 700
- Pounce Speed: 933.33
- Pounce Acceleration: 7000
- Pounce Radius: 120
- Leash Duration: 2.5/2.75/3/3.25
- Leash Radius: 400
- Essence Shift Stacks: 1/2/3/4

_Time in the Dark Reef made Slark a dangerous assassin; aggressive and fearless._

### Saltwater Shiv

Slark's ability **Saltwater Shiv**, type Active, targeting Unit Target, Attack Modifier, Autocast, Physical damage.

Slark slices the target with his salty shiv, stealing a portion of the target's movement speed, Health Regen and Health Restoration.

These effects stack independently.

- Mana cost: 25/30/35/40
- Cooldown: 12/10.5/9/7.5
- Pierces spell immunity: No
- Dispellable: Yes
- Duration: 12
- Restoration Steal: 4%/8%/12%/16%
- Regen Steal: 4/8/12/16
- Speed Steal: 4/8/12/16
- Melee Range Buffer: 50
- Cast Range: 150

### Depth Shroud

Slark's ability **Depth Shroud**, type Active, targeting Point Target, AOE, Hidden.

Creates a cloud at the target location. All allies inside the radius are hidden and affected by Shadow Dance.

- Mana cost: 75
- Cooldown: 75
- Duration: 2
- Radius: 225
- Cast Range: 400
- Cast Time: 0.1

_Nothing worse than a job going bad thanks to some clompy-footed friend._

### Essence Shift

Slark's ability **Essence Shift**, type Passive, targeting Passive, Hidden, innate.

Slark steals the life essence of enemy heroes with his attacks, draining 1 of each of their attributes and converting them to bonus 3 Agility. If Slark kills an affected enemy hero, he permanently steals 1 Agility.

- Pierces spell immunity: Yes
- Dispellable: No
- Agi Gain: 3
- Stat Loss: 1
- Duration: 10
- Steal Radius: 300

_With each strike at his adversaries, Slark's knowledge of their weaknesses improves._

### Shadow Dance

Slark's ability **Shadow Dance**, type Active, targeting Instant Cast, No Target.

When not visible to the enemy team, Slark passively gains bonus movement speed and health regeneration. If Slark is damaged by a neutral unit, the passive movement and health regeneration bonuses are lost for 2 seconds.

When activated, Slark hides himself in a cloud of shadows, becoming immune to detection. Attacking, casting spells, and using items will not reveal Slark, but enemies can see the cloud itself.

- Mana cost: 100
- Cooldown: 50/40/30
- Dispellable: No
- Bonus Movement Speed: 20%/30%/40%
- Health Gained Per Second: 60/90/120
- Activation Delay: 0.5
- Neutral Disable: 2
- Duration: 4/4.25/4.5

_The hidden Thirteenth is a slippery foe._

## Lore

Little known to the inhabitants of the dry world, Dark Reef is a sunken prison where the worst of the sea-bred are sent for crimes against their fellows. It is a razor barbed warren full of murderous slithereen, treacherous Deep Ones, sociopathic meranths. In this dim labyrinth, patrolled by eels and guarded by enormous anemones, only the vicious survive. Pitched into Dark Reef for crimes unknown, Slark spent half a lifetime without kin or kindness, trusting no one, surviving through a combination of stealth and ruthlessness, keeping his thoughts and his plans to himself. When the infamous Dark Reef Dozen plotted their ill-fated breakout, they kept their plans a perfect secret, murdering anyone who could have put the pieces together--but somehow Slark discovered their scheme and made a place for himself in it. Ten of the Dozen died in the escape attempt, and two were captured, hauled back to Dark Reef, then executed for the entertainment of their fellow inmates. But Slark, the unsung thirteenth, used the commotion as cover and slipped away, never to be caught. Now a furtive resident of the carnivorous mangrove scrub that grips the southern reach of Shadeshore, Slark remains the only successful escapee from Dark Reef.","",93,"","",1,0,"",1,"en",0,,,,,""
"hero_master",,"visage",1,"2026-07-29","hero_master","Visage","# Visage

Visage is an Universal hero with a ranged attack. Primary attribute: Universal. Attack type: Ranged. Roles: Support, Nuker, Durable, Disabler, Pusher.

## Roles

- **Support** — protects allies, buys utility items and controls vision
- **Nuker** — deals large burst spell damage
- **Durable** — survives extended fights, high effective health
- **Disabler** — has stuns, silences or other crowd control
- **Pusher** — pressures and destroys enemy towers quickly

## Base stats

- Primary attribute: Universal
- Attack type: Ranged
- Base Strength 22 (+2.8 per level)
- Base Agility 11 (+1.3 per level)
- Base Intelligence 22 (+2.9 per level)
- Health regen 0.25
- Mana regen 0
- Base armor 0
- Base damage 21-31
- Attack range 600
- Base attack time 110
- Attack point 0.4
- Projectile speed 1400
- Move speed 285
- Vision 1800 day / 800 night

## Popularity

- Public games picked 56,216 times, won 29,009 (51.6% win rate)

## Abilities

Visage has 7 abilities: Grave Chill, Soul Assumption, Gravekeeper's Cloak, Stone Form, Silent as the Grave, Summon Familiars, Stone Form.

### Grave Chill

Visage's ability **Grave Chill**, type Active, targeting Unit Target.

Visage drains the movement and attack speed of the targeted unit, gaining the drained speed for itself and nearby Familiars.

- Mana cost: 75
- Cooldown: 17/15/13/11
- Pierces spell immunity: No
- Dispellable: Yes
- Duration: 5
- Move Speed Drain: 12%/18%/24%/30%
- Attack Speed Drain: 35/45/55/65
- Radius: 900
- Cast Range: 625
- Cast Time: 0.2

_The warmth of the sun is never felt in the dark cold of the Narrow Maze._

### Soul Assumption

Visage's ability **Soul Assumption**, type Active, targeting Unit Target, Magical damage.

Visage gathers charges of soul essence each time nearby heroes take more than 100 damage. When the essence is released, it deals base damage as well as damage for each gathered soul charge.

- Mana cost: 110
- Cooldown: 4
- Pierces spell immunity: No
- Bolt Speed: 1000
- Base Damage: 20
- Damage Per Charge: 70
- Max Charges: 3/4/5/6
- Charge Duration: 6
- Gather Damage Threshold: 100
- Gather Damage Radius: 1800
- Damage Min: 2
- Damage Max: 3000
- Target Count: 1
- Cast Range: 1000
- Cast Time: 0.2

_The collected souls of the dead reach out to bring another into their fold._

### Gravekeeper's Cloak

Visage's ability **Gravekeeper's Cloak**, type Passive, targeting Passive.

Visage generates a layered barrier that protects him from damage. If he receives damage from a player, one layer is removed, and takes time to recover.

Visage's Familiars are protected by his cloak when within 900 range of him, based on the number of layers Visage has.

- Max Layers: 4
- Damage Reduction Per Layer: 8%/12%/16%/20%
- Layer Recovery Time: 7/6/5/4
- Minimum Damage: 40
- Radius: 900
- Max Damage Reduction: 32%/48%/64%/80%

_Visage's tough scales share equal properties of ghost and stone, making it nearly impervious to blade and magical assault._

### Stone Form

Visage's ability **Stone Form**, type Active, targeting No Target, Instant Cast.

Orders the Familiar closest to Visage to cast Stone Form in its current location, turning into stone and smashing into the ground, stunning and damaging all targets in the area. The Familiar becomes invulnerable, and will regain its health very rapidly. After 6 seconds, the Familiar will automatically leave Stone Form.

 Can be alt-cast to order the closest Familiar to the target location to move there and cast Stone Form.

- Mana cost: 0
- Cooldown: 0
- Pierces spell immunity: No
- Dispellable: No
- Stun Radius: 375
- Stun Delay: 0.55
- Damage: 60/100/140
- Stun Duration: 0.8/1/1.2
- Stone Duration: 6
- Bonus Regen: 150/175/200

_There is no weapon or spell devised that can mar the wroughtstone servants of death._

### Silent as the Grave

Visage's ability **Silent as the Grave**, type Active, targeting No Target, Instant Cast, innate.

Visage gains flying movement and bonus movement speed. Upon attacking or casting, the speed and flying movement are lost and Visage and his familiars deal additional attack damage for 2s.

- Mana cost: 50
- Cooldown: 45.75
- Pierces spell immunity: No
- Dispellable: No
- Flight Duration: 20
- Bonus Movespeed: 12%
- Bonus Damage Duration: 2
- Bonus Damage: 10%

_Those on the mortal plane are blind to the stirrings of the agents of the afterlife._

### Summon Familiars

Visage's ability **Summon Familiars**, type Active, targeting No Target, Instant Cast, Physical damage.

Conjures 2 blind Familiars to fight for Visage. Familiars possess the Stone Form ability, that allows them to turn into stone, stunning enemies upon landing. While in Stone Form, Familiars are invulnerable, and rapidly regenerate their health. Familiars grant high bounty when killed.

The ability can be cast in the alt-cast state to recall Visages familiars after 4s, during which they cannot attack or act.

- Mana cost: 150
- Cooldown: 120/110/100
- Familiar Health: 450/600/750
- Familiar Armor: 2/3/4
- Familiar Attack Range: 180
- Familiar Speed: 430
- Familiar Gold Bounty: 100
- Familiar Attack Damage: 25/50/75
- Familiar Count: 2
- Back Distance: 75
- Side Distance: 75
- Return Distance: 1200
- Recall Duration: 4
- Max Distance: 3500
- Attack Range Buffer: 200
- Additional Target Search Radius: 300

_Guardians of the Narrow Maze, Necro'lic's Familiars stand watch over his domain._

### Stone Form

Visage's ability **Stone Form**, type Active, targeting No Target, Instant Cast, Magical damage.

After a short delay, the Familiar turns into stone and smashes into the ground, stunning and damaging all targets in the area. The Familiar becomes invulnerable, and will regain its health very rapidly. After 6 seconds, the Familiar will automatically leave Stone Form. 

 Can be alt-cast to order the Familiar to move to the target location and cast Stone Form.

- Cooldown: 11
- Pierces spell immunity: No
- Dispellable: Strong Dispels Only
- Stun Radius: 375
- Stun Delay: 0.55
- Damage: 60/100/140
- Stun Duration: 0.8/1/1.2
- Stone Duration: 6
- Bonus Regen: 150/175/200
- Cast Range: 50

## Lore

Perched atop the entrance to the Narrow Maze sit the looming shapes of sneering gargoyles, the paths into the hereafter forever in their gaze. Beasts and birds, men and monsters, all creatures that die and choose to travel beyond must someday pass beneath their sight. For an untethered spirit, the decision to journey through the veil of death is irrevocable. When chance comes, and by craft or cunning some restless soul escapes their hells and heavens, it is the dreaded gargoyle Visage, the bound form of the eternal spirit Necro'lic, who is dispatched to reclaim them. Ruthless and efficient, unhindered by the principles of death and fatigue, Visage stalks its prey without mercy or end, willingly destroying all which may give shelter to the fugitive essence. That which flaunts the laws of the afterlife may never rest, for while it is true that the dead may be revived, it is only a matter of time before Visage finds and returns them to their proper place.","",92,"","",1,0,"",1,"en",0,,,,,""
"hero_master",,"wisp",1,"2026-07-29","hero_master","Io","# Io

Io is an Universal hero with a ranged attack. Primary attribute: Universal. Attack type: Ranged. Roles: Support, Escape, Nuker.

## Roles

- **Support** — protects allies, buys utility items and controls vision
- **Escape** — has mobility to leave dangerous situations
- **Nuker** — deals large burst spell damage

## Base stats

- Primary attribute: Universal
- Attack type: Ranged
- Base Strength 19 (+3 per level)
- Base Agility 14 (+1.6 per level)
- Base Intelligence 21 (+1.7 per level)
- Health regen 0.25
- Mana regen 0
- Base armor 1
- Base damage 21-27
- Attack range 500
- Base attack time 100
- Attack point 0.3
- Projectile speed 1200
- Move speed 320
- Turn rate 0.7
- Vision 1800 day / 800 night

## Popularity

- Public games picked 170,457 times, won 85,831 (50.4% win rate)

## Abilities

Io has 8 abilities: Tether, Spirits, Overcharge, Spirits In, Spirits Out, Relocate, Break Tether, Equilibrium.

### Tether

Io's ability **Tether**, type Active, targeting Unit Target.

Tethers Io to an allied unit, granting bonus movement speed to both. When Io restores health or mana, the tethered unit gains a portion of that amount. The tether breaks when the allied unit moves too far away, or Io cancels the tether. Tether slows enemies touching it.

- Mana cost: 40
- Cooldown: 12
- Pierces spell immunity: Yes
- Dispellable: No
- Max Tether Distance: 1000
- Movement Speed Bonus: 6%/8%/10%/12%
- Latch Distance: 700
- Latch Speed: 1000
- Hp/Mana Transfer: 55%/75%/95%/115%
- Tether Mana Amp: 55/75/95/115
- Enemy Move/Attack Slow: 15%/30%/45%/60%
- Slow Duration: 0.2
- Tick Rate: 0.5
- Cast Range: 1600

_The benevolent touch of Io brings strength from between the planes._

### Spirits

Io's ability **Spirits**, type Active, targeting No Target, Instant Cast, Magical damage.

Summon five particle spirits that dance in a circle around Io. If a particle collides with an enemy hero, it explodes, damaging all enemy units in an area around it. Creeps take minor damage from touching a particle spirit, but do not cause them to explode. When its duration ends, any remaining Spirits explode.

- Mana cost: 90/100/110/120
- Cooldown: 15
- Pierces spell immunity: No
- Dispellable: No
- Creep Damage: 12/18/24/30
- Hero Damage: 30/50/70/90
- Revolution Time: 5
- Min Range: 200
- Default Radius: 425
- Oscillation Radius: 650
- Hero Hit Radius: 110
- Explosion Radius: 360
- Hit Radius: 150
- Spirit Movement Rate: 250
- Duration: 15
- Spirit Amount: 5
- Spirit Spawn Time: 1
- Duration: 15

_Io twists the particles of the universe with its unimaginable capabilities._

### Overcharge

Io's ability **Overcharge**, type Active, targeting No Target, Instant Cast.

Io gains attack speed, spell amplification, and health regeneration based on max health. If Io is Tethered to an ally, that unit also gains any bonuses granted by Overcharge.

- Mana cost: 40/60/80/100
- Cooldown: 25/22/19/16
- Dispellable: No
- Bonus Attack Speed: 35/60/85/110
- Bonus Spell Amp: 8%/10%/12%/14%
- Max Health Regen: 0.5%/0.6%/0.7%/0.8%
- Duration: 8

_Drawing on the energy of matter from all worlds, Io begins the unravelling of time._

### Spirits In

Io's ability **Spirits In**, type Active, targeting Instant Cast, Hidden.

Sends the spirits closer to you. Can be toggled on and off.

- Cooldown: 0

### Spirits Out

Io's ability **Spirits Out**, type Active, targeting Instant Cast, Hidden.

Sends the spirits farther away from you. Can be toggled on and off.

### Relocate

Io's ability **Relocate**, type Active, targeting Point Target.

Teleports Io and a tethered ally to any location. After the spell expires, Io and the tethered ally will return to their original location. Double-click to teleport to your team's base fountain.

- Mana cost: 175
- Cooldown: 90/80/70
- Dispellable: No
- Cast Time: 3.5/3.25/3
- Return Time: 12

_Io is the embodiment of the mystery of the universe._

### Break Tether

Io's ability **Break Tether**, type Active, targeting Hidden, No Target.

Break the link to the tethered unit.

- Cooldown: 1

### Equilibrium

Io's ability **Equilibrium**, type Passive, targeting Passive, Hidden, innate.

Io gains outgoing damage amplification the closer it is to full health, and Health Restoration and Healing Amplification the closer it is to zero health.

- Dispellable: No
- Max Damage Amp: 4%
- Max Heal Amp: 4%

## Lore

Io is everywhere, and in all things. Denounced by enemies as the great unmaker, worshiped by scholars as the twinkling of a divine eye, this strange Wisp of life-force occupies all planes at once, the merest fraction of its being crossing into physical existence at any one moment. Like the great twin riders Dark and Light, and yet another ancient traveler whose true history is lost to the ages, Io the Wisp is a Fundamental of the universe, a force older than time, a wanderer from realms far beyond mortal understanding. Io is nothing less than the sum of all attractive and repulsive forces within the material field, a sentient manifestation of the charge that bind existence together. It is only in the controlled warping of these electrical waylines that Io's presence can be experienced on the physical plane. A benevolent, cooperative force, Io bonds its strange magnetism to others so that the power of allies might be enhanced. Its motives inscrutable, its strength unimaginable, Io moves through the physical plane, the perfect expression of the mysteries of the universe.","",91,"","",1,0,"",1,"en",0,,,,,""
"hero_master",,"keeper-of-the-light",1,"2026-07-29","hero_master","Keeper of the Light","# Keeper of the Light

Keeper of the Light is an Intelligence hero with a ranged attack. Primary attribute: Intelligence. Attack type: Ranged. Roles: Support, Nuker, Disabler.

## Roles

- **Support** — protects allies, buys utility items and controls vision
- **Nuker** — deals large burst spell damage
- **Disabler** — has stuns, silences or other crowd control

## Base stats

- Primary attribute: Intelligence
- Attack type: Ranged
- Base Strength 18 (+2.3 per level)
- Base Agility 15 (+1.6 per level)
- Base Intelligence 24 (+3.3 per level)
- Health regen 0.25
- Mana regen 0
- Base armor 0
- Base damage 20-27
- Attack range 600
- Base attack time 100
- Attack point 0.3
- Projectile speed 900
- Move speed 315
- Turn rate 0.7
- Vision 1800 day / 800 night

## Popularity

- Public games picked 267,987 times, won 134,835 (50.3% win rate)
- Professional games: 13 picks, 38 bans, 92.3% win rate

## Abilities

Keeper of the Light has 8 abilities: Illuminate, Blinding Light, Chakra Magic, Solar Bind, Will-O-Wisp, Spirit Form, Release Illuminate, Bright Speed.

### Illuminate

Keeper of the Light's ability **Illuminate**, type Active, targeting Point Target, Channeled, Magical damage.

CHANNELED - Channels light energy, building power the longer it's channeled. Once released, a wave is sent forth that deals damage and gives vision in its path. The longer it is channeled, the more damage is dealt.

- Mana cost: 100/125/150/175
- Cooldown: 13
- Pierces spell immunity: No
- Max Damage: 185/290/395/500
- Max Channel Time: 3
- Width: 400
- Range: 1550
- Speed: 900
- Vision Radius: 800
- Vision Duration: 3.34
- Channel Vision Radius: 400
- Channel Vision Interval: 0.5
- Channel Vision Duration: 10.34
- Channel Vision Step: 150/180/210/240
- Cast Range: 1800
- Channel Time: 3

_Ezalor's hidden light reveals itself in marvelous fashion._

### Blinding Light

Keeper of the Light's ability **Blinding Light**, type Active, targeting AOE, Point Target, Magical damage.

A blinding light flashes over the targeted area, knocking back units to the edge of the area and blinding them, causing them to miss some attacks. Minimum knockback distance is 175 range over 0.6 seconds.

- Mana cost: 120/130/140/150
- Cooldown: 24/21/18/15
- Pierces spell immunity: No
- Dispellable: Yes
- Miss Chance: 45%
- Duration: 4
- Radius: 425/450/475/500
- Knockback Duration: 0.6
- Knockback Distance: 175
- Damage: 90/140/190/240
- Cast Range: 500/575/650/725
- Cast Time: 0.3

_The Primordial light turns the tides of battle in favor of Ezalor and his allies._

### Chakra Magic

Keeper of the Light's ability **Chakra Magic**, type Active, targeting Unit Target.

Restores mana to the target unit and reduces cooldowns of all basic abilities currently on cooldown by a fixed amount. Is 30% more effective when used on himself.

- Mana cost: 0
- Cooldown: 19/16/13/10
- Pierces spell immunity: Yes
- Mana Restore: 105/170/235/300
- Cooldown Reduction: 3/4/5/6
- Mana Leak Pct: 4.5/5/5.5/6
- Duration: 5
- Self Bonus: 30
- Cast Range: 900
- Cast Time: 0.3

_In the same vein, Ezalor bestows his harmony among others._

### Solar Bind

Keeper of the Light's ability **Solar Bind**, type Active, targeting Unit Target, Hidden.

Weakens an enemy's magical resistance, and applies a slow that increases in strength the more the target moves.

- Mana cost: 120
- Cooldown: 14
- Pierces spell immunity: No
- Dispellable: Yes
- Duration: 6
- Slow Per 100 Units: 10%
- Magic Resistance Reduction: 20%/30%/40%
- Cast Range: 850
- Cast Time: 0.2

_Even a glimpse of the First Light is enough to rob enemies of their senses._

### Will-O-Wisp

Keeper of the Light's ability **Will-O-Wisp**, type Active, targeting Point Target, AOE, Hidden, Magical damage.

Summons Ignis Fatuus at the targeted area. Alternates on and off, drawing enemies closer with its mesmerising flicker.

- Mana cost: 150
- Cooldown: 60
- Pierces spell immunity: No
- Dispellable: Yes
- On Count: 5
- Radius: 725
- Hit Count: 7
- Damage: 85
- Off Duration: 1.85
- On Duration: 1
- Off Duration Initial: 1
- Fixed Movement Speed: 60
- Bounty: 100
- Cast Range: 800
- Cast Time: 0.1

_Though he would not claim to 'know' them, Ezalor holds an uncanny influence over many powerful creatures always willing to come to his aid._

### Spirit Form

Keeper of the Light's ability **Spirit Form**, type Active, targeting No Target.

Ezalor temporarily turns his body luminescent, gaining cast range, increasing the speed bonus from Bright Speed, and allows Illuminate to be channeled by a separate spirit and heal allies.

- Mana cost: 75/125/175
- Cooldown: 85/80/75
- Dispellable: No
- Duration: 40/45/50
- Bright Speed Bonus Movement: 50%
- Cast Range Bonus: 100/175/250
- Illuminate Heal: 70%

_In a flash of light, Ezalor reveals his true nature._

### Release Illuminate

Keeper of the Light's ability **Release Illuminate**, type Active, targeting No Target, Hidden.

Release the channel early.

### Bright Speed

Keeper of the Light's ability **Bright Speed**, type Passive, targeting Passive, innate.

Keeper of the Light gains 1 movement speed for every 3 Intelligence.

Whenever Keeper of the Light moves 300 distance, he leaves behind light that allows him to see 400 range for 3 seconds.

- Intelligence Per Speed: 3
- Movement Per Vision: 300
- Vision Radius: 400
- Vision Duration: 3

## Lore

Upon a pale horse he rides, this spark of endless suns, this Keeper of the Light. Ezalor long ago escaped the Fundamental plane, separating from the other ancient forces to which he was bound within the great Primordial harmony. He is a power grown sentient in the dawn of the universe, and now rides forth in all planes at once, one step ahead of pursuing chaos, bearing his gift with him at the end of a radiant staff. His majestic truth lies hidden beneath the outward appearance of a slightly doddering old man who barely stays in the saddle. However, when faced with the challenge of chaos, or the forces of darkness, his primordial light bursts forth, and his full power is revealed, transforming him once again into a force to be reckoned with.","",90,"","",1,0,"",1,"en",0,,,,,""
"hero_master",,"naga-siren",1,"2026-07-29","hero_master","Naga Siren","# Naga Siren

Naga Siren is an Agility hero with a melee attack. Primary attribute: Agility. Attack type: Melee. Roles: Carry, Support, Pusher, Disabler, Initiator, Escape.

## Roles

- **Carry** — scales with items and becomes the main damage dealer late game
- **Support** — protects allies, buys utility items and controls vision
- **Pusher** — pressures and destroys enemy towers quickly
- **Disabler** — has stuns, silences or other crowd control
- **Initiator** — starts team fights on favourable terms
- **Escape** — has mobility to leave dangerous situations

## Base stats

- Primary attribute: Agility
- Attack type: Melee
- Base Strength 21 (+2.4 per level)
- Base Agility 22 (+3.4 per level)
- Base Intelligence 19 (+2 per level)
- Health regen 1
- Mana regen 0
- Base armor 1
- Base damage 23-25
- Attack range 150
- Base attack time 110
- Attack point 0.5
- Projectile speed 900
- Move speed 330
- Vision 1800 day / 800 night

## Popularity

- Public games picked 81,549 times, won 39,246 (48.1% win rate)
- Professional games: 1 picks, 2 bans, 0.0% win rate

## Abilities

Naga Siren has 7 abilities: Mirror Image, Ensnare, Rip Tide, Reel In, Eelskin, Song of the Siren, Song of the Siren End.

### Mirror Image

Naga Siren's ability **Mirror Image**, type Active, targeting No Target.

Creates multiple images of Naga Siren under her control.

DISPEL TYPE: Basic Dispel

- Mana cost: 75/90/105/120
- Cooldown: 40/35/30/25
- Image Duration: 26
- Outgoing Damage: -75/-70/-65/-60
- Image Damage: 25%/30%/35%/40%
- Incoming Damage: 250
- Image Damage Taken: 350%
- Image Count: 3
- Invuln Duration: 0.5
- Cast Time: 0.4

_Slithice, while being strong in her own right, is notoriously hard to track down._

### Ensnare

Naga Siren's ability **Ensnare**, type Active, targeting Unit Target.

Interrupts the target and traps them in place, preventing movement or blinking. Can target units affected by Song of the Siren.

- Mana cost: 70/80/90/100
- Cooldown: 21/18/15/12
- Pierces spell immunity: No
- Dispellable: Yes
- Duration: 2.75/3.5/4.25/5
- Net Speed: 1500
- Fake Ensnare Distance: 900
- Cast Range: 500/525/550/575
- Cast Time: 0.3

_The only way to escape the onslaught of a Slithereen is to never oppose one in the first place._

### Rip Tide

Naga Siren's ability **Rip Tide**, type Passive, targeting Passive, Magical damage.

Naga Siren and her illusions deal bonus damage to enemies and reduce their armor for 4 seconds every 6 attacks.

- Pierces spell immunity: No
- Dispellable: Yes
- Hits: 6
- Armor Reduction: -2/-4/-6/-8
- Damage: 30/40/50/60
- Radius: 300
- Duration: 4

_A torrent from the Deep Ones crushes the defenses of the Siren's enemies._

### Reel In

Naga Siren's ability **Reel In**, type Active, targeting No Target, Channeled.

CHANNELED - Naga Siren channels for up to 5 seconds, pulling all units affected by Naga's Ensnare in a 1600 range towards her at a speed of 200. Channeling ends when the Ensnared unit is 100 distance away.

- Mana cost: 0
- Cooldown: 8
- Pierces spell immunity: Yes
- Dispellable: No
- Radius: 1600
- Pull Strength: 200
- Min Pull Distance: 100
- Cast Range: 1400
- Channel Time: 5

_Even the youngest Slithereen are well schooled in trawling for prey with nothing but their wits and nets._

### Eelskin

Naga Siren's ability **Eelskin**, type Passive, targeting Passive, innate.

Naga Siren has bonus evasion, increased per every other Naga Siren within 900 radius.

- Evasion Per Naga: 4%
- Radius: 900

### Song of the Siren

Naga Siren's ability **Song of the Siren**, type Active, targeting No Target.

All enemies in range of the Naga Siren are put into a magical stasis where they cannot act or be attacked. Using Song of the Siren again will end the duration early.

- Mana cost: 150/250/350
- Cooldown: 160/130/100
- Pierces spell immunity: No
- Dispellable: No
- Radius: 900/1150/1400
- Duration: 7
- Animation Rate: 0.55
- Max Hp Regen Per Second: 1%/2%/3%
- Cast Range: 900/1150/1400
- Cast Time: 1

_Slithice's powerful voice enchants leagues of opponents, while calling her Slithereen kin in a time of need._

### Song of the Siren End

Naga Siren's ability **Song of the Siren End**, type Active, targeting Hidden, No Target.

Release enemy units from your song so they can be targeted again.

- Cooldown: 1

## Lore

Among the high-sworn of the Slithereen Guard there is a solemn vow oft repeated before battle: No Slithereen may fail. In truth, these words are equal parts oath and enforceable covenant, for those who fall short of their duty are banished from the order. To fail is to be other than Slithereen. Once most highly esteemed of her race, Slithice for many years commanded a battalion of her fellows, using her formidable voice as her greatest weapon. Powerful, sinuous, serpentine, she led her deadly Guard in defense of the Deep Ones, and the great wealth of the sunken cities. But in the final battle of Crey, her forces were driven back by a marauding army of levianths intent on finding tribute for their god Maelrawn. After the long and bloody onslaught, as the bodies were cleared from the sunken halls, a single jeweled chalice was found missing from the trove. Of her hundred Guard, only a handful survived, but their bravery and sacrifice were of little consequence. What mattered was that treasure was taken. Honor destroyed. And so Naga Siren was cast out. Banished to search for the stolen chalice. Though she might add a hundred times her weight to the golden trove, she is doomed to live apart until that day she returns that which was taken. For no amount of gold is equal in honor to the honor she lost.","",89,"","",1,0,"",1,"en",0,,,,,""
"hero_master",,"nyx-assassin",1,"2026-07-29","hero_master","Nyx Assassin","# Nyx Assassin

Nyx Assassin is an Universal hero with a melee attack. Primary attribute: Universal. Attack type: Melee. Roles: Disabler, Nuker, Initiator, Escape.

## Roles

- **Disabler** — has stuns, silences or other crowd control
- **Nuker** — deals large burst spell damage
- **Initiator** — starts team fights on favourable terms
- **Escape** — has mobility to leave dangerous situations

## Base stats

- Primary attribute: Universal
- Attack type: Melee
- Base Strength 17 (+2.7 per level)
- Base Agility 18 (+2.9 per level)
- Base Intelligence 21 (+2.6 per level)
- Health regen 2
- Mana regen 0
- Base armor 1
- Base damage 26-30
- Attack range 150
- Base attack time 100
- Attack point 0.46
- Projectile speed 900
- Move speed 310
- Vision 1800 day / 800 night

## Popularity

- Public games picked 249,837 times, won 129,569 (51.9% win rate)
- Professional games: 1 picks, 1 ban, 100.0% win rate

## Abilities

Nyx Assassin has 7 abilities: Impale, Mind Flare, Spiked Carapace, Burrow, Mana Burn, Vendetta, Unburrow.

### Impale

Nyx Assassin's ability **Impale**, type Active, targeting Point Target, Magical damage.

Rock spikes burst from the earth along a straight path. Enemy units take damage, then are hurled into the air and stunned.

- Mana cost: 90/100/110/120
- Cooldown: 17/15/13/11
- Pierces spell immunity: No
- Dispellable: Strong Dispels Only
- Width: 140
- Stun Duration: 1.1/1.4/1.7/2
- Length: 750
- Speed: 1600
- Impale Damage: 100/160/220/280
- Cast Range: 750
- Cast Time: 0.3

_All zealot scarabs possess intimate knowledge of underground pathways, using them to their advantage._

### Mind Flare

Nyx Assassin's ability **Mind Flare**, type Active, targeting Unit Target, AOE, Magical damage.

Deals damage equal to a percentage of the target's Max Mana and burns part of it away. Deals additional damage equal to a percentage of the damage the target has taken from Nyx Assassin in the last 15s. Resets accumulated damage before applying damage.

- Mana cost: 100/105/110/115
- Cooldown: 11/9.5/8/6.5
- Pierces spell immunity: No
- Max Mana As Damage: 25%/30%/35%/40%
- Mana Burnt: 9%/12%/15%/18%
- Damage Echo Duration: 15
- Bonus Damage: 15%
- Cast Range: 800
- Cast Time: 0.4

_Only those raised by the queen can use their minds to touch the world around them._

### Spiked Carapace

Nyx Assassin's ability **Spiked Carapace**, type Active, targeting No Target, Instant Cast.

When activated while above ground, Spiked Carapace reflects and negates damage dealt to Nyx Assassin (max once from each source), as well as stunning the source of the damage. Activating Spiked Carapace will not break Vendetta invisibility.

While Burrowed, Spiked Carapace instantly stuns nearby enemies when cast.

- Mana cost: 40
- Cooldown: 20/16/12/8
- Pierces spell immunity: No
- Dispellable: No
- Reflect Duration: 2
- Stun Duration: 0.7/1/1.3/1.6
- Damage Reflected: 140%

_While their carapace is relatively thin, it's guarded by a retractable field of razor-sharp spikes._

### Burrow

Nyx Assassin's ability **Burrow**, type Active, targeting No Target, Hidden.

Nyx Assassin buries himself beneath the battlefield over a short duration. Once burrowed, Spiked Carapace instantly stuns nearby enemies when cast, the range of Mind Flare and Impale is increased, and Impale's cooldown is decreased. While burrowed, Nyx Assassin is stationary, unable to attack, and invisible. Nyx Assassin gains damage reduction from all damage sources.

- Dispellable: No
- Max Hp Regen: 1%
- Max Mana Regen: 1%
- Burrow Damage Reduction: 40%
- Burrow Bonus Cast Range: 500
- Burrow Bonus Cooldown Reduction: 25%
- Burrow Spiked Carapace Range: 400
- Cast Time: 1.5

_Some castes of zealot scarab are known to create small burrows to lie in wait, ready to ambush their prey._

### Mana Burn

Nyx Assassin's ability **Mana Burn**, type Passive, targeting Passive, Hidden, innate.

Nyx Assassin's damage on enemies also burns mana as a percentage of the damage dealt.

- Dispellable: No
- Mana Burn: 12%

### Vendetta

Nyx Assassin's ability **Vendetta**, type Active, targeting Instant Cast, No Target, Pure damage.

Nyx Assassin becomes invisible and gains a speed bonus. If Nyx Assassin attacks to break the invisibility, massive bonus damage is dealt with the attack that applies a break to the target. Nyx Assassin has 75 additional attack range and a 70% faster attack animation for this attack.

- Mana cost: 180/240/300
- Cooldown: 80/70/60
- Pierces spell immunity: Yes
- Dispellable: No
- Duration: 45/50/55
- Movement Speed: 16%/18%/20%
- Bonus Damage: 300/400/500
- Health Regen Rate Scepter: 3
- Mana Regen Rate Scepter: 3
- Break Duration: 4
- Attack Animation Bonus: 70
- Attack Range Bonus: 75

_The scarab kills for the glory of his queen._

### Unburrow

Nyx Assassin's ability **Unburrow**, type Active, targeting Hidden, No Target.

Emerge from the burrow.

- Mana cost: 0
- Cooldown: 0

_Some castes of zealot scarab are known to create small burrows to lie in wait, ready to ambush their prey._

## Lore

Deep in the Archive of Ultimyr, shelved between scholarly treatises on dragon cladistics and books of untranslatable spells, there is an ancient tome of entomological curiosities. Compiled by scholars, the book describes the telepathic talents of the zealot scarab, a strange species of social insect with abilities unique to all the seven planes. Unlike most grubs of his colony, Nyx Assassin did not arise from metamorphosis with the plodding thoughts and blunted appendages common to the worker caste of his kind. For his was a special transformation, guided by the grace of Nyx. He was the chosen one, selected from the many and anointed with an extract of the queen goddess herself. Not all survive the dark blessing of the queen's chamber, but he emerged with a penetrating mind, and dagger-like claws--his razor sharp mandibles raking the air while his thoughts projected directly into the minds of those around him. Of all zealot scarabs, he alone was selected for the highest calling. After his metamorphosis, he was reborn, by grace of Nyx, with abilities which shaped him for one thing and one thing only: to kill in the name of his goddess.","",88,"","",1,0,"",1,"en",0,,,,,""
"hero_master",,"disruptor",1,"2026-07-29","hero_master","Disruptor","# Disruptor

Disruptor is an Intelligence hero with a ranged attack. Primary attribute: Intelligence. Attack type: Ranged. Roles: Support, Disabler, Nuker, Initiator.

## Roles

- **Support** — protects allies, buys utility items and controls vision
- **Disabler** — has stuns, silences or other crowd control
- **Nuker** — deals large burst spell damage
- **Initiator** — starts team fights on favourable terms

## Base stats

- Primary attribute: Intelligence
- Attack type: Ranged
- Base Strength 21 (+2.4 per level)
- Base Agility 15 (+1.4 per level)
- Base Intelligence 20 (+2.9 per level)
- Health regen 0.25
- Mana regen 0
- Base armor 0
- Base damage 27-31
- Attack range 625
- Base attack time 100
- Attack point 0.4
- Projectile speed 1200
- Move speed 295
- Vision 1800 day / 800 night

## Popularity

- Public games picked 278,447 times, won 138,566 (49.8% win rate)
- Professional games: 2 picks, 1 ban, 50.0% win rate

## Abilities

Disruptor has 6 abilities: Thunder Strike, Glimpse, Kinetic Field, Kinetic Fence, Electromagnetic Repulsion, Static Storm.

### Thunder Strike

Disruptor's ability **Thunder Strike**, type Active, targeting Unit Target, Magical damage.

Repeatedly strikes the targeted unit with lightning. Each strike damages nearby enemy units in a small radius and slows enemy movement and attack speed by 100% for x1.75 seconds. Provides vision of its target.

- Mana cost: 115/120/125/130
- Cooldown: 18/15/12/9
- Pierces spell immunity: No
- Dispellable: Yes
- Cast Range: 800
- Radius: 260
- Strikes: 4
- Strike Interval: 2
- Strike Damage: 30/60/90/120
- Slow Duration: 0.3
- Slow Amount: 100
- Shard Ground Delay: 4
- Cast Time: 0.05

_Disruptor's charged coils occasionally overload, and a singed armor plate or tuft of fur is the enemy's result._

### Glimpse

Disruptor's ability **Glimpse**, type Active, targeting Unit Target, Magical damage.

Teleports the target hero back to where it was 4 seconds ago. Instantly kills illusions. Deals damage equal to a percentage of the distance glimpsed, that cannot go over a damage maximum.

- Mana cost: 70/85/100/115
- Cooldown: 24/22/20/18
- Pierces spell immunity: No
- Dispellable: No
- Backtrack Time: 4
- Cast Range: 600/1000/1400/1800
- Min Damage: 25
- Max Damage: 100/160/220/280
- Glimpse Distance To Damage: 20%/25%/30%/35%
- Cast Range: 600/1000/1400/1800
- Cast Time: 0.05

_Playing with electricity can have unexpected results._

### Kinetic Field

Disruptor's ability **Kinetic Field**, type Active, targeting Point Target, AOE.

After a short formation time, creates a circular barrier of kinetic energy that enemies can't pass.

- Mana cost: 70
- Cooldown: 20/18/16/14
- Pierces spell immunity: No
- Radius: 350
- Formation Delay: 1
- Duration: 2.6/3.2/3.8/4.4
- Wall Thickness: 100
- Tick Rate: 0.1
- Cast Range: 900
- Cast Time: 0.05

_The stryder is immune to the gale-force winds that will consume its adversaries._

### Kinetic Fence

Disruptor's ability **Kinetic Fence**, type Active, targeting Point Target, Hidden.

After a short formation time, creates a wall out of kinetic energy that enemies cannot pass.

- Mana cost: 70
- Cooldown: 0
- Pierces spell immunity: No
- Length: 1200
- Wall Thickness: 100
- Radius: 350
- Formation Delay: 1
- Duration: 4.4
- Tick Rate: 0.1
- Cast Range: 1200
- Cast Time: 0.05

_For a brief moment, it's as if the wind itself had turned solid._

### Electromagnetic Repulsion

Disruptor's ability **Electromagnetic Repulsion**, type Passive, targeting Passive, innate.

Whenever Disruptor takes more than 250 damage from any source within 400 radius, all nearby enemies within take damage equal to 1.5x of Disruptor's Intelligence, and are pushed back up to a 400 distance away.

- Cooldown: 5
- Dispellable: No
- Damage Threshold: 250
- Effect Radius: 400
- Knockback Duration: .2
- Damage Reset Interval: 7
- Damage Per Int: 1.5

_Safe harbor found inside the storm._

### Static Storm

Disruptor's ability **Static Storm**, type Active, targeting Point Target, AOE, Magical damage.

Creates a damaging static storm that also silences all enemy units in the area for the duration. The damage starts off weak, but increases in power over the duration.

- Mana cost: 125/175/225
- Cooldown: 100/85/70
- Pierces spell immunity: No
- Dispellable: No
- Radius: 550
- Pulses: 20
- Max Damage Per Second: 200/275/350
- Duration: 6
- Cast Range: 800
- Cast Time: 0.05

_A summer squall in Druud is a hardship that only an Oglodi can survive._

## Lore

High on the wind-ravaged steppes of Druud, a gifted young stormcrafter called Disruptor was the first to unlock the secrets of the summer squalls. Constantly under assault from both seasonal storms and encroachment from civilized kingdoms to the South, the upland Oglodi have for centuries struggled to subsist atop the endless tablelands. They are the fractured remnant of a once-great civilization, a fallen tribe, their stormcraft strange and inscrutable, cobbled together from scraps of lost knowledge which even they no longer fully understand. For those on the high plain, weather has become a kind of religion, worshiped as both the giver and taker of life. But the electrical storms that bring life-sustaining rains arrive at a cost, and many are the charred and smoking corpses left in their wake. Although small for his kind, Disruptor is fearless, and driven by an insatiable curiosity. As a youth, while still unblooded and without a stryder, he explored the ruins of the ancestral cities, searching through collapsed and long-moldering libraries, rummaging through rusting manufactories. He took what he needed and returned to his tribe. Adapting a coil of ancient design, he harnessed the power of electrical differential and now calls down the thunder whenever he wishes. Part magic, part craftsmanship, his coils hold in their glowing plates the power of life and death--a power wielded with precision against the landed castes to the South, and any interlopers who cross into ancient Oglodi lands.","",87,"","",1,0,"",1,"en",0,,,,,""
"hero_master",,"rubick",1,"2026-07-29","hero_master","Rubick","# Rubick

Rubick is an Intelligence hero with a ranged attack. Primary attribute: Intelligence. Attack type: Ranged. Roles: Support, Disabler, Nuker.

## Roles

- **Support** — protects allies, buys utility items and controls vision
- **Disabler** — has stuns, silences or other crowd control
- **Nuker** — deals large burst spell damage

## Base stats

- Primary attribute: Intelligence
- Attack type: Ranged
- Base Strength 21 (+2 per level)
- Base Agility 23 (+2.5 per level)
- Base Intelligence 24 (+3.7 per level)
- Health regen 0.25
- Mana regen 0.5
- Base armor 1
- Base damage 25-31
- Attack range 550
- Base attack time 100
- Attack point 0.4
- Projectile speed 1125
- Move speed 290
- Turn rate 0.7
- Vision 1800 day / 800 night

## Popularity

- Public games picked 657,344 times, won 323,136 (49.2% win rate)
- Professional games: 17 picks, 5 bans, 47.1% win rate

## Abilities

Rubick has 8 abilities: Telekinesis, Fade Bolt, Arcane Supremacy, Stolen Spell, Spell Steal, Telekinesis Land, Curiosity, Telekinesis Land.

### Telekinesis

Rubick's ability **Telekinesis**, type Active, targeting Unit Target.

Rubick uses his telekinetic powers to lift the enemy into the air briefly and then hurls them back at the ground. The unit lands on the ground with such force that it stuns nearby enemies.

- Mana cost: 110
- Cooldown: 22/19/16/13
- Pierces spell immunity: No
- Dispellable: Strong Dispels Only
- Lift Duration: 0.95/1.2/1.45/1.7
- Stun Duration: 0.9/1.1/1.3/1.5
- Impact Radius: 300/325/350/375
- Max Throw Distance: 375
- Fall Duration: 0.3
- Cast Range: 550/575/600/625
- Cast Time: 0.1

_Even the Grandest Magus may use his powers for enjoyment._

### Fade Bolt

Rubick's ability **Fade Bolt**, type Active, targeting Unit Target, Magical damage.

Rubick creates a powerful stream of arcane energy that travels between enemy units, dealing damage and reducing their attack and spell damage. Each jump deals less damage.

- Mana cost: 110/125/140/155
- Cooldown: 16/14/12/10
- Pierces spell immunity: No
- Dispellable: Yes
- Damage: 85/165/245/325
- Jump Reduction: 6%
- Damage Reduction: 6%/12%/18%/24%
- Debuff Duration: 9
- Radius: 440
- Jump Delay: 0.25
- Cast Range: 800
- Cast Time: 0.1

_Rubick's favorite spell for dispatching would-be assassins is a rather simple conjuration._

### Arcane Supremacy

Rubick's ability **Arcane Supremacy**, type Passive, targeting Passive.

Rubick's mastery of the arcane allows him to have a larger cast range and bonus spell amplification.

- Cast Range: 60/120/180/240
- Spell Amp: 11%/16%/21%/26%

_Not every magus can be a Grand Magus..._

### Stolen Spell

Rubick's ability **Stolen Spell**, type Passive, targeting Passive.

Spells acquired with Spell Steal will replace this slot.

### Spell Steal

Rubick's ability **Spell Steal**, type Active, targeting Unit Target.

Rubick studies the trace magical essence of one enemy hero, learning the secrets of the last spell the hero cast. Rubick can use this spell as his own for several minutes or until he dies.

- Mana cost: 25
- Cooldown: 16/10/4
- Pierces spell immunity: Yes
- Dispellable: No
- Projectile Speed: 1500
- Stolen Spell Cooldown Reduction: 10%/20%/30%
- Duration: 180/240/300
- Curiosity Steal Factor: 1
- Cast Range: 1000
- Cast Time: 0.1

_...but even their lesser magics can be a source of much utility._

### Telekinesis Land

Rubick's ability **Telekinesis Land**, type Active, targeting Point Target, Hidden, Instant Cast, AOE.

Chooses the location the target will land when Telekinesis finishes.

- Radius: 300/325/350/375

### Curiosity

Rubick's ability **Curiosity**, type Passive, targeting Passive, Hidden, innate.

Rubick gains 1 stack of Curiosity per level that grants him 1 base damage, 0.3% Buff/Debuff Duration, and 2 AOE Bonus. 

If Rubick sees an enemy Hero cast an ability within 1200 distance of him, he gains 2 Curiosity for 20 seconds. If an enemy Hero dies while Rubick has Curiosity from them and he damaged them in the last 3 seconds, he gains 1 Curiosity permanently.

- Curiosity Per Spell Cast: 2
- Curiosity Duration: 20
- Curiosity Per Level: 1
- Curiosity Attack Damage: 1
- Curiosity Modifier Amp: 0.3
- Curiosity Aoe Bonus: 2
- Curiosity Per Kill: 1
- Grace Period: 3
- Charge Radius: 1200

### Telekinesis Land

Rubick's ability **Telekinesis Land**, type Active, targeting Point Target, Hidden, AOE, Instant Cast.

Chooses the location you will land when Telekinesis finishes.

- Radius: 300/325/350/375

## Lore

Any mage can cast a spell or two, and a few may even study long enough to become a wizard, but only the most talented are allowed to be recognized as a Magus. Yet as with any sorcerer's circle, a sense of community has never guaranteed competitive courtesy. Already a renowned duelist and scholar of the grander world of sorcery, it had never occurred to Rubick that he might perhaps be Magus material until he was in the midst of his seventh assassination attempt. As he casually tossed the twelfth of a string of would-be killers from a high balcony, it dawned on him how utterly unimaginative the attempts on his life had become. Where once the interruption of a fingersnap or firehand might have put a cheerful spring in his step, it had all become so very predictable. He craved greater competition. Therefore, donning his combat mask, he did what any wizard seeking to ascend the ranks would do: he announced his intention to kill a Magus. Rubick quickly discovered that to threaten one Magus is to threaten them all, and they fell upon him in force. Each antagonist's spell was an unstoppable torrent of energy, and every attack a calculated killing blow. But very soon something occurred that Rubick's foes found unexpected: their arts appeared to turn against them. Inside the magic maelstrom, Rubick chuckled, subtly reading and replicating the powers of one in order to cast it against another, sowing chaos among those who had allied against him. Accusations of betrayal began to fly, and soon the sorcerers turned one upon another without suspecting who was behind their undoing. When the battle finally drew to a close, all were singed and frozen, soaked and cut and pierced. More than one lay dead by an ally's craft. Rubick stood apart, sore but delighted in the week's festivities. None had the strength to argue when he presented his petition of assumption to the Hidden Council, and the Insubstantial Eleven agreed as one to grant him the title of Grand Magus.","",86,"","",1,0,"",1,"en",0,,,,,""
"hero_master",,"undying",1,"2026-07-29","hero_master","Undying","# Undying

Undying is a Strength hero with a melee attack. Primary attribute: Strength. Attack type: Melee. Roles: Support, Durable, Disabler, Nuker.

## Roles

- **Support** — protects allies, buys utility items and controls vision
- **Durable** — survives extended fights, high effective health
- **Disabler** — has stuns, silences or other crowd control
- **Nuker** — deals large burst spell damage

## Base stats

- Primary attribute: Strength
- Attack type: Melee
- Base Strength 22 (+2.4 per level)
- Base Agility 13 (+1.2 per level)
- Base Intelligence 27 (+2.8 per level)
- Health regen -0.25
- Mana regen 0.25
- Base armor 0
- Base damage 33-41
- Attack range 150
- Base attack time 100
- Attack point 0.3
- Projectile speed 900
- Move speed 300
- Vision 1800 day / 800 night

## Popularity

- Public games picked 460,501 times, won 240,740 (52.3% win rate)
- Professional games: 25 picks, 37 bans, 44.0% win rate

## Abilities

Undying has 5 abilities: Decay, Soul Rip, Tombstone, Ceaseless Dirge, Flesh Golem.

### Decay

Undying's ability **Decay**, type Active, targeting AOE, Point Target, Magical damage.

Undying steals strength from all enemy heroes in an area, dealing base damage as he claims the enemy's strength for himself. Deals 2x damage to creeps.

- Mana cost: 100
- Cooldown: 13/10/7/4
- Pierces spell immunity: No
- Dispellable: No
- Base Damage: 20/60/100/140
- Strength Steal: 4
- Steal Duration: 35
- Radius: 325
- Str Scale Up: 2
- Creep Damage Multiplier: 2
- Shard Buff Duration: 40
- Cast Range: 650
- Duration: 21/24/27/30
- Cast Time: 0.3

_The strength of the living is simply borrowed from the strength of the dead._

### Soul Rip

Undying's ability **Soul Rip**, type Active, targeting Unit Target, Magical damage.

Undying rips health away from all nearby units and uses it to heal an ally, or damage an enemy. Soul Rip can also be used to heal Tombstone.

- Mana cost: 80/90/100/110
- Cooldown: 15/12/9/6
- Pierces spell immunity: No
- Damage/Heal Per Unit: 14/26/38/50
- Max Units: 10
- Rip Radius: 1300
- Tombstone Heal: 4/8/12/16
- Cast Range: 750
- Cast Time: 0.3

_Even allies feel despair in Undying's presence._

### Tombstone

Undying's ability **Tombstone**, type Active, targeting Point Target, Physical damage.

Summons a tombstone at the target point. Zombies will frequently spawn next to every enemy unit in the area around the Tombstone, and attack them. Zombies have the Deathlust ability, which causes their attacks to slow the target, and if the target reaches below a certain amount of health, increases the attack and movement speed of the zombie.

- Mana cost: 125/150/175/200
- Cooldown: 80
- Pierces spell immunity: No
- Tombstone Health: 20/24/28/32
- Attacks To Destroy: 5/6/7/8
- Tombstone Duration: 30
- Zombie Spawn Radius: 1200
- Health Threshold Pct Tooltip: 40
- Zombie Spawn Interval: 4/3.6/3.2/2.8
- Zombie Attack Damage: 34
- Zombie Health: 2
- Bunker Units: 1
- Tombstone Grab Radius: 350
- Tombstone Bunker Cd: 2
- Tombstone Stun Penalty: 2
- Cast Range: 500
- Cast Time: 0.6

_Dirge calls on his fallen brothers to fight for the Dead God._

### Ceaseless Dirge

Undying's ability **Ceaseless Dirge**, type Passive, targeting Passive, innate.

- Cooldown: 480
- Dispellable: No
- Respawn Delay: 2

_Only when the Dirge of the Dead God ceases will this soldier's march finally end._

### Flesh Golem

Undying's ability **Flesh Golem**, type Active, targeting No Target, Instant Cast, Magical damage.

Undying transforms into a horrifying flesh golem. While in this state, he gains a percentage increase to strength, bonus movement speed, and causes attacks to slow, apply damage amplification, and spawn Tombstone zombies.

- Mana cost: 100/125/150
- Cooldown: 140
- Pierces spell immunity: No
- Dispellable: No
- Slow On Attack: 30%/35%/40%
- Damage Amplification: 25%/30%/35%
- Damage Amp Duration: 3
- Strength Multiplier: 40%/50%/60%
- Duration: 40
- Bonus Movespeed: 20
- Spawn Zombie On Attack: 1
- Zombie Duration: 15
- Zombie Spawn Padding: 36

_The flesh of the recently dead add to the power of Dirge's plague._

## Lore

How long has it been since he lost his name? The torn ruin of his mind no longer knows. Dimly he recalls armor and banners and grim-faced kin riding at his side. He remembers a battle: pain and fear as pale hands ripped him from his saddle. He remembers terror as they threw him into the yawning pit of the Dead God alongside his brothers, to hear the Dirge and be consumed into nothingness. In the darkness below, time left them. Thought left them. Sanity left them. Hunger, however, did not. They turned on each other with split fingernails and shattered teeth. Then it came: distant at first, a fragile note at the edge of perception, joined by another, then another, inescapable and unending. The chorus grew into a living wall of sound pulsing in his mind until no other thought survived. With the Dirge consuming him, he opened his arms to the Dead God and welcomed his obliteration. Yet destruction was not what he'd been chosen for. The Dead God demanded war. In the belly of the great nothing, he was granted a new purpose: to spread the Dirge across the land, to rally the sleepless dead against the living. He was to become the Undying, the herald of the Dead God, to rise and fall and rise again whenever his body failed him. To trudge on through death unending, that the Dirge might never end.","",85,"","",1,0,"",1,"en",0,,,,,""
"hero_master",,"ogre-magi",1,"2026-07-29","hero_master","Ogre Magi","# Ogre Magi

Ogre Magi is a Strength hero with a melee attack. Primary attribute: Strength. Attack type: Melee. Roles: Support, Nuker, Disabler, Durable, Initiator.

## Roles

- **Support** — protects allies, buys utility items and controls vision
- **Nuker** — deals large burst spell damage
- **Disabler** — has stuns, silences or other crowd control
- **Durable** — survives extended fights, high effective health
- **Initiator** — starts team fights on favourable terms

## Base stats

- Primary attribute: Strength
- Attack type: Melee
- Base Strength 25 (+4.2 per level)
- Base Agility 14 (+1.5 per level)
- Base Intelligence 0 (+0 per level)
- Health regen 1.5
- Mana regen 0
- Base armor 4
- Base damage 45-51
- Attack range 150
- Base attack time 100
- Attack point 0.3
- Projectile speed 900
- Move speed 290
- Vision 1800 day / 800 night

## Popularity

- Public games picked 634,666 times, won 323,544 (51.0% win rate)

## Abilities

Ogre Magi has 7 abilities: Fireblast, Ignite, Bloodlust, Unrefined Fireblast, Fire Shield, Dumb Luck, Multicast.

### Fireblast

Ogre Magi's ability **Fireblast**, type Active, targeting Unit Target, Magical damage.

Blasts an enemy unit with a wave of fire, dealing damage and stunning the target.

- Mana cost: 70/85/100/115
- Cooldown: 11/10/9/8
- Pierces spell immunity: No
- Dispellable: Strong Dispels Only
- Stun Duration: 1.2
- Multicast Delay: 0.6
- Fireblast Damage: 70/130/190/250
- Cast Range: 525
- Cast Time: 0.45

_The Ogre Magi is easily amused, entertained for hours by playing with fire._

### Ignite

Ogre Magi's ability **Ignite**, type Active, targeting Unit Target, AOE, Magical damage.

Drenches the target and another random unit in volatile chemicals, causing it to burst into flames. The target is in immense pain, taking damage and moving more slowly.

- Mana cost: 80/90/100/110
- Cooldown: 17
- Pierces spell immunity: No
- Dispellable: Yes
- Duration: 5/6/7/8
- Burn Damage: 20/30/40/50
- Slow: -25%
- Projectile Speed: 1000
- Multicast Delay: 0.6
- Ignite Multicast Aoe: 1400
- Cast Range: 700/800/900/1000
- Cast Time: 0.35

_Batter up!_

### Bloodlust

Ogre Magi's ability **Bloodlust**, type Active, targeting Unit Target, Autocast.

Incites a frenzy in a friendly unit, increasing its movement speed and attack speed. Gives bonus attack speed if cast on Ogre himself. Can be cast on towers.

- Mana cost: 40/50/60/70
- Cooldown: 20/18/16/14
- Pierces spell immunity: Yes
- Dispellable: Yes
- Modelscale: 25
- Bonus Move Speed: 6%/8%/10%/12%
- Bonus Attack Speed: 35/50/65/80
- Self Bonus Attack Speed: 40/60/80/100
- Duration: 30
- Multicast Bloodlust Aoe: 700
- Cast Range: 650
- Cast Time: 0.45

_'Running's not as fun as hitting... Not one bit fun.'_

### Unrefined Fireblast

Ogre Magi's ability **Unrefined Fireblast**, type Active, targeting Unit Target, Hidden, Magical damage.

Blasts an enemy unit with a wave of fire, dealing 150 + 1.5x Ogre's Strength in damage and stunning the target. Its mana cost is 35% of Ogre Magi's current mana.

- Mana cost: 400
- Cooldown: 7
- Pierces spell immunity: No
- Dispellable: Strong Dispels Only
- Stun Duration: 1.2
- Multicast Delay: 0.6
- Scepter Mana: 35
- Base Damage: 150
- Str Multiplier: 1.5
- Cast Range: 525
- Cast Time: 0.45

_The 'who-casts-spell-first' argument between himself is solved simply by both casting at once._

### Fire Shield

Ogre Magi's ability **Fire Shield**, type Active, targeting Unit Target, Hidden, Magical damage.

Creates a shield around the target ally, absorbing a percentage of the damage of next 3 attacks from enemy heroes. When damage is absorbed, a fireball is launched at the attacker. Can be cast on towers.

- Mana cost: 50
- Cooldown: 15
- Pierces spell immunity: No
- Dispellable: Yes
- Fireball Damage: 160
- Attacks: 3
- Shield Duration: 25
- Multicast Fireshield Aoe: 1000
- Projectile Speed: 1400
- Damage Absorbed: 85%
- Cast Range: 600
- Cast Time: 0.2

_There is immense luck involved in Aggron not just setting friends on fire._

### Dumb Luck

Ogre Magi's ability **Dumb Luck**, type Passive, targeting Passive, Hidden, innate.

- Max Mana Per Strength: 6
- Mana Regeneration Per Strength: 0.02
- Level One Ability Points: 1
- Level Two Ability Points: 1

### Multicast

Ogre Magi's ability **Multicast**, type Passive, targeting Passive.

Enables Ogre Magi to cast his abilities and items multiple times with each use. Each point of Strength adds to Multicast chance. Every 16 Strength adds 1%.

- 2X Cast Chance: 75%
- 3X Cast Chance: 0%/30%/30%
- 4X Cast Chance: 0%/0%/15%
- Strength For One Pct: 16
- One Tooltip: 1

_Despite being largely incapacitated by his IQ, the Ogre Magi's success in battle is attributed to pure skill._

## Lore

The ordinary ogre is the creature for whom the phrase 'As dumb as a bag of rock hammers' was coined. In his natural state, an ogre is supremely incapable of doing or deciding anything. Clothed in dirt, he sometimes finds himself accidentally draped in animal skins after eating lanekill. Not an especially social creature, he is most often found affectionately consorting with the boulders or tree-stumps he has mistaken for kin (a factor that may explain the ogre's low rate of reproduction). However, once every generation or so, the ogre race is blessed with the birth of a two-headed Ogre Magi, who is immediately given the traditional name of Aggron Stonebreak, the name of the first and perhaps only wise ogre in their line's history. With two heads, Ogre Magi finds it possible to function at a level most other creatures manage with one. And while the Ogre Magi will win no debates (even with itself), it is graced with a divine quality known as Dumb Luck--a propensity for serendipitous strokes of fortune which have allowed the ogre race to flourish in spite of enemies, harsh weather, and an inability to feed itself. It's as if the Goddess of Luck, filled with pity for the sadly inept species, has taken Ogre Magi under her wing. And who could blame her? Poor things.","",84,"","",1,0,"",1,"en",0,,,,,""
"hero_master",,"treant",1,"2026-07-29","hero_master","Treant Protector","# Treant Protector

Treant Protector is a Strength hero with a melee attack. Primary attribute: Strength. Attack type: Melee. Roles: Support, Initiator, Durable, Disabler, Escape.

## Roles

- **Support** — protects allies, buys utility items and controls vision
- **Initiator** — starts team fights on favourable terms
- **Durable** — survives extended fights, high effective health
- **Disabler** — has stuns, silences or other crowd control
- **Escape** — has mobility to leave dangerous situations

## Base stats

- Primary attribute: Strength
- Attack type: Melee
- Base Strength 25 (+3.4 per level)
- Base Agility 15 (+1.8 per level)
- Base Intelligence 20 (+1.8 per level)
- Health regen 0.25
- Mana regen 0.25
- Base armor 1
- Base damage 60-68
- Attack range 150
- Base attack time 100
- Attack point 0.6
- Projectile speed 900
- Move speed 280
- Vision 1800 day / 800 night

## Popularity

- Public games picked 151,371 times, won 76,489 (50.5% win rate)
- Professional games: 6 picks, 80 bans, 66.7% win rate

## Abilities

Treant Protector has 6 abilities: Nature's Grasp, Leech Seed, Living Armor, Eyes In The Forest, Nature's Guise, Overgrowth.

### Nature's Grasp

Treant Protector's ability **Nature's Grasp**, type Active, targeting Point Target, Magical damage.

Creates vines towards the target location. Vines slow down and deal damage to enemies that walk through. Does 35% less damage to creeps.

- Mana cost: 90
- Cooldown: 23/21/19/17
- Pierces spell immunity: No
- Damage Per Second: 35/50/65/80
- Creep Penalty: 35
- Movement Slow: 25%/30%/35%/40%
- Vine Duration: 9/10/11/12
- Creation Interval: 0.1
- Initial Latch Delay: 0.3
- Vine Spawn Interval: 175
- Latch Range: 135
- Latch Vision: 150
- Cast Range: 1500
- Cast Time: 0.2

_The tendrils of Rooftrellen's influence stretch to all corners of the forest._

### Leech Seed

Treant Protector's ability **Leech Seed**, type Active, targeting Unit Target, Autocast, Attack Modifier, Magical damage.

Treant's attack plants a life-sapping seed in an enemy unit. That unit takes additional magic damage, is rooted and disarmed for a short duration, and emits 2 healing pulses to up to 5 nearby allies of Treant Protector based on the damage dealt by the attack.

- Cooldown: 15/12/9/6
- Pierces spell immunity: No
- Dispellable: Yes
- Duration: 0.9/1.1/1.3/1.5
- Flat Heal: 15/25/35/45
- Damage To Healing: 20%
- Bonus Damage: 20/40/60/80
- Max Heal Units: 5
- Heal Radius: 650
- Healing Pulse Count: 2
- Projectile Speed: 450
- Cast Range: 150

_Rooftrellen nurtures the beings under his stewardship, sustained by the lifeforce of trespassers into his sacred ground._

### Living Armor

Treant Protector's ability **Living Armor**, type Active, targeting Unit Target, Point Target.

Infuses the target hero or structure with a protective coating which heals the target and blocks damage from player-controlled sources. Each time this spell blocks damage, the block amount is decreased. If the damage block is decreased to 0, the buff is removed early.

- Mana cost: 65/70/75/80
- Cooldown: 24/21/18/15
- Pierces spell immunity: Yes
- Dispellable: Yes
- Heal Per Second: 4/7/10/13
- Duration: 12
- Max Damage Blocked: 60/80/100/120
- Damage Block Decrease: 20
- Damage Block Threshold: 20
- Cast Time: 0.3

_The roots and tendrils of the Treant Protectors are far-reaching, stimulating the growth and rejuvenation of all of nature._

### Eyes In The Forest

Treant Protector's ability **Eyes In The Forest**, type Active, targeting Unit Target, Hidden, AOE.

Treant Protector enchants a tree, which grants him unobstructed vision in that location. The eyes last for 360 seconds and are invisible, but are destroyed if their host tree is destroyed or if they are attacked directly.

- Mana cost: 30
- Vision Aoe: 800
- Hits To Kill: 2
- Duration: 360
- Cast Range: 350
- Charge Restore Time: 135
- Cast Time: 0.2
- Max Charges: 2

_One can never be too certain who, or what, might need protecting._

### Nature's Guise

Treant Protector's ability **Nature's Guise**, type Passive, targeting Passive, innate.

Grants bonus movement speed when near trees. Treant Protector additionally has Tree Walking if he has not taken damage for 2.75 seconds. While Tree Walking, Nature's Guise can be activated to grant Treant invisibility until he attacks or is no longer near a tree.

- Cooldown: 36
- Radius: 200
- Grace Time: 2
- Cooldown Time: 2.75
- Movement Speed Bonus: 10%

_The Protectors don't often come into vision; their natural state being nestled within their leafy brethren._

### Overgrowth

Treant Protector's ability **Overgrowth**, type Active, targeting No Target, Magical damage.

Summons an overgrowth of vines and branches around Treant that deal damage to afflicted enemies and prevent them from moving, blinking, going invisible, or attacking.

- Mana cost: 200/250/300
- Cooldown: 110/100/90
- Pierces spell immunity: Yes
- Dispellable: Yes
- Duration: 3/4/5
- Radius: 800
- Damage Per Second: 95
- Cast Time: 0.5

_Rooftrellen calls the ancestral spirit of nature, releasing its power through all of his kin._

## Lore

Far to the west, in the mountains beyond the Vale of Augury, lie the remains of an ancient power, a fount of eldritch energy nestled deep in the high woods. It is said that the things that grow here, grow strangely. To the forces of nature this is a sacred place, made to stay hidden and unknown. Many are the traps and dangers of this land. There are all-consuming grasses, crossbred fauna and poisonous flowers, but none are so fierce as the mighty Treant Protectors. These ageless, titanic beings, charged with keeping the peace in this dangerous land, ensure that none within encroach without reason, and none without poach their secrets. For time untold they tended to their holy ground, uninterrupted, only dimly aware of the changing world beyond. Yet inevitably the wider world grew aware of this untamed land, and with each passing winter the outsiders grew bolder. Soon they arrived with tools to cut and with flames to burn, and often the Treants would ponder: who are these fragile, industrious creatures? What now had become of the wild, green world? There came and went an age of questions and of doubts, a thousand summers of long traditions set to scrutiny, while more and more the outsiders died and fed their earth. When all that bloomed had finally finished their say, curiosity had overcome caution. It was decided: a lone Protector would be sent into the wider world, and instructed to wander until the glaciers arose once more, to observe the changing land and its creatures, and to discover what unknown dangers could threaten their sacred ground.","",83,"","",1,0,"",1,"en",0,,,,,""
"hero_master",,"meepo",1,"2026-07-29","hero_master","Meepo","# Meepo

Meepo is an Agility hero with a melee attack. Primary attribute: Agility. Attack type: Melee. Roles: Carry, Escape, Nuker, Disabler, Initiator, Pusher.

## Roles

- **Carry** — scales with items and becomes the main damage dealer late game
- **Escape** — has mobility to leave dangerous situations
- **Nuker** — deals large burst spell damage
- **Disabler** — has stuns, silences or other crowd control
- **Initiator** — starts team fights on favourable terms
- **Pusher** — pressures and destroys enemy towers quickly

## Base stats

- Primary attribute: Agility
- Attack type: Melee
- Base Strength 24 (+2.2 per level)
- Base Agility 17 (+2.1 per level)
- Base Intelligence 18 (+1.9 per level)
- Health regen 0.25
- Mana regen 0.25
- Base armor 3
- Base damage 29-35
- Attack range 150
- Base attack time 100
- Attack point 0.38
- Projectile speed 900
- Move speed 315
- Turn rate 0.9
- Vision 1800 day / 800 night

## Popularity

- Public games picked 64,299 times, won 32,569 (50.7% win rate)
- Professional games: 1 picks, 0 bans, 0.0% win rate

## Abilities

Meepo has 8 abilities: Earthbind, Poof, Ransack, Dig, MegaMeepo, Divided We Stand, Geomancy, MegaMeepo Fling.

### Earthbind

Meepo's ability **Earthbind**, type Active, targeting AOE, Point Target.

Tosses a net at the target point, rooting down all enemy units in an area around it.

- Mana cost: 70/80/90/100
- Cooldown: 16/14/12/10
- Pierces spell immunity: No
- Dispellable: Yes
- Duration: 2
- Radius: 220
- Speed: 1200
- Megameepo Net Offset: 160
- Cast Range: 750/900/1050/1200
- Cast Time: 0.3

_Catching dinner in the Riftshadow Ruins can be quite the task._

### Poof

Meepo's ability **Poof**, type Active, targeting Point Target, Magical damage.

Drawing mystical energies from the earth, a Meepo can teleport to another Meepo or itself after channeling for 1.5 seconds, damaging the enemy in both the departure and arrival locations. 

If the ability is in alt-cast state, all Meepos will also cast Poof to the target. When cast on the ground, all Meepos except the selected one will Poof to the closest location.

- Mana cost: 80
- Cooldown: 12/10/8/6
- Pierces spell immunity: No
- Cast Duration: 1.5
- Radius: 400
- Damage: 50/80/110/140
- Cast Time: 1.5

_Sometimes breaking one of the Riftshadow Crystals can be just the trick for getting yourself out of a bind.  Or your other self._

### Ransack

Meepo's ability **Ransack**, type Passive, targeting Passive, Pure damage.

Steals health from the enemy with each strike and heals all other Meepos for that amount.

Reduced to 60% against creeps.

- Pierces spell immunity: Yes
- Health Steal (Heroes): 7/10/13/16

_So you gonna need that, or...?_

### Dig

Meepo's ability **Dig**, type Active, targeting No Target, Hidden.

Digs into the ground for a short duration, dispelling Meepo and causing him to become invulnerable and untargetable for 3s. Restores 25% of his max health over that duration.

DISPEL TYPE: Basic Dispel

- Mana cost: 125
- Cooldown: 40
- Pierces spell immunity: Yes
- Dispellable: No
- Duration: 3
- Max Hp Restore: 25%
- Cast Time: 0.3

_I'm diggin' here!_

### MegaMeepo

Meepo's ability **MegaMeepo**, type Active, targeting Instant Cast, No Target.

Primary Meepo mounts all other Meepos in a 600 radius around him on top of his shoulders. While in this form, he gains 40% of the other Meepo stats and can Fling them at enemies, dealing damage and slowing them.

 When cast, Earthbind generates additional nets and Poof deals 50% more damage for each Meepo on top.

- Mana cost: 0
- Cooldown: 90
- Dispellable: No
- Radius: 600
- Duration: 20
- Damage Distribution Duration: 6
- End Knockback Duration: 0.3
- End Knockback Distance: 400
- Stats Pct: 40
- Poof Damage Factor: 50

_Hi, Meepos!_

### Divided We Stand

Meepo's ability **Divided We Stand**, type Passive, targeting Passive.

Meepo summons another Meepo, which levels up and shares items and experience with the main Meepo. Ability cooldowns are independent, but items share cooldowns between Meepos, except Teleport Scrolls. 

Damage, attack speed, health, mana, regeneration, mana burn, and proc chance bonuses from items are distributed equally among the amount of Meepos, making them 50% less effective.

If any Meepo dies, they all die.

- Number Of Duplicates: 1/2/3/4
- Required Level: 3
- Levels Between Upgrades: 7
- Max Level: 4
- Dps Penalty Pct: 50/66/75/80

_Do I know you?_

### Geomancy

Meepo's ability **Geomancy**, type Passive, targeting Passive, Hidden, innate.

Meepo grants stacking bonuses to himself and his clones based on their terrain. Each Meepo grants his bonus to the other Meepos.

If there is a tree within 250 range, he receives 1 HP regen.

If he is standing on dirt, he receives 2% bonus movement speed.

If he is in the water, his attacks slow the target by 2% for 2 seconds.

- Dispellable: No
- Tree Radius: 250
- Tree Regen: 1
- Dirt Move Speed: 2
- Water Move Slow: 2
- Water Slow Duration: 2

### MegaMeepo Fling

Meepo's ability **MegaMeepo Fling**, type Active, targeting Unit Target, Hidden, Magical damage.

- Mana cost: 0
- Cooldown: 0.5
- Pierces spell immunity: No
- Dispellable: Yes
- Damage: 225
- Fling Radius: 300
- Fling Movespeed: 900
- Fling Slow Duration: 3
- Movement Slow: -60%

_You go first!_

## Lore

'If you ask me, life is all about who you know and what you can find. When you live up in the Riftshadow Ruins, just finding food can be tough. So you need to cut corners, you need to scrounge, you need to know your strengths. Some of the beasts up there can kill you, so you need a way to trap the weak and duck the strong. On the upside, the ruins have history, and history is worth a lot to some people. There used to be a palace there, where they had all these dark rituals. Bad stuff. If you survived the ceremony, they would shatter a crystal and split your soul into pieces. They made great art though! Sculptures and such. Let me tell you: sometimes you stumble onto some of those old carvings. Take a pack full of those to town and sell them, then get yourself food for a few weeks. If luck is really on your side, you might find a Riftshadow crystal. Get it appraised and start asking around. Someone always knows some crazy fool looking for this kind of thing. If all else fails, sell it to a Magus the next time one's in town. They love that stuff. Still, whatever you do, be careful handling those crystals. You do not want one to go off on you. It really hurts.'","",82,"","",1,0,"",1,"en",0,,,,,""
"hero_master",,"chaos-knight",1,"2026-07-29","hero_master","Chaos Knight","# Chaos Knight

Chaos Knight is a Strength hero with a melee attack. Primary attribute: Strength. Attack type: Melee. Roles: Carry, Disabler, Durable, Pusher, Initiator.

## Roles

- **Carry** — scales with items and becomes the main damage dealer late game
- **Disabler** — has stuns, silences or other crowd control
- **Durable** — survives extended fights, high effective health
- **Pusher** — pressures and destroys enemy towers quickly
- **Initiator** — starts team fights on favourable terms

## Base stats

- Primary attribute: Strength
- Attack type: Melee
- Base Strength 24 (+3.1 per level)
- Base Agility 18 (+1.8 per level)
- Base Intelligence 18 (+1.2 per level)
- Health regen 0.25
- Mana regen 0
- Base armor 2
- Base damage 29-49
- Attack range 150
- Base attack time 100
- Attack point 0.5
- Projectile speed 900
- Move speed 325
- Vision 1800 day / 800 night

## Popularity

- Public games picked 179,458 times, won 90,968 (50.7% win rate)

## Abilities

Chaos Knight has 5 abilities: Chaos Bolt, Reality Rift, Chaos Strike, Fundamental Forging, Phantasm.

### Chaos Bolt

Chaos Knight's ability **Chaos Bolt**, type Active, targeting Unit Target, Magical damage.

Throws a mysterious bolt of energy at the target unit. It stuns for a random duration and deals random damage.

- Mana cost: 110
- Cooldown: 13/12/11/10
- Pierces spell immunity: No
- Dispellable: Strong Dispels Only
- Chaos Bolt Speed: 700
- Minimum Stun: 1.25/1.5/1.75/2
- Maximum Stun: 1.75/2.25/2.75/3.25
- Minimum Damage: 90/120/150/180
- Maximum Damage: 155/240/325/410
- Fake Bolt Distance: 675
- Cast Range: 600
- Cast Time: 0.4

_Even Chaos Knight cannot predict this manifest of unholy energy._

### Reality Rift

Chaos Knight's ability **Reality Rift**, type Active, targeting Unit Target.

Teleports Chaos Knight, any illusions he has, and the target unit to a point along the line between him and the target. The enemy unit has their armor reduced for 6s.

- Mana cost: 50
- Cooldown: 15/12/9/6
- Pierces spell immunity: No
- Dispellable: Yes
- Cast Range: 600/650/700/750
- Pull Distance: 300/350/400/450
- Armor Reduction: 4/5/6/7
- Duration: 6
- Cast Time: 0.25

_Armageddon rides between the planes, bringing Chaos Knight to his victim wherever he may hide._

### Chaos Strike

Chaos Knight's ability **Chaos Strike**, type Passive, targeting Passive.

Chaos Knight and his illusions' attacks have a chance to deal a critical strike of varying strength with bonus lifesteal. Lifesteal from creeps is reduced.

- Pierces spell immunity: Yes
- Chance: 33.33%
- Critical Min: 120%
- Critical Max: 150%/190%/230%/270%
- Critical Lifesteal: 30%/40%/50%/60%
- Creep Multiplier: 1

_Chaos Knight's unwieldy power bludgeons those who stand before him, crushing the thickest of armors._

### Fundamental Forging

Chaos Knight's ability **Fundamental Forging**, type Passive, targeting Passive, innate.

### Phantasm

Chaos Knight's ability **Phantasm**, type Active, targeting No Target.

Summons several phantasmal copies of the Chaos Knight from alternate dimensions. The phantasms are illusions that deal 60% damage, but take 350% damage.
DISPEL TYPE: Basic Dispel

- Mana cost: 100/200/300
- Cooldown: 85/80/75
- Number Of Phantasms: 3
- Phantasm Duration: 30
- Outgoing Damage: -40/-20/0
- Phantasm Damage: 60%/80%/100%
- Incoming Damage: 250
- Phantasm Damage Taken: 350%
- Invuln Duration: 0.5
- Vision Radius: 400
- Cast Time: 0.4

_Drawing on his battles fought across many worlds and many times, phantasms of the Chaos Knight rise up to quell all who oppose him._

## Lore

The veteran of countless battles on a thousand worlds, Chaos Knight hails from a far upstream plane where the fundamental laws of the universe have found sentient expression. Of all the ancient Fundamentals, he is the oldest and most tireless, endlessly searching out a being he knows only as 'The Light.' Long ago the Light ventured out from the progenitor realm, in defiance of the first covenant. Now Chaos Knight shifts from plane to plane, always on the hunt to extinguish the Light wherever he finds it. A thousand times he has snuffed out the source, and always he slides into another plane to continue his search anew. Upon his steed Armageddon he rides, wading into battle with maniacal frenzy, drawing strength from the disorder of the universe. A physical manifestation of chaos itself, in times of need he calls upon other versions of himself from other planes, and together these dark horsemen ride into battle, as unstoppable as any force of nature. Only when the last Light of the world is scoured from existence will the search be ended. Where rides the Chaos Knight, death soon follows.","",81,"","",1,0,"",1,"en",0,,,,,""
"hero_master",,"lone-druid",1,"2026-07-29","hero_master","Lone Druid","# Lone Druid

Lone Druid is an Agility hero with a ranged attack. Primary attribute: Agility. Attack type: Ranged. Roles: Carry, Pusher, Durable.

## Roles

- **Carry** — scales with items and becomes the main damage dealer late game
- **Pusher** — pressures and destroys enemy towers quickly
- **Durable** — survives extended fights, high effective health

## Base stats

- Primary attribute: Agility
- Attack type: Ranged
- Base Strength 20 (+2.5 per level)
- Base Agility 22 (+2.8 per level)
- Base Intelligence 13 (+1.4 per level)
- Health regen 0.25
- Mana regen 0
- Base armor 0
- Base damage 22-26
- Attack range 550
- Base attack time 100
- Attack point 0.33
- Projectile speed 1125
- Move speed 300
- Vision 1800 day / 800 night

## Popularity

- Public games picked 80,359 times, won 38,977 (48.5% win rate)
- Professional games: 8 picks, 64 bans, 75.0% win rate

## Abilities

Lone Druid has 5 abilities: Entangle, Spirit Link, Savage Roar, Summon Spirit Bear, True Form.

### Entangle

Lone Druid's ability **Entangle**, type Active, targeting Point Target, AOE, Magical damage.

Allows Lone Druid to Entangle enemies once they gain 5 stacks. Entangled enemies are rooted and take damage over time.

When cast, applies 2 stacks to each enemy hero in the area and 5 stacks to enemy creeps. Also empowers Lone Druid for 10s, making him apply 1 stack with each attack on enemy heroes. Enemies cannot gain stacks while Entangled.

Leveling this ability also levels Spirit Bear's Entangling Claws ability.

- Mana cost: 60
- Cooldown: 20/19/18/17
- Pierces spell immunity: Yes
- Dispellable: No
- Radius: 350
- Stack Duration: 10
- Lone Druid Counters Applied Tooltip: 1
- Hits Required: 5
- Hits Incremented On Active: 2
- Lone Druid Buff Duration: 10
- Nostack Protection: 1
- Root Duration: 1.2/1.6/2/2.4
- Root Damage Per Second: 90
- Cast Range: 700
- Cast Time: 0.3

### Spirit Link

Lone Druid's ability **Spirit Link**, type Passive, targeting Passive.

Links Lone Druid and the Spirit Bear, increasing their movement speed as well as sharing a percentage of their lifesteal with each other.

- Mana cost: 0
- Cooldown: 0
- Movement Speed (Lone Druid): 10/20/30/40
- Movement Speed (Spirit Bear): 20/40/60/80
- Shared Lifesteal: 15%/30%/45%/60%
- Creep Lifesteal Penalty: 40
- Lifesteal Both Ways: 1
- Duration: 20
- Active Bonus: 35

_Sylla is emboldened by the presence of his companion, his vitality replenished with each swipe of the Spirit Bear's claws._

### Savage Roar

Lone Druid's ability **Savage Roar**, type Active, targeting No Target.

Lone Druid and the Spirit Bear roar fiercely causing nearby enemies to flee towards their base in terror. Their movement speed is increased by 20%.

- Mana cost: 50
- Cooldown: 29/26/23/20
- Pierces spell immunity: No
- Dispellable: Yes
- Range: 350
- Enemy Movement Speed Bonus: 20%
- Duration: 1.1/1.4/1.7/2
- Only Affects Player Units: 1
- Cast Time: 0.1

_Sylla studies and masters the arts of the lost Bear Clan, enhancing his attunement with the wild._

### Summon Spirit Bear

Lone Druid's ability **Summon Spirit Bear**, type Active, targeting No Target, innate.

Summons a powerful Spirit Bear companion that can equip items.

If the bear moves 1100 distance away from the Lone Druid, it cannot attack. Lone Druid suffers 20% of his max health as backlash damage if the Spirit Bear dies.
Spirit Bear has Demolish, Return, Entangling Claws, Savage Roar, and Spirit Link abilities.

- Mana cost: 100
- Cooldown: 120
- Bear Base Hp: 1500
- Bear Base Hp Regen: 1.5
- Bear Base Attack Time: 1.5
- Backlash Damage: 20
- Bear Movespeed: 310
- Bear Magic Resistance: 25
- Bear Attack Leash Range: 1100
- Bear Strength Gain: 4.5
- Bear Agility Gain: 4.5
- Bear Intelligence Gain: 0.5
- Cast Time: 0.5

_Sylla's lifelong companion is symbiotic with his spirit and heart, coming to aid him in any time of need._

### True Form

Lone Druid's ability **True Form**, type Active, targeting No Target.

Lone Druid morphs himself into a raging bear, losing his ranged advantage, but gaining bonus armor, bonus health, and bonus attack damage.

- Mana cost: 80
- Cooldown: 60/55/50
- Dispellable: No
- Bonus Armor: 10/15/20
- Bonus Hp: 500/1000/1500
- Bonus Attack Damage: 50/90/130
- Duration: 25
- Transform Time: 1.933

_The mighty bear is the king of the forest, possessing the throne through raw power._

## Lore

Long before the first words of the first histories there rose the druidic Bear Clan. Wise and just they were, and focused in their ways to seek an understanding of the natural order. The arch forces of nature saw this, and so sought the most learned among them. Wise old Sylla, clan justiciar and seer, stepped forward for his kin, and to him was given the Seed with these words: 'When all of the world has dimmed, when civilization has left these lands, when the world is slain and wracked by the endless deserts at the end of ages, plant the Seed.' As he grasped his trust, Sylla felt his years recede and his vitality returned. Vast knowledge burst into his mind. He found himself able to project his very will into reality and, with some concentration, alter his own physical form as well. Yet subtle whispers and cruel ears brought word of the Seed and its power to other peoples, and a terrible war crashed upon the Bear Clan. As his ancestral home burned, Sylla took his burden and fled to the wild places. Ages passed, and time and myth forgot the Bear Clan, forgot Sylla and the Seed, forgot wondrous civilizations that rose and fell in Bear Clan's wake. For millenia Sylla has waited, waited for word from his deities, waited for peace to come to the ever warring realms, waited in exile and in secret for the end of all things and for the conclusion of his sacred commitment, preparing himself always to face and destroy whatever would dare threaten his purpose.","",80,"","",1,0,"",1,"en",0,,,,,""
"hero_master",,"shadow-demon",1,"2026-07-29","hero_master","Shadow Demon","# Shadow Demon

Shadow Demon is an Intelligence hero with a ranged attack. Primary attribute: Intelligence. Attack type: Ranged. Roles: Support, Disabler, Initiator, Nuker.

## Roles

- **Support** — protects allies, buys utility items and controls vision
- **Disabler** — has stuns, silences or other crowd control
- **Initiator** — starts team fights on favourable terms
- **Nuker** — deals large burst spell damage

## Base stats

- Primary attribute: Intelligence
- Attack type: Ranged
- Base Strength 23 (+2.6 per level)
- Base Agility 18 (+2.2 per level)
- Base Intelligence 22 (+3.6 per level)
- Health regen 0.25
- Mana regen 0
- Base armor 0
- Base damage 29-33
- Attack range 500
- Base attack time 100
- Attack point 0.35
- Projectile speed 900
- Move speed 290
- Vision 1800 day / 800 night

## Popularity

- Public games picked 88,613 times, won 39,524 (44.6% win rate)
- Professional games: 5 picks, 1 ban, 20.0% win rate

## Abilities

Shadow Demon has 7 abilities: Disruption, Disseminate, Shadow Poison, Shadow Poison Release, Demonic Cleanse, Demonic Purge, Menace.

### Disruption

Shadow Demon's ability **Disruption**, type Active, targeting Unit Target.

Banishes the targeted unit from the battlefield for a short duration. Upon returning, two illusions of the banished unit with bonus base damage are created under Shadow Demon's control.

- Mana cost: 120
- Cooldown: 26/24/22/20
- Pierces spell immunity: No
- Dispellable: No
- Banish Duration: 2.75
- Illusion Duration: 8/10/12/14
- Illusion Outgoing Damage: -80/-70/-60/-50
- Illusion Damage: 20%/30%/40%/50%
- Bonus Base Damage: 20/35/50/65
- Illusion Incoming Damage: 200
- Illusion Damage Taken: 300%
- Charge Restore Time: 26/24/22/20
- Illusion Bounty Growth: 2
- Cast Range: 675
- Duration: 2.75
- Cast Time: 0.3

_The pain of deception comes not while it happens, but when it is revealed._

### Disseminate

Shadow Demon's ability **Disseminate**, type Active, targeting Unit Target, AOE.

Whenever the target takes damage, all enemies, including the target itself if it is an enemy, within 675 range of the target also receive a portion of that damage. Can target enemy and allied units. Effect is paused if the target is hidden by Disruption.

- Mana cost: 100
- Cooldown: 26/22/18/14
- Pierces spell immunity: No
- Duration: 6
- Shared Damage: 16%/24%/32%/40%
- Radius: 675
- Cast Range: 700/775/850/925
- Cast Time: 0.3

_Friends and families share in the suffering when Shadow Demon finds a new victim._

### Shadow Poison

Shadow Demon's ability **Shadow Poison**, type Active, targeting AOE, Point Target, Magical damage.

Deals damage in a line, and afflicts enemy units with a poison effect. The poison deals 1/2/4/8/16 times the stack damage based on the number of stacks on the target, up to 5 stacks. Additional stacks cause 60 damage each. This deferred damage is dealt when Shadow Poison's duration is expired, or the Release sub-ability is used.

- Mana cost: 40
- Cooldown: 2.5
- Pierces spell immunity: No
- Dispellable: No
- Stack Damage: 24/36/48/60
- Max Stacks To Multiply: 5
- Bonus Stack Damage: 60
- Radius: 200
- Vision Radius: 300
- Speed: 1200
- Hit Damage: 24/36/48/60
- Cast Range: 1500
- Debuff Duration: 10
- Cast Time: 0.25

_The ever growing influence of the Shadow Demon can pollute the most valiant and pure of heroes._

### Shadow Poison Release

Shadow Demon's ability **Shadow Poison Release**, type Active, targeting No Target.

Releases the poison to do damage on all affected enemies. Units under the effect of Disruption can still be affected by Shadow Poison.

- Cooldown: 1

### Demonic Cleanse

Shadow Demon's ability **Demonic Cleanse**, type Active, targeting Unit Target.

Cleanses the target allied unit, removing negative buffs for the duration. At the end of the duration, the unit is healed. Units under the effect of Disruption can still be affected by Demonic Cleanse.

DISPEL TYPE: Basic Dispel

- Mana cost: 150
- Cooldown: 60
- Pierces spell immunity: Yes
- Dispellable: No
- Cleanse Heal: 450
- Cast Range: 800
- Duration: 5
- Cast Time: 0.3

_The only one permitted to harm his more useful followers is Shadow Demon himself._

### Demonic Purge

Shadow Demon's ability **Demonic Purge**, type Active, targeting Unit Target, Magical damage.

Purges the target enemy unit, removing positive buffs, and slowing the target for the duration. The unit slowly regains its speed until the end of the duration, upon which damage is dealt. Units under the effect of Disruption can still be affected by Demonic Purge.

DISPEL TYPE: Basic Dispel

- Mana cost: 150/175/200
- Cooldown: 70/65/60
- Pierces spell immunity: Yes
- Dispellable: No
- Purge Damage: 300/450/600
- Max Slow: 100
- Min Slow: 20
- Cast Range: 800
- Duration: 5
- Cast Time: 0.3

_Once Shadow Demon no longer has any need for his collected cultist, he releases it from its subservience - and its life._

### Menace

Shadow Demon's ability **Menace**, type Passive, targeting Hidden, Passive, innate.

Shadow Demon's Attacks apply a stacking debuff to the enemy for 8 seconds that increases their damage taken.

- Dispellable: No
- Damage Amp: 1.9%
- Duration: 8

## Lore

Among the sovereign Demons with explicit access to this world, Doom scarcely bothers with the affairs of Noninfernals and Lesser Spectral Consorts, while Shadow Fiend passes through almost exclusively on collecting expeditions. The Shadow Demon, however, has always taken a deep and abiding interest in the material plane, as if sensing that mastery of this gritty dimensional nexus might be the key to total domination of all realities. Summoned first by minor wizards, the Shadow Demon granted every wish and put on increasingly impressive displays of power until he had the full attention of the greatest demonologists, and through them the various lords, tyrants, autarchs and heirophants who depended on sorcery to buttress their mundane power. So great was his deception that all his summoners considered themselves the master and Shadow Demon the servant; meanwhile, he eroded their identities and made their minds his own. In the end, most members of the cult were hollow puppets, extensions of his evil will. What Shadow Demon's next step would have been remains open to speculation, for around this time, Nevermore the Shadow Fiend bit into a particularly nasty-tasting soul and discovered that it held nothing but a foul nougat of Shadow Demon's essence. Alerted that a coup was underway, and that the ancient equilibrium of the Umbral Pact was about to be destabilized, Doom and Shadow Fiend briefly joined forces to destroy the burgeoning cult. Combining spells of incredible force, they undid Shadow Demon's centuries of patient work, reducing his cult to smithereens--and all its members to a bloody splatter. Nothing remained except a tiny speck of demon shadow. Immortal and irreducible, this mote of evil was enough to seed the Shadow Demon's next scheme, and in fits and starts, over further centuries, he began to regroup. Whatever that speck of shadow touched, it tainted, and its influence gradually grew. A chaos of damaged parts pulled together, reknit, and combined to give Shadow Demon a form even stronger than his former. He is all but complete now, and his plan for infinite dominion lacks all of its former weaknesses. It would seem that such a being of pure malice and malevolence, a threat to all creation, would be forever out of place in our world...yet Shadow Demon does not lack for followers.","",79,"","",1,0,"",1,"en",0,,,,,""
"hero_master",,"brewmaster",1,"2026-07-29","hero_master","Brewmaster","# Brewmaster

Brewmaster is an Universal hero with a melee attack. Primary attribute: Universal. Attack type: Melee. Roles: Carry, Initiator, Durable, Disabler, Nuker.

## Roles

- **Carry** — scales with items and becomes the main damage dealer late game
- **Initiator** — starts team fights on favourable terms
- **Durable** — survives extended fights, high effective health
- **Disabler** — has stuns, silences or other crowd control
- **Nuker** — deals large burst spell damage

## Base stats

- Primary attribute: Universal
- Attack type: Melee
- Base Strength 24 (+3.2 per level)
- Base Agility 19 (+2 per level)
- Base Intelligence 17 (+1.9 per level)
- Health regen 0.5
- Mana regen 0
- Base armor 1
- Base damage 26-33
- Attack range 150
- Base attack time 100
- Attack point 0.35
- Projectile speed 900
- Move speed 310
- Vision 1800 day / 800 night

## Popularity

- Public games picked 59,839 times, won 30,306 (50.6% win rate)
- Professional games: 4 picks, 3 bans, 50.0% win rate

## Abilities

Brewmaster has 5 abilities: Thunder Clap, Cinder Brew, Drunken Brawler, Liquid Courage, Primal Split.

### Thunder Clap

Brewmaster's ability **Thunder Clap**, type Active, targeting No Target, Magical damage.

Slams the ground, dealing damage and slowing the movement speed and attack rate of nearby enemy units.

- Mana cost: 100
- Cooldown: 18/16/14/12
- Pierces spell immunity: No
- Dispellable: Yes
- Radius: 400
- Damage: 80/160/240/320
- Movement Slow: 15%/30%/45%/60%
- Attack Slow: 15/30/45/60
- Duration: 4/4.25/4.5/4.75
- Cast Time: 0.3

_A slam of Mangix' mighty keg starts the festivities._

### Cinder Brew

Brewmaster's ability **Cinder Brew**, type Active, targeting Point Target, AOE, Magical damage.

Rolls a barrel of ale at enemies that damages enemies along its path and spills out at the target location.

Any enemy in the path or the spill area is drenched in cinder brew, becoming slowed. If the enemy receives Magic or Pure damage, they will be ignited, extending the duration by 3s and causing them to take damage over time.

- Mana cost: 50/60/70/80
- Cooldown: 19/17/15/13
- Pierces spell immunity: No
- Dispellable: Yes
- Duration: 5
- Ignite Total Damage: 80/160/240/320
- Movement Slow: 24%/28%/32%/36%
- Radius: 400
- Extra Duration: 3
- Barrel Speed: 950
- Projectile Width: 350
- Barrel Width: 75
- Barrel Impact Damage: 40/70/100/130
- Cast Range: 950
- Min Movement: -15
- Max Movement: 50
- Cast Time: 0.2

_The Order of the Oyo's solution to all problems - another round!_

### Drunken Brawler

Brewmaster's ability **Drunken Brawler**, type Active, targeting No Target, Instant Cast.

Brewmaster can switch stances based on the elements he controls.

Whenever Brewmaster casts an ability, he becomes Brewed Up, increasing his stance power by 150% for 5s. If he casts another ability while Brewed Up, the duration is extended by 2s. After Brewed Up expires, he is hungover and cannot Brew Up again for 9s.

Earth Brawler gains bonus Magic Resistance and Armor.

Storm Brawler gains bonus Evasion and Movement Speed.

Fire Brawler gains bonus Attack Speed and chance to critical strike.

- Mana cost: 0
- Cooldown: 0
- Dispellable: No
- Magic Resist: 8%/12%/16%/20%
- Armor: 3/5/7/9
- Evasion: 15%/20%/25%/30%
- Move Speed: 4%/6%/8%/10%
- Crit Chance: 20%
- Crit Damage: 120%/140%/160%/180%
- Attack Speed: 10/20/30/40
- Brewed Up Duration: 5
- Brewed Up Duration Extend: 2
- Brewed Up Bonus: 150
- Hangover Time: 9

_When Mangix won his title as the Brewmaster of the Order of Oyo, he also claimed his place in the mastery of inebriation._

### Liquid Courage

Brewmaster's ability **Liquid Courage**, type Passive, targeting Passive, Hidden, innate.

When Brewmaster drops below 50% Health he gains a Status Resistance buff and his movement speed alternates every 1s between being faster and being slower. The effect becomes stronger at lower health, scaling from 0 up to max values at 20% Health.

- Mana cost: 0
- Cooldown: 0
- Min Health Threshold: 50
- Max Health Threshold: 20
- Max Status Resist: 10%
- Max Speed Slow: 10%
- Max Speed Increase: 30%
- Speed Toggle Time: 1

### Primal Split

Brewmaster's ability **Primal Split**, type Active, targeting No Target.

Splits Brewmaster into elements, forming 3 specialized warriors, adept at survival, each with their own abilities. If any of them survive until the end of their summoned timer, the Brewmaster is reborn. Each Warrior gains its respective Drunken Brawler stance.

- Mana cost: 150/200/250/250
- Cooldown: 140/130/120
- Dispellable: No
- Duration: 16/20/24/24
- Split Duration: 0.6
- Earth Brewling Hp: 1400/2300/3200/4100
- Earth Brewling Damage: 35/70/105/140
- Storm Brewling Hp: 1000/1500/2000/2500
- Storm Brewling Damage: 30/50/70/90
- Fire Brewling Hp: 1300/1450/1600/1750
- Fire Brewling Damage: 70/120/170/220
- Give Brawler Passive: 1
- Scepter Bonus Levels: 1
- Cast Time: 0.55

_It isn't clear whether Mangix is consciously aware of his potent bond with nature, as it often occurs in the midst of a drunken stupor._

## Lore

Deep in the Wailing Mountains, in a valley beneath the Ruined City, the ancient Order of the Oyo has for centuries practiced its rites of holy reverie, communing with the spirit realm in grand festivals of drink. Born to a mother's flesh by a Celestial father, the youth known as Mangix was the first to grow up with the talents of both lineages. He trained with the greatest aesthetes of the Order, eventually earning, through diligent drunkenness, the right to challenge for the title of Brewmaster, that appellation most honored among the contemplative malt-brewing sect. As much drinking competition as mortal combat, Mangix for nine days drank and fought the elder master. For nine nights they stumbled and whirled, chugged and struck, until at last the elder warrior collapsed into a drunken stupor, and a new Brewmaster was named. Now the new, young Brewmaster calls upon the strength of his Oyo forebears to speed his staff. When using magic, it is to his spirit ancestors that he turns. Like all Brewmasters before him, he was sent out from his people with a single mission. He wanders the land, striving toward enlightenment through drink, searching for the answer to the ancient spiritual schism. Hoping to think the single thought that will unite the spirit and physical planes again.","",78,"","",1,0,"",1,"en",0,,,,,""
"hero_master",,"lycan",1,"2026-07-29","hero_master","Lycan","# Lycan

Lycan is a Strength hero with a melee attack. Primary attribute: Strength. Attack type: Melee. Roles: Carry, Pusher, Durable, Escape.

## Roles

- **Carry** — scales with items and becomes the main damage dealer late game
- **Pusher** — pressures and destroys enemy towers quickly
- **Durable** — survives extended fights, high effective health
- **Escape** — has mobility to leave dangerous situations

## Base stats

- Primary attribute: Strength
- Attack type: Melee
- Base Strength 28 (+3.4 per level)
- Base Agility 18 (+1.7 per level)
- Base Intelligence 23 (+1.7 per level)
- Health regen 0.25
- Mana regen 0
- Base armor 0
- Base damage 24-29
- Attack range 150
- Base attack time 110
- Attack point 0.55
- Projectile speed 900
- Move speed 305
- Vision 1800 day / 800 night

## Popularity

- Public games picked 58,732 times, won 28,448 (48.4% win rate)
- Professional games: 9 picks, 24 bans, 44.4% win rate

## Abilities

Lycan has 6 abilities: Summon Wolves, Howl, Feral Impulse, Wolf Bite, Apex Predator, Shapeshift.

### Summon Wolves

Lycan's ability **Summon Wolves**, type Active, targeting No Target.

Summons 2 wolves to aid Lycan in battle. At level 3, wolves gain Permanent Invisibility, and at level 4 wolves gain Cripple that gives 20% chance to cripple the target, causing 8 damage per second and lose 60 attack speed for 4 seconds.

- Mana cost: 115/120/125/130
- Cooldown: 30
- Wolf Index: 1/2/3/4
- Duration: 50
- Base Attack Time: 1.2/1.1/1/0.9/0.9/0.9
- Damage: 22/28/34/40/46/52
- Hp: 325/375/425/475/525/575
- Bash Chance: 15
- Bash Duration: 1
- Wolf Count: 2
- Bonus Levels: 2
- Cast Time: 0.3

_The very enchantment that twisted his being also summons canine familiars._

### Howl

Lycan's ability **Howl**, type Active, targeting No Target.

Strikes fear into enemies, reducing armor and attack damage of all enemies within 2000 range of Lycan and his wolves. At night, Howl's armor and attack damage reductions are global.

- Mana cost: 40
- Cooldown: 22/20/18/16
- Pierces spell immunity: No
- Dispellable: Yes
- Duration: 8
- Attack Damage Reduction: 25%/30%/35%/40%
- Armor Reduction: 4/5/6/7
- Radius: 2000
- Max Level: 4
- Cast Time: 0.3

_Blood-curdling wolf cries signal to opponents that Banehallow is among them._

### Feral Impulse

Lycan's ability **Feral Impulse**, type Passive, targeting Passive.

Increases the HP regeneration and damage of Lycan and all units under his control.

- Bonus Damage: 10%/20%/30%/40%
- Bonus Hp Regen: 2/4/6/8
- Max Level: 4

_His animalistic symbiosis with canine kind gives Banehallow enhanced reflexes and hunting capabilities._

### Wolf Bite

Lycan's ability **Wolf Bite**, type Active, targeting Unit Target, Hidden.

Lycan bites an allied hero or creep-hero, granting them Shapeshift properties. Lycan and the bitten target gain 40% Lifesteal and share the healing effect of Lifesteal with each other as long as they are within 1200 range of each other.

- Mana cost: 150
- Cooldown: 110/100/90
- Pierces spell immunity: Yes
- Dispellable: No
- Lifesteal Percent: 40
- Lifesteal Range: 1200
- Attack Range: 150
- Cast Range: 300
- Cast Time: 0.3

_Does this bite look infected?_

### Apex Predator

Lycan's ability **Apex Predator**, type Passive, targeting Passive, innate.

Lycan and units he controls deal extra damage to neutral creeps.

- Extra Damage: 18%

### Shapeshift

Lycan's ability **Shapeshift**, type Active, targeting No Target.

Lycan assumes his lupine form, granting him critical strikes and added vision at night. During Shapeshift, Lycan moves at increased speed and cannot be slowed. Movement and critical strike bonuses are also applied to all units under Lycan's control.

- Mana cost: 100
- Cooldown: 105/95/85
- Dispellable: No
- Duration: 25
- Shapeshift Move Speed: 550
- Bonus Night Vision: 1000
- Transform Time: 1.1
- Critical Chance: 40%
- Critical Damage: 160%/200%/240%
- Health Bonus: 225/325/425
- Is Wolfpack: 1

_Forever a slave to his lycanthropy, Banehallow has come to accept his curse, and embrace his own savagery._

## Lore

Banehallow was noble-born to the house of Ambry, the greatest of the landed castes in the old kingdom of Slom. Before the Fall, as the King's wants grew strange, and his court grew crowded with sorcerers and charlatans, the house of Ambry was the first to rise against the avarice of the throne. No longer willing to pay homage and fealty, they instead sent six-thousand swords into the capital, where they were wiped out in the Massacre of the Apostates. And then came the teeth behind the old truth: When you strike a king's neck, you had better take his head. Enraged by the betrayal, the king exterminated the vast Ambry bloodline, sparing only the lord of the house and his youngest son, Banehallow. Before all the royal court, with the disgraced lord chained to the ornate marble floor, the King bade his magicians transform the boy into a wolf so that he might tear out his own father's throat. 'Do this,' the king said, 'so that Lord Ambry will understand the bite of betrayal.' Powerful magic was invoked, and the child was transformed. But though his body was changed, his spirit remained intact, and instead of biting the exposed neck of his father, he attacked his handlers, tearing them to pieces. A dozen of the King's knights perished under the wolf's teeth before they managed to drive it off into the night. Lord Ambry laughed from his chains even as the King ran him through with a sword. Now the heir to the lost house of Ambry, Banehallow wanders the trail as the Lycan, part warrior, part wolf, in search of justice for all that he lost.","",77,"","",1,0,"",1,"en",0,,,,,""
"hero_master",,"obsidian-destroyer",1,"2026-07-29","hero_master","Outworld Devourer","# Outworld Devourer

Outworld Devourer is an Intelligence hero with a ranged attack. Primary attribute: Intelligence. Attack type: Ranged. Roles: Carry, Nuker, Disabler.

## Roles

- **Carry** — scales with items and becomes the main damage dealer late game
- **Nuker** — deals large burst spell damage
- **Disabler** — has stuns, silences or other crowd control

## Base stats

- Primary attribute: Intelligence
- Attack type: Ranged
- Base Strength 21 (+2.9 per level)
- Base Agility 17 (+1.6 per level)
- Base Intelligence 30 (+4.2 per level)
- Health regen 1
- Mana regen 0
- Base armor 0
- Base damage 19-31
- Attack range 450
- Base attack time 100
- Attack point 0.46
- Projectile speed 900
- Move speed 315
- Vision 1800 day / 800 night

## Popularity

- Public games picked 159,625 times, won 78,958 (49.5% win rate)

## Abilities

Outworld Devourer has 5 abilities: Arcane Orb, Astral Imprisonment, Objurgation, Essence Flux, Sanity's Eclipse.

### Arcane Orb

Outworld Devourer's ability **Arcane Orb**, type Active, targeting Unit Target, Autocast, Attack Modifier, Pure damage.

Adds extra pure damage to Outworld Destroyer's attacks, based on his remaining mana pool.

- Mana cost: 0
- Cooldown: 4.5/3/1.5/0
- Pierces spell immunity: No
- Mana Pool To Damage: 10%/11%/12%/13%
- Current Mana Cost: 20%
- Cast Range: 450

_Harbinger's outworldly knowledge allows it to tap into the ebb and flow of all spiritual energy, infusing it into his being._

### Astral Imprisonment

Outworld Devourer's ability **Astral Imprisonment**, type Active, targeting Unit Target, AOE, Magical damage.

Steals a percentage of the target's max mana and places them into an astral prison. The hidden unit is invulnerable and disabled. When the astral prison implodes, it deals damage to the target.

- Mana cost: 150
- Cooldown: 18/16/14/12
- Pierces spell immunity: No
- Dispellable: No
- Duration: 1.75/2.5/3.25/4
- Damage: 90/180/270/360
- Has Mana Steal: 1
- Mana Capacity Steal: 16%/19%/22%/25%
- Steal Duration: 30/40/50/60
- Cast Range: 650
- Cast Time: 0.3

_Locked away in the pocket between this world and the Outworld, victims realize their infantile knowledge and mortality._

### Objurgation

Outworld Devourer's ability **Objurgation**, type Active, targeting No Target.

Increases Outworld Destroyer's maximum mana. When cast, protects Outworld Destroyer with an all damage barrier equal to a flat amount and a percentage of his maximum mana.

- Mana cost: 175
- Cooldown: 36/34/32/30
- Dispellable: Yes
- Barrier: 120/180/240/300
- Max Mana Barrier: 12%
- Bonus Mana: 80/160/240/320
- Duration: 10
- Cast Time: 0.2

### Essence Flux

Outworld Devourer's ability **Essence Flux**, type Passive, targeting Passive, Hidden, innate.

Passively grants a chance to restore a percentage of your max mana each time you cast an ability. Restores less mana from spells that modify attacks.

- Chance: 30%
- Max Mana Restore: 40%
- Max Mana Restore (Attacks): 25%
- Cast Time: 0.75

_The Outworld is awash in arcane energy, inclined to diffuse through any of Harbinger's rifts._

### Sanity's Eclipse

Outworld Devourer's ability **Sanity's Eclipse**, type Active, targeting Point Target, AOE, Magical damage.

Unleashes a psychic blast that deals damage to enemies based on the difference between your max mana and the target's max mana. Sanity's Eclipse can hit units trapped by Astral Imprisonment.

- Mana cost: 200/300/400
- Cooldown: 140/130/120
- Pierces spell immunity: No
- Base Damage: 200/300/400
- Radius: 500/525/550
- Cast Range: 700
- Max Mana Difference Multiplier: 0.4
- Cast Range: 700
- Cast Time: 0.25

_When an Outworld crystal ruptures, cataclysmic energies are released, and the reverberations of this power are felt interdimensionally._

## Lore

One of a lordly and magisterial race, Harbinger prowls the edge of the Void, sole surviving sentry of an outpost on the world at the rim of the abyss. From this jagged crystalline Outworld, forever on guard, he has gazed for eternities into the heavens, alert for any stirring in the bottomless night beyond the stars. Imprinted deep in the shining lattices of his intellect lies a resonant pattern akin to prophecy, a dark music implying that eventually some evil will wake out there, beyond the edges of creation, and turn its attention to our world. With his whole being focused on his vigil, Outworld Destroyer paid little attention to events closer in to the sun. But at last the clamor of the Ancients, and a sense of growing threat from within as well as without, sent him winging sunward to visit the plains of war. Harbinger's place in our own prophecies is unambiguous: he must be considered an omen of worse things to come. But his arrival in itself is bad enough.","",76,"","",1,0,"",1,"en",0,,,,,""
"hero_master",,"silencer",1,"2026-07-29","hero_master","Silencer","# Silencer

Silencer is an Intelligence hero with a ranged attack. Primary attribute: Intelligence. Attack type: Ranged. Roles: Carry, Support, Disabler, Initiator, Nuker.

## Roles

- **Carry** — scales with items and becomes the main damage dealer late game
- **Support** — protects allies, buys utility items and controls vision
- **Disabler** — has stuns, silences or other crowd control
- **Initiator** — starts team fights on favourable terms
- **Nuker** — deals large burst spell damage

## Base stats

- Primary attribute: Intelligence
- Attack type: Ranged
- Base Strength 18 (+2.2 per level)
- Base Agility 22 (+2.2 per level)
- Base Intelligence 25 (+2.9 per level)
- Health regen 0.25
- Mana regen 0
- Base armor 0
- Base damage 18-32
- Attack range 600
- Base attack time 110
- Attack point 0.5
- Projectile speed 900
- Move speed 300
- Vision 1800 day / 800 night

## Popularity

- Public games picked 428,500 times, won 218,832 (51.1% win rate)
- Professional games: 2 picks, 3 bans, 50.0% win rate

## Abilities

Silencer has 6 abilities: Arcane Curse, Glaives of Wisdom, Last Word, Suffer In Silence, Global Silence, Suffer In Silence.

### Arcane Curse

Silencer's ability **Arcane Curse**, type Active, targeting Point Target, AOE, Magical damage.

Curses the target area, dealing damage and causing enemies to take damage over time and slowing their movement speed.

Anytime affected enemies cast a spell, the duration is increased. The duration is paused as long as the target is silenced.

- Mana cost: 120/130/140/150
- Cooldown: 22/20/18/16
- Pierces spell immunity: No
- Dispellable: Yes
- Damage: 16/24/32/40
- Initial Damage: 20/40/60/80
- Radius: 350
- Base Duration: 6
- Movement Slow: -16%/-19%/-22%/-25%
- Penalty Duration: 2
- Penalty Multiplier: 1
- Cast Range: 850
- Cast Time: 0.3

_Nortrom's lack of incantations is less of a problem for him than it is for his adversaries._

### Glaives of Wisdom

Silencer's ability **Glaives of Wisdom**, type Active, targeting Unit Target, Autocast, Attack Modifier, Magical damage.

Silencer enchants his glaives with his wisdom, stealing his target's Intelligence with each hit and dealing additional damage based on his Intelligence.

- Mana cost: 12/14/16/18
- Cooldown: 0
- Pierces spell immunity: No
- Dispellable: No
- Int To Damage: 35%/50%/65%/80%
- Int Steal: 2/3/4/5
- Int Steal Duration: 10/20/30/40
- Silence Duration: +2.5
- Debuff Linger Duration: 3/4/5/6
- Cast Range: 600

_Although lacking in traditional incantations, Nortrom's pedigree of the Aeol Drias gives him uncanny wisdom, which he applies to physical combat._

### Last Word

Silencer's ability **Last Word**, type Active, targeting Unit Target, Magical damage.

Enchants a target, providing vision of them and causing them to be damaged and silenced if they cast a spell or if the enchantment timer expires. Deals extra damage based on the difference in intelligence between Silencer and the target.

- Mana cost: 100/105/110/115
- Cooldown: 22/18/14/10
- Pierces spell immunity: No
- Dispellable: Yes
- Base Damage: 120/160/200/240
- Int Diff Multiplier: 1/1.5/2/2.5
- Enemy Cast Timer: 4
- Silence Duration: 3/4/5/6
- Cast Range: 900
- Cast Time: 0.3

_Nortrom ensures that spells uttered by his opponents will be their last._

### Suffer In Silence

Silencer's ability **Suffer In Silence**, type Passive, targeting Passive, innate.

Silencer takes less damage from and deals more damage to silenced targets.

If an enemy Hero dies within 925 range of Silencer or was debuffed by Silencer at the time of death, Silencer permanently steals 1 Intelligence from them. If the victim was silenced, steal an extra 1 Intelligence.

- Permanent Int Steal Range: 925
- Permanent Int Steal Amount: 1
- Silenced Bonus Int Steal Amount: 1
- Silenced Target Damage: 5%

### Global Silence

Silencer's ability **Global Silence**, type Active, targeting No Target.

Silencer stops all sound, preventing enemy heroes and units on the map from casting spells.

- Mana cost: 300/450/600
- Cooldown: 120
- Pierces spell immunity: Yes
- Dispellable: Yes
- Duration: 4.5/5.25/6
- Cast Time: 0.3

_With a shock to the ground, all magic and sound pauses, and Nortrom fulfills his prophecy._

### Suffer In Silence

Silencer's ability **Suffer In Silence**, type Passive, targeting Passive, Hidden, innate.

Silencer takes less damage from and deals more damage to silenced targets.

## Lore

Part of the seventh and final generation of a carefully designed pedigree, Nortrom was bred by the ancient order of the Aeol Drias to be the greatest magic user the world had ever seen. He was the prophesied one, the culmination of two-hundred years of careful pairings, a war-mage who would bring glory to the order, and destruction to their sworn enemies, The Knights of the Fold. Raised with other young mages in a hidden cantonment among the hills of the Hazhadal barrens, the order's preceptors waited for Nortrom's abilities to manifest. While the other students honed their talents with fire, or ice, or incantatory spells, Nortrom sat silent and talentless, unable to cast so much as a hex. As the day of final testing approached, he still hadn't found his magic. In disgust, the preceptors berated him, while the children laughed. 'You are no mage,' the head of the order declared. Still, Nortrom did not slink away. He entered the day of testing and faced down the young mages who had mocked him. And then his preceptors learned a valuable lesson: a lack of magic can be the greatest magic of all. Nortrom silenced the young mages one by one and defeated them in single combat, until he alone stood as champion of the Aeol Drias, in fulfillment of the prophecy.","",75,"","",1,0,"",1,"en",0,,,,,""
"hero_master",,"invoker",1,"2026-07-29","hero_master","Invoker","# Invoker

Invoker is an Intelligence hero with a ranged attack. Primary attribute: Intelligence. Attack type: Ranged. Roles: Carry, Nuker, Disabler, Escape, Pusher.

## Roles

- **Carry** — scales with items and becomes the main damage dealer late game
- **Nuker** — deals large burst spell damage
- **Disabler** — has stuns, silences or other crowd control
- **Escape** — has mobility to leave dangerous situations
- **Pusher** — pressures and destroys enemy towers quickly

## Base stats

- Primary attribute: Intelligence
- Attack type: Ranged
- Base Strength 19 (+2.5 per level)
- Base Agility 14 (+2 per level)
- Base Intelligence 20 (+4 per level)
- Health regen 0.25
- Mana regen 0
- Base armor -1
- Base damage 19-25
- Attack range 600
- Base attack time 100
- Attack point 0.4
- Projectile speed 900
- Move speed 285
- Vision 1800 day / 800 night

## Popularity

- Public games picked 659,403 times, won 336,857 (51.1% win rate)
- Professional games: 12 picks, 46 bans, 58.3% win rate

## Abilities

Invoker has 15 abilities: Quas, Wex, Exort, Invoked Spell, Invoke, Cold Snap, Ghost Walk, Tornado, E.M.P., Alacrity, Chaos Meteor, Sun Strike, Forge Spirit, Ice Wall, Deafening Blast.

### Quas

Invoker's ability **Quas**, type Active, targeting No Target, Instant Cast.

Allows manipulation of ice elements. Active Quas instances imbue Invoker with bonus hp regeneration. Passively grants bonus strength per level of Quas.

- Mana cost: 0
- Cooldown: 0
- Dispellable: Yes
- Max Level: 8
- Hp Regen Per Instance: 1/2/3/4/5/6/7/8/9
- Bonus Strength Per Level: 1

_A quelling cold._

### Wex

Invoker's ability **Wex**, type Active, targeting No Target, Instant Cast.

Allows manipulation of storm elements. Active Wex instances imbue Invoker with bonus movement and attack speed. Passively grants bonus agility per level of Wex.

- Mana cost: 0
- Cooldown: 0
- Dispellable: No
- Max Level: 8
- Move Speed Per Instance: 0.6%/1.2%/1.8%/2.4%/3%/3.6%/4.2%/4.8%/5.4%
- Attack Speed Per Instance: 1/2/3/4/5/6/7/8/9
- Bonus Agility Per Level: 1

_A withering wind._

### Exort

Invoker's ability **Exort**, type Active, targeting No Target, Instant Cast.

Allows manipulation of fire elements. Active Exort instances imbue Invoker with bonus attack damage. Passively grants bonus intelligence per level of Exort.

- Mana cost: 0
- Cooldown: 0
- Dispellable: No
- Max Level: 8
- Attack Damage Per Instance: 2/4/6/8/10/12/14/16/18
- Bonus Intelligence Per Level: 1

_An exacting flame._

### Invoked Spell

Invoker's ability **Invoked Spell**, type Passive, targeting Passive.

Casting Invoke will replace this slot with one of ten unique spells based on Invoker's currently active Quas, Wex, and Exort buffs.

### Invoke

Invoker's ability **Invoke**, type Active, targeting No Target, Instant Cast, innate.

Combines the properties of the elements currently being manipulated to create a new spell for Invoker to use. Invoke cooldown is reduced by 0.3 seconds for each orb level. Invoker gains a bonus ability point for his orbs at levels 6, 12, and 18.

Invoker's vast knowledge of magic allows him to choose from Multiple Aghanim's Scepter and Shard options. The items must be activated before they can be used, and cannot be changed after they are chosen.

 Click the help button to see the list of possible spells.

- Mana cost: 0
- Cooldown: 7
- Max Spells: 2
- Cooldown Reduction Per Orb: 0.3
- First Ability Level: 6
- Second Ability Level: 12
- Third Ability Level: 18

_So begins a new age of knowledge._

### Cold Snap

Invoker's ability **Cold Snap**, type Active, targeting Unit Target, Hidden, Magical damage.

Invoker draws the heat from an enemy, chilling them to their very core for a duration based on the level of Quas. The enemy will take damage and be briefly frozen. Further damage taken in this state will freeze the enemy again, dealing bonus damage. The enemy can only be frozen so often, but the freeze cooldown decreases based on the level of Quas.

- Mana cost: 100
- Cooldown: 18
- Pierces spell immunity: No
- Dispellable: Yes
- Cold Snap Duration (Quas):\N: 3/3.4/3.8/4.2/4.6/5/5.4/5.8/6.2
- Freeze Duration: 0.4
- Freeze Cooldown (Quas): 0.80/0.77/0.74/0.71/0.68/0.65/0.62/0.59/0.56
- Freeze Damage (Quas): 28/36/44/52/60/68/76/84/92
- Damage Trigger: 10
- Cast Range: 1000
- Cast Time: 0.05

_Sadron's Protracted Frisson._

### Ghost Walk

Invoker's ability **Ghost Walk**, type Active, targeting No Target, Instant Cast, Hidden.

Invoker manipulates the ice and electrical energies around him, rendering his body invisible and gaining health and mana regen. The elemental imbalance created as a consequence slows nearby enemies based on the level of Quas, and slows Invoker as well based on the level of Wex.

- Mana cost: 175
- Cooldown: 40
- Pierces spell immunity: No
- Dispellable: No
- Duration: 60
- Slow Radius: 450
- Enemy Slow (Quas):\N: -20%/-25%/-30%/-35%/-40%/-45%/-50%/-55%/-60%
- Self Speed (Wex):\N: -20%/-15%/-10%/-5%/0%/5%/10%/15%/20%
- Aura Fade Time: 2
- Health Regeneration (Quas): 2/4/6/8/10/12/14/16/18
- Mana Regeneration (Wex):\N: 2/4/6/8/10/12/14/16/18
- Cast Time: 0.05

_Myrault's Hinder-Gast._

### Tornado

Invoker's ability **Tornado**, type Active, targeting Point Target, Hidden, Magical damage.

Unleashes a fast moving tornado that picks up enemy units in its path, suspending them helplessly in the air shortly before allowing them to plummet to their doom. Travels further based on the level of Wex. Holds enemies in the air for a duration based on the level of Quas. Deals base damage plus added damage based on levels in Wex.

DISPEL TYPE: Basic Dispel

- Mana cost: 140
- Cooldown: 27
- Pierces spell immunity: No
- Dispellable: Yes
- Travel Distance (Wex):\N: 1500/1800/2100/2400/2700/3000/3300/3600/3900
- Travel Speed: 1000
- Radius: 200
- Vision Distance: 200
- End Vision Duration: 1.75
- Lift Time (Quas):\N: 1.2/1.4/1.6/1.8/2/2.2/2.4/2.6/2.8
- Base Damage: 50
- Added Damage (Wex): 45/90/135/180/225/270/315/360/405
- Twister Radius: 150
- Twister Tick Rate: 0.25
- Cast Range: 2000
- Cast Time: 0.05

_Claws of Tornarus._

### E.M.P.

Invoker's ability **E.M.P.**, type Active, targeting Point Target, Hidden, AOE, Magical damage.

Invoker builds up a charge of electromagnetic energy at a targeted location which automatically detonates after 2.9 seconds. The detonation covers an area, draining mana based on the level of Wex. Deals damage for each point of mana drained. If EMP drains mana from an enemy hero, Invoker gains 25% of the mana drained.

- Mana cost: 125
- Cooldown: 27
- Pierces spell immunity: No
- Charge Time: 2.9
- Radius: 675
- Max Mana Burned (Wex):\N: 100/175/250/325/400/475/550/625/700
- Burn Damage: 60%
- Self Mana Restore Pct: 25
- Cast Range: 950
- Cast Time: 0.05

_Endoleon's Malevolent Perturbation._

### Alacrity

Invoker's ability **Alacrity**, type Active, targeting Unit Target, Hidden, Physical damage.

Invoker infuses an ally with an immense surge of energy, increasing their attack speed based on the level of Wex and their damage based on the level of Exort.

- Mana cost: 75
- Cooldown: 15
- Pierces spell immunity: Yes
- Dispellable: Yes
- Bonus Attack Speed (Wex):\N: 10/22/34/46/58/70/82/94/106
- Bonus Damage (Exort):\N: 10/22/34/46/58/70/82/94/106
- Duration: 9
- Cast Range: 700
- Cast Time: 0.05

_Gaster's Mandate of Impetuous Strife._

### Chaos Meteor

Invoker's ability **Chaos Meteor**, type Active, targeting Point Target, Hidden, Magical damage.

Invoker pulls a flaming meteor from space onto the targeted location. Upon landing, the meteor rolls forward, constantly dealing damage based on the level of Exort, and rolling further based on the level of Wex. Units hit by the meteor will also be set on fire for a short time, receiving additional damage based on the level of Exort.

- Mana cost: 200
- Cooldown: 50
- Pierces spell immunity: No
- Dispellable: Yes
- Impact Delay: 1.3
- Radius: 275
- Travel Distance (Wex):\N: 465/615/780/930/1095/1245/1410/1575/1725
- Travel Speed: 300
- Contact Damage Tick: 0.5
- Vision Distance: 500
- End Vision Duration: 3
- Contact Damage (Exort):\N: 55/75/95/115/135/155/175/195/215
- Burn Duration: 3
- Burn Damage Per Second (Exort):\N: 10/15/20/25/30/35/40/45/50
- Meteor Count: 1
- Cast Range: 700
- Cast Time: 0.05

_Tarak's Descent of Fire._

### Sun Strike

Invoker's ability **Sun Strike**, type Active, targeting Point Target, Hidden, AOE, Pure damage.

Sends a catastrophic ray of fierce energy from the sun at any targeted location, incinerating all enemies standing beneath it once it reaches the earth. Deals damage based on the level of Exort, however this damage is spread evenly over all enemies hit.

- Mana cost: 175
- Cooldown: 23
- Pierces spell immunity: Yes
- Delay: 1.7
- Radius: 175
- Damage (Exort):\N: 175/225/275/325/375/425/475/525/575
- Vision Distance: 400
- Vision Duration: 4
- Cataclysm Cooldown: 90
- Cataclysm Min Range: 90
- Cataclysm Max Range: 180
- Cataclysm Damage Pct: 75
- Cast Time: 0.05

_Harlek's Incantation of Incineration._

### Forge Spirit

Invoker's ability **Forge Spirit**, type Active, targeting No Target, Hidden.

Invoker forges a spirit embodying the strength of fire and fortitude of ice. Damage and armor are based on the level of Exort while attack range, health, and duration are based on the level of Quas. The elemental's scorching attack is capable of melting the armor of enemy heroes. The number of spirits spawned is determined by the lower level of Quas and Exort.

- Mana cost: 75
- Cooldown: 27
- Pierces spell immunity: No
- Damage (Exort):\N: 20/30/40/50/60/70/80/90/100
- Spirit Mana: 100/150/200/250/300/350/400/450/500
- Armor (Exort):\N: 0/1/2/3/4/5/6/7/8
- Attack Range (Quas):\N: 305/360/415/470/525/580/635/690/745
- Health (Quas):\N: 300/400/500/600/700/800/900/1000/1100
- Duration (Quas):\N: 24/30/36/42/48/54/60/66/72
- Armor Per Attack: 0.8/0.9/1/1.1/1.2/1.3/1.4/1.5/1.6
- Spirit Count (Quas):\N: 1/1/1/2/2/2/2/3/3
- Spirit Count (Exort):\N: 1/1/1/2/2/2/2/3/3
- Cast Time: 0.05

_Culween's Most Cunning Fabrications._

### Ice Wall

Invoker's ability **Ice Wall**, type Active, targeting No Target, Hidden, Magical damage.

Generates a wall of solid ice directly in front of Invoker for a duration based on the level of Quas. The bitter cold emanating from it greatly slows nearby enemies based on the level of Quas and deals damage each second based on the level of Exort.

- Mana cost: 125
- Cooldown: 23
- Pierces spell immunity: No
- Dispellable: No
- Wall Duration (Quas):\N: 3/4/5/6/7/8/9/10/11
- Movement Slow (Quas):\N: -30%/-45%/-60%/-75%/-90%/-105%/-120%/-135%/-150%
- Slow Duration: 2
- Damage Per Second (Exort):\N: 30/36/42/48/54/60/66/72/78
- Tick Interval: 0.5
- Wall Place Distance: 200
- Wall Length: 1200
- Wall Width: 105
- Glacier Formation Delay: 1.3
- Glacier Formation Speed: 600
- Cast Time: 0.05

_Killing Wall of Koryx._

### Deafening Blast

Invoker's ability **Deafening Blast**, type Active, targeting Point Target, Hidden, Magical damage.

Invoker unleashes a mighty sonic wave in front of him, dealing damage to any enemy unit it collides with based on the level of Exort. The sheer impact from the blast is enough to knock those enemy units back for a duration based on the level of Quas, then disarm their attacks for a duration based on the level of Wex.

- Mana cost: 250
- Cooldown: 36
- Pierces spell immunity: No
- Dispellable: No
- Travel Distance: 1000
- Travel Speed: 1100
- Radius Start: 175
- Radius End: 225
- End Vision Duration: 1.75
- Damage (Exort):\N: 70/110/150/190/230/270/310/350/390
- Knockback Duration (Quas):\N: 1.1/1.2/1.3/1.4/1.5/1.6/1.7/1.8/1.9
- Disarm Duration (Wex):\N: 1.5/2/2.5/3/3.5/4/4.5/5/5.5
- Radial Count: 1
- Cast Range: 1000
- Cast Time: 0.05

_Buluphont's Aureal Incapacitator._

## Lore

In its earliest, and some would say most potent form, magic was primarily the art of memory. It required no technology, no wands or appurtenances other than the mind of the magician. All the trappings of ritual were merely mnemonic devices, meant to allow the practitioner to recall in rich detail the specific mental formulae that unlocked a spell's power. The greatest mages in those days were the ones blessed with the greatest memories, and yet so complex were the invocations that all wizards were forced to specialize. The most devoted might hope in a lifetime to have adequate recollection of three spells--four at most. Ordinary wizards were content to know two, and it was not uncommon for a village mage to know only one--with even that requiring him to consult grimoires as an aid against forgetfulness on the rare occasions when he might be called to use it. But among these early practitioners there was one exception, a genius of vast intellect and prodigious memory who came to be known as the Invoker. In his youth, the precocious wizard mastered not four, not five, not even seven incantations: He could command no fewer than ten spells, and cast them instantly. Many more he learned but found useless, and would practice once then purge from his mind forever, to make room for more practical invocations. One such spell was the Sempiternal Cantrap--a longevity spell of such power that those who cast it in the world's first days are among us still (unless they have been crushed to atoms). Most of these quasi-immortals live quietly, afraid to admit their secret: But Invoker is not one to keep his gifts hidden. He is ancient, learned beyond all others, and his mind somehow still has space to contain an immense sense of his own worth...as well as the Invocations with which he amuses himself through the long slow twilight of the world's dying days.","",74,"","",1,0,"",1,"en",0,,,,,""
"hero_master",,"alchemist",1,"2026-07-29","hero_master","Alchemist","# Alchemist

Alchemist is a Strength hero with a melee attack. Primary attribute: Strength. Attack type: Melee. Roles: Carry, Support, Durable, Disabler, Initiator, Nuker.

## Roles

- **Carry** — scales with items and becomes the main damage dealer late game
- **Support** — protects allies, buys utility items and controls vision
- **Durable** — survives extended fights, high effective health
- **Disabler** — has stuns, silences or other crowd control
- **Initiator** — starts team fights on favourable terms
- **Nuker** — deals large burst spell damage

## Base stats

- Primary attribute: Strength
- Attack type: Melee
- Base Strength 23 (+2.7 per level)
- Base Agility 22 (+1.5 per level)
- Base Intelligence 25 (+1.8 per level)
- Health regen 0.25
- Mana regen 0
- Base armor 0
- Base damage 27-33
- Attack range 150
- Base attack time 110
- Attack point 0.35
- Projectile speed 900
- Move speed 295
- Vision 1800 day / 800 night

## Popularity

- Public games picked 162,960 times, won 76,778 (47.1% win rate)
- Professional games: 7 picks, 3 bans, 85.7% win rate

## Abilities

Alchemist has 7 abilities: Acid Spray, Unstable Concoction, Corrosive Weaponry, Berserk Potion, Greevil's Greed, Chemical Rage, Unstable Concoction Throw.

### Acid Spray

Alchemist's ability **Acid Spray**, type Active, targeting Point Target, AOE, Physical damage.

Sprays high-pressure acid across a target area. Enemy units who step across the contaminated terrain take damage per second and have their armor reduced.

- Mana cost: 120
- Cooldown: 21
- Pierces spell immunity: No
- Radius: 350/400/450/500
- Duration: 15
- Damage Per Second: 25/30/35/40
- Armor Reduction: 3/4/5/6
- Tick Rate: 1
- Cast Range: 900
- Cast Time: 0.1

_Using traditional Alchemy from the Darkbrew family, Razzil concocts an acid that dissolves even the toughest metals._

### Unstable Concoction

Alchemist's ability **Unstable Concoction**, type Active, targeting No Target, Instant Cast, Physical damage.

Alchemist brews up an unstable concoction that he can throw at an enemy hero, to stun and deal damage in an area around the explosion. The longer the concoction brews, the more damage it deals and the longer the stun. Alchemist is faster while charging the concoction. After 5 seconds, the brew reaches its maximum damage and stun time. However, after 5.5 seconds, the concoction will explode on Alchemist himself if not thrown.

- Mana cost: 100
- Cooldown: 17
- Pierces spell immunity: No
- Dispellable: Strong Dispels Only
- Brew Time: 5
- Brew Explosion: 5.5
- Min Stun: 0.25
- Max Stun: 1.7/2.2/2.7/3.2
- Max Damage: 150/220/290/360
- Explosion Radius: 250
- Move Speed Bonus: 4/8/12/16
- Cast Range: 775

_A silver lining to the failure of turning a mountain into gold, this volatile solution has destructive potential._

### Corrosive Weaponry

Alchemist's ability **Corrosive Weaponry**, type Passive, targeting Passive.

Alchemist coats his weapons and empowers his spells with an acid that applies a stacking slow and base attack damage reduction to enemies hit.

Attacks apply 2 stacks. Unstable Concoction applies 1 stack per second of brew time.

- Pierces spell immunity: No
- Max Stacks: 7/10/13/16
- Debuff Duration: 4
- Movement Slow Per Stack: 2.5/3/3.5/4
- Base Attack Damage Reduction Per Stack: 2.5/3/3.5/4
- Stacks Per Attack: 2
- One Tooltip: 1

_A powerful solvent that turned out to work all too well._

### Berserk Potion

Alchemist's ability **Berserk Potion**, type Active, targeting Unit Target, Hidden.

Alchemist throws a potion at an ally, applying a basic dispel and giving them attack speed, movement speed and HP regen.

DISPEL TYPE: Basic Dispel

- Mana cost: 100
- Cooldown: 35
- Pierces spell immunity: Yes
- Dispellable: Yes
- Duration: 15
- Attack Speed: 50
- Hp Regen: 40
- Projectile Speed: 900
- Move Speed: 30
- Cast Range: 800
- Cast Time: 0.2

_After Razzil's great grandfather tested an early version of this potion on himself, a surviving family member immediately saw the profit potential._

### Greevil's Greed

Alchemist's ability **Greevil's Greed**, type Passive, targeting Hidden, Passive, innate.

Alchemist synthesizes additional gold from his enemies and bounty runes. With each kill, Alchemist earns base bonus gold and extra bonus gold. If Alchemist kills another unit which yields gold within the next 40 seconds, an additional instance of Extra Bonus Gold is added to the total. Additionally, causes bounty runes to yield more gold.

- Recent Kill Window: 40
- Bonus Gold: 2
- Base Bonus Gold: 2
- Extra Bonus Gold: 2
- Bonus Gold Per Scepter: 3
- Bounty Rune Multiplier: 2
- Bonus Gold Cap: 16
- Max Bonus Gold Per Kill: 16
- Scepter Bonus Damage: 15
- Cast Time: 0.2

_While it is not a mountain, Razzil has mastered the conversion of smaller compounds to line his pockets._

### Chemical Rage

Alchemist's ability **Chemical Rage**, type Active, targeting No Target.

Alchemist causes his Ogre to enter a chemically induced rage, reducing base attack cooldown and increasing movement speed and health regeneration.

DISPEL TYPE: Basic Dispel

- Mana cost: 50/75/100
- Cooldown: 60
- Dispellable: No
- Duration: 30
- Transformation Time: 0.35
- Base Attack Time: 1.2/1.1/1
- Bonus Health Regen: 50/85/120
- Bonus Move Speed: 20/30/40

_The brew Razzil gave to the Ogre during their prison bust has become a useful potion in the midst of combat._

### Unstable Concoction Throw

Alchemist's ability **Unstable Concoction Throw**, type Active, targeting Unit Target, AOE, Hidden.

Throw it before it blows up!

- Pierces spell immunity: No
- Brew Time: 5
- Min Stun: 0.25
- Max Stun: 1.75/2.25/2.75/3.25
- Max Damage: 150/220/290/360
- Projectile Speed: 900
- Midair Explosion Radius: 250
- Brew Explosion: 7
- Cast Range: 775
- Cast Time: 0.2

## Lore

The sacred science of Chymistry was a Darkbrew family tradition, but no Darkbrew had ever shown the kind of creativity, ambition, and recklessness of young Razzil. However, when adulthood came calling he pushed aside the family trade to try his hand at manufacturing gold through Alchemy. In an act of audacity befitting his reputation, Razzil announced he would transmute an entire mountain into gold. Following two decades of research and spending and preparation, he failed spectacularly, quickly finding himself imprisoned for the widespread destruction his experiment wrought. Yet Razzil was never one to take a setback lightly, and sought escape to continue his research. When his new cellmate turned out to be a fierce ogre, he found just the opportunity he needed. After convincing the ogre not to eat him, Razzil set about carefully concocting a tincture for it to drink, made from the moulds and mosses growing in the prison stone work. In a week's time, it seemed ready. When the ogre drank the potion, it flew into an unstoppable berserker rage, destroying the cell bars and exploding through walls and guards alike. They soon found themselves lost somewhere in the forest surrounding the city with a trail of wreckage in their wake and no signs of pursuit. In the tonic's afterglow, the ogre seemed serene, happy, and even eager. Resolving to work together, the pair set off to collect the materials needed to attempt Razzil's Alchemic transmutation once more.","",73,"","",1,0,"",1,"en",0,,,,,""
"hero_master",,"gyrocopter",1,"2026-07-29","hero_master","Gyrocopter","# Gyrocopter

Gyrocopter is an Agility hero with a ranged attack. Primary attribute: Agility. Attack type: Ranged. Roles: Carry, Nuker, Disabler.

## Roles

- **Carry** — scales with items and becomes the main damage dealer late game
- **Nuker** — deals large burst spell damage
- **Disabler** — has stuns, silences or other crowd control

## Base stats

- Primary attribute: Agility
- Attack type: Ranged
- Base Strength 22 (+2.5 per level)
- Base Agility 25 (+3.4 per level)
- Base Intelligence 21 (+2.4 per level)
- Health regen 0.25
- Mana regen 0
- Base armor 1
- Base damage 18-24
- Attack range 365
- Base attack time 115
- Attack point 0.2
- Projectile speed 3000
- Move speed 315
- Vision 1800 day / 800 night

## Popularity

- Public games picked 115,734 times, won 49,915 (43.1% win rate)

## Abilities

Gyrocopter has 6 abilities: Rocket Barrage, Homing Missile, Flak Cannon, Afterburner, Side Gunner, Call Down.

### Rocket Barrage

Gyrocopter's ability **Rocket Barrage**, type Active, targeting No Target, Instant Cast, Magical damage.

Launches a salvo of rockets at nearby enemy units in a radius around the Gyrocopter. Lasts 3 seconds.

- Mana cost: 85
- Cooldown: 7/6.5/6/5.5
- Pierces spell immunity: No
- Dispellable: Yes
- Radius: 400
- Rockets Per Second: 10
- Rocket Interval: 0.1
- Barrage Duration: 3
- Rocket Damage: 8/14/20/26

_Aurel's new craft has an increased payload for rockets, enhancing their rapid-fire capabilities._

### Homing Missile

Gyrocopter's ability **Homing Missile**, type Active, targeting Unit Target, Magical damage.

Fires a homing missile to seek the targeted enemy unit. The missile gains speed over time, dealing damage and stunning when it impacts the target. Enemy units can destroy the missile before it reaches its target.

- Mana cost: 120/130/140/150
- Cooldown: 30/24/18/12
- Pierces spell immunity: No
- Dispellable: Strong Dispels Only
- Hits To Destroy: 3
- Tower Hits To Destroy: 6
- Stun Duration: 1.3/1.7/2.1/2.5
- Attack Speed Bonus Pct: 400
- Damage: 90/180/270/360
- Max Distance: 1500
- Pre Flight Time: 2.5
- Hero Damage: 2
- Speed: 500
- Acceleration: 15
- Enemy Vision Time: 4
- Cast Range: 1050

_The biggest missile Aurel could possibly attach to his craft, The Bomb has carefully calculated aerodynamics and explosives for maximum impact._

### Flak Cannon

Gyrocopter's ability **Flak Cannon**, type Active, targeting No Target, Instant Cast, Physical damage.

Gyrocopter's attacks hit all enemy units in an area around it for a limited number of attacks. Only the main target of attacks will receive attack bonuses such as Critical Strike. Lasts 12 seconds or until the attacks are used.

- Mana cost: 50/60/70/80
- Cooldown: 25
- Pierces spell immunity: Yes
- Dispellable: No
- Radius: 1250
- Max Attacks: 4/5/6/7
- Projectile Speed: 800
- Duration: 12

_This newly revamped Gyrocopter has attached enough armaments to assault in a 360 degree radius._

### Afterburner

Gyrocopter's ability **Afterburner**, type Passive, targeting Passive, Hidden, innate.

Gyrocopter gains movement speed for a short duration after damaging an enemy with his attacks or abilities.

- Duration: 4.9
- Movespeed (Heroes): 1
- Movespeed (Creeps): 0.5

### Side Gunner

Gyrocopter's ability **Side Gunner**, type Passive, targeting Passive, Physical damage.

- Pierces spell immunity: Yes
- Double Target: 1
- Sidegunner Fire Rate: 1.3

### Call Down

Gyrocopter's ability **Call Down**, type Active, targeting Point Target, AOE, Magical damage.

Call down 3 aerial missile strikes that slow and damage enemy units in a target area. Each strike is 500 distance from the previous one.

- Mana cost: 150/200/250
- Cooldown: 75/65/55
- Pierces spell immunity: No
- Dispellable: Yes
- Cast Range: 1000
- Slow Duration: 4
- Missile Slow: 60%
- Missile Damage: 200/350/500
- Radius: 400
- Missile Delay Tooltip: 2
- Time Between Strikes: 1
- Total Strikes: 3
- Strike Separation: 500
- Tracking Missile Damage: 50
- Cast Time: 0.3

_'Bombs Away!'_

## Lore

After serving through a lifetime of wars, upheaval, riots, and revolutions, the brass figured Aurel had seen enough. But in addition to a few trinkets and his considerable pension, the erstwhile engineer left with something far more interesting: a long-forgotten, incomplete schematic for a Gyrocopter, the world's first manned, non-magical flying device. Retiring to the tropical obscurity of the Ash Archipelago with little else but time and money, he set to work building the device. As the years wore on and the remains of failed prototypes began to pile up, he began to wonder if mechanical flight was even possible. A decade and a day after his retirement, on a sunny afternoon with a southerly breeze, Aurel sat in his latest attempt bristling with indignation and expectant failure. With a grunt of effort he pulled the ignition cord and covered his head, waiting for the inevitable explosion. However to his great surprise he began to lift and, following a few panicked adjustments, stabilize. Within an hour, he was ducking and weaving with the breeze, level with the gulls, and Aurel found himself filled with the breathless wonder of flight. As dusk settled in he set a course back to his workshop, but no sooner had he turned his craft when a cannonball tore through his tailfin. Disentangling himself from the wreckage, he swam toward the nearest piece of land in sight, and cursed to see the ship responsible for the cannonball collecting the debris. Days later, when Aurel returned to his workshop, he set to work on yet another gyrocopter, this one capable of carrying a much heavier, more dangerous payload.","",72,"","",1,0,"",1,"en",0,,,,,""
"hero_master",,"spirit-breaker",1,"2026-07-29","hero_master","Spirit Breaker","# Spirit Breaker

Spirit Breaker is a Strength hero with a melee attack. Primary attribute: Strength. Attack type: Melee. Roles: Carry, Initiator, Disabler, Durable, Escape.

## Roles

- **Carry** — scales with items and becomes the main damage dealer late game
- **Initiator** — starts team fights on favourable terms
- **Disabler** — has stuns, silences or other crowd control
- **Durable** — survives extended fights, high effective health
- **Escape** — has mobility to leave dangerous situations

## Base stats

- Primary attribute: Strength
- Attack type: Melee
- Base Strength 28 (+3.3 per level)
- Base Agility 17 (+1.7 per level)
- Base Intelligence 14 (+1.8 per level)
- Health regen 1.25
- Mana regen 0.5
- Base armor 1
- Base damage 34-44
- Attack range 170
- Base attack time 100
- Attack point 0.6
- Projectile speed 900
- Move speed 295
- Vision 1800 day / 800 night

## Popularity

- Public games picked 557,792 times, won 288,776 (51.8% win rate)
- Professional games: 1 picks, 1 ban, 0.0% win rate

## Abilities

Spirit Breaker has 6 abilities: Charge of Darkness, Bulldoze, Greater Bash, Planar Pocket, Empowering Haste, Nether Strike.

### Charge of Darkness

Spirit Breaker's ability **Charge of Darkness**, type Active, targeting Unit Target.

Spirit Breaker fixes his sight on an enemy unit and starts charging through all objects, starting at 25% of the bonus speed and reaching his max speed after 1.5s.

All enemy units passed through and the targeted unit will be hit by a Greater Bash. If the targeted unit dies, Spirit Breaker will change his target to the nearest enemy unit to that location.

- Mana cost: 80/90/100/110
- Cooldown: 22/19/16/13
- Pierces spell immunity: No
- Dispellable: No
- Charge Bonus Speed: 275/325/375/425
- Stun Duration: 1.3/1.6/1.9/2.2
- Bash Radius: 300
- Vision Radius: 400
- Vision Duration: 0.94
- Windup Time: 1.5
- Min Movespeed Bonus Pct: 25
- Cast Time: 0.1

_Barathrum erupts from the darkness with unwieldy force._

### Bulldoze

Spirit Breaker's ability **Bulldoze**, type Active, targeting No Target, Instant Cast.

Spirit Breaker gains movement speed and status resistance to ram through enemies. Can be used while charging.

- Mana cost: 30/40/50/60
- Cooldown: 22/20/18/16
- Dispellable: Yes
- Movement Speed: 8%/12%/16%/20%
- Status Resistance: 40%/50%/60%/70%
- Duration: 8

_Barathrum warps the fabric of reality around him, lessening its influence on his physical form._

### Greater Bash

Spirit Breaker's ability **Greater Bash**, type Passive, targeting Passive, Magical damage.

Gives a chance to stun and knockback an enemy unit on an attack. Deals a percentage of movement speed as damage.

- Cooldown: 1.2
- Pierces spell immunity: Yes
- Dispellable: Strong Dispels Only
- Chance To Bash: 17%
- Movement Speed As Damage: 25%/30%/35%/40%
- Stun Duration: 0.9/1.1/1.3/1.5
- Knockback Duration: 0.5
- Knockback Distance: 143/152/158/162
- Knockback Height: 50
- Bonus Knockback Multiplier: 2
- Bonus Movespeed Pct: 17
- Movespeed Duration: 3
- Creep Multiplier: 1

_The signature strike of Barathrum's ghostly ball and chain._

### Planar Pocket

Spirit Breaker's ability **Planar Pocket**, type Active, targeting Unit Target, Instant Cast.

Barathrum gains magic resistance and distorts reality around the selected hero, making any unit-targeted spells cast by enemy heroes get redirected towards Spirit Breaker. Can be cast on both allied and enemy heroes, but only spells cast by enemies of Spirit Breaker will be redirected.

- Mana cost: 100
- Cooldown: 30
- Pierces spell immunity: No
- Dispellable: Strong Dispels Only
- Radius: 900
- Duration: 6
- Self Magic Resistance: 40%
- Break Distance: 900
- Cast Range: 700

_Barathrum's unyielding focus forms a pocket of planar convergence from which not even the most powerful arcane energies can escape._

### Empowering Haste

Spirit Breaker's ability **Empowering Haste**, type Passive, targeting Passive, Hidden, innate.

Spirit Breaker gains bonus Movement Speed for a duration whenever he stuns an enemy. Effects from multiple stuns stack and have independent durations. Duration pauses during Charge of Darkness.

- Dispellable: No
- Hero Duration: 2
- Creep Duration: 1
- Hero Movespeed: 8%
- Creep Movespeed: 2%

### Nether Strike

Spirit Breaker's ability **Nether Strike**, type Active, targeting Unit Target, Magical damage.

Spirit Breaker slips into the nether realm, reappearing next to his hapless victim. Upon reappearing, a Greater Bash of the current level occurs and deals bonus damage. Knocks back for double the normal distance.

- Mana cost: 125/150/175
- Cooldown: 75/55/35
- Pierces spell immunity: Yes
- Dispellable: Strong Dispels Only
- Bonus Damage: 150/250/350
- Fade Time: 1
- Cast Range: 700
- Cast Time: 1

_Barathrum temporarily returns to the realm from where he came, bringing with him the retribution of both worlds._

## Lore

Barathrum the Spirit Breaker is a lordly and powerful being, a fierce and elemental intelligence which chose to plane-shift into the world of matter to take part in events with repercussions in the elemental realm that is his home. To that end, he assembled a form that would serve him well, both in our world and out of it. His physical form borrows from the strengths of this world, blending features both bovine and simian--horns, hooves and hands--as outward emblems of his inner qualities of strength, speed and cunning. He wears a ring in his nose, as a reminder that he serves a hidden master, and that this world in which he works is but a shadow of the real one.","",71,"","",1,0,"",1,"en",0,,,,,""
"hero_master",,"ursa",1,"2026-07-29","hero_master","Ursa","# Ursa

Ursa is an Agility hero with a melee attack. Primary attribute: Agility. Attack type: Melee. Roles: Carry, Durable, Disabler.

## Roles

- **Carry** — scales with items and becomes the main damage dealer late game
- **Durable** — survives extended fights, high effective health
- **Disabler** — has stuns, silences or other crowd control

## Base stats

- Primary attribute: Agility
- Attack type: Melee
- Base Strength 25 (+2.4 per level)
- Base Agility 18 (+2.8 per level)
- Base Intelligence 16 (+1.5 per level)
- Health regen 1
- Mana regen 0
- Base armor 1
- Base damage 24-28
- Attack range 150
- Base attack time 100
- Attack point 0.3
- Projectile speed 900
- Move speed 310
- Vision 1800 day / 800 night

## Popularity

- Public games picked 256,991 times, won 121,228 (47.2% win rate)

## Abilities

Ursa has 5 abilities: Earthshock, Overpower, Fury Swipes, Maul, Enrage.

### Earthshock

Ursa's ability **Earthshock**, type Active, targeting No Target, Instant Cast, Magical damage.

Ursa leaps forward 250 units and slams the earth, causing a powerful shock to damage and slow all enemy units in a nearby area for 4 seconds.

- Mana cost: 95
- Cooldown: 15/13/11/9
- Pierces spell immunity: No
- Dispellable: Yes
- Radius: 385
- Slow: -22%/-28%/-34%/-40%
- Hop Distance: 250
- Hop Duration: 0.25
- Hop Height: 83
- Charge Restore Time: 15/13/11/9
- Duration: 4

_The very steps of a male ursine shake the ground as well as the resolve of opposing warriors._

### Overpower

Ursa's ability **Overpower**, type Active, targeting No Target.

Using his skill in combat, Ursa gains increased attack speed and slow resistance for a number of subsequent attacks.

- Mana cost: 45/50/55/60
- Cooldown: 12/11/10/9
- Dispellable: Yes
- Attacks: 3/4/5/6
- Bonus Attack Speed: 400
- Slow Resistance: 25%
- Duration: 20
- Cast Time: 0.3

_For a behemoth of his size, Ursa is deceptively nimble._

### Fury Swipes

Ursa's ability **Fury Swipes**, type Passive, targeting Passive, Physical damage.

Ursa's claws dig deeper wounds in the enemy, causing consecutive attacks to the same enemy to deal more damage. If the same target is not attacked after 8 seconds, the bonus damage is lost.

- Pierces spell immunity: Yes
- Dispellable: No
- Reset Time: 8/12/16/20
- Reset Time (Roshan): 8
- Damage Per Attack: 12/20/28/36

_In nature, the wounded rarely survive the attacks of hungry predators._

### Maul

Ursa's ability **Maul**, type Passive, targeting Passive, innate.

Ursa gains bonus damage equal to a percentage of his Current HP.

- Health As Damage: 1.25%

### Enrage

Ursa's ability **Enrage**, type Active, targeting No Target, Instant Cast.

Ursa goes into a frenzy, providing damage reduction and status resistance. Removes any existing debuffs.

DISPEL TYPE: Strong Dispel

- Mana cost: 0
- Cooldown: 60/45/30
- Pierces spell immunity: Yes
- Dispellable: No
- Damage Reduction: 80%
- Status Resistance: 50%
- Duration: 4/4.5/5

_Ulfsaar succumbs to his ancient spirit, becoming the most ferocious creature on the battlefield._

## Lore

Ulfsaar the Warrior is the fiercest member of an ursine tribe, protective of his land and his people. During the long winters, while the mothers sleep and nurse their cubs, the males patrol the lands above as tireless, vigilant defenders of their ancient ways. Hearing dim but growing rumors of a spreading evil, Ulfsaar headed out beyond the boundaries of his wild wooded homeland, intending to track down and destroy the threat at its source, before it could endanger his people. He is a proud creature with a bright strong spirit, utterly trustworthy, a staunch ally and defender.","",70,"","",1,0,"",1,"en",0,,,,,""
"hero_master",,"doom-bringer",1,"2026-07-29","hero_master","Doom","# Doom

Doom is a Strength hero with a melee attack. Primary attribute: Strength. Attack type: Melee. Roles: Carry, Disabler, Initiator, Durable, Nuker.

## Roles

- **Carry** — scales with items and becomes the main damage dealer late game
- **Disabler** — has stuns, silences or other crowd control
- **Initiator** — starts team fights on favourable terms
- **Durable** — survives extended fights, high effective health
- **Nuker** — deals large burst spell damage

## Base stats

- Primary attribute: Strength
- Attack type: Melee
- Base Strength 24 (+3.6 per level)
- Base Agility 15 (+1.5 per level)
- Base Intelligence 15 (+1.9 per level)
- Health regen 0.66
- Mana regen 0
- Base armor 2
- Base damage 32-42
- Attack range 200
- Base attack time 100
- Attack point 0.5
- Projectile speed 900
- Move speed 290
- Vision 1800 day / 800 night

## Popularity

- Public games picked 208,246 times, won 97,097 (46.6% win rate)
- Professional games: 4 picks, 17 bans, 50.0% win rate

## Abilities

Doom has 6 abilities: Devour, Scorched Earth, Infernal Blade, Devoured Ability, Doom, Lvl ? Pain.

### Devour

Doom's ability **Devour**, type Active, targeting Unit Target.

Consumes an enemy or neutral creep, acquiring any special abilities that it possessed. If alt-cast is activated, Doom will not acquire the creep's abilities. Duration is equal to the cooldown.

- Mana cost: 40/50/60/70
- Cooldown: 66
- Dispellable: No
- Bonus Gold: 35/70/105/140
- Creep Max Level: 4/5/6/6
- Hero Ability Steal Time: 99999
- Cast Range: 300
- Cast Time: 0.3

_Lucifer's appetite and greed are never sated._

### Scorched Earth

Doom's ability **Scorched Earth**, type Active, targeting No Target, Magical damage.

Carpets the nearby earth in flames which damage enemies, while also granting Doom increased movement speed and health regeneration.

- Mana cost: 60/70/80/90
- Cooldown: 41/39/37/35
- Pierces spell immunity: No
- Dispellable: No
- Damage: 20/30/40/50
- Bonus Hp Regen: 6.66
- Radius: 666
- Bonus Move Speed: 7%/8%/9%/10%
- Duration: 10/12/14/16
- Cast Range: 666

_The Fallen One spreads destruction in his wake, sparing none from the flame which sustains him._

### Infernal Blade

Doom's ability **Infernal Blade**, type Active, targeting Unit Target, Autocast, Attack Modifier, Magical damage.

Doom swings his burning sword, igniting the enemy. Stuns for 0.66 seconds and applies a 4 second burn that deals a base damage plus a percentage of the target's Max HP as damage per second.

- Mana cost: 35
- Cooldown: 13/10/7/4
- Pierces spell immunity: No
- Dispellable: Yes
- Base Burn Damage: 15/30/45/60
- Max Hp As Damage: 1%/2%/3%/4%
- Burn Duration: 4
- Stun Duration: 0.66
- Cast Range: 200

_Lucifer shares the fire branding bestowed upon him at the time of his exile._

### Devoured Ability

Doom's ability **Devoured Ability**, type Passive, targeting Passive.

This slot will be replaced with abilities acquired using Devour.

### Doom

Doom's ability **Doom**, type Active, targeting Unit Target, Pure damage.

Inflicts a curse that dispels an enemy and prevents them from casting spells or healing in any way, while taking damage over time.

DISPEL TYPE: Basic Dispel

- Mana cost: 150/200/250
- Cooldown: 140/130/120
- Pierces spell immunity: Yes
- Dispellable: No
- Duration: 12/14/16
- Damage Per Second: 22/44/66
- Deniable Pct: 25
- Cast Range: 400
- Cast Time: 0.5

_When a name is tolled from the bell of Vashundol, doom is sure to follow._

### Lvl ? Pain

Doom's ability **Lvl ? Pain**, type Passive, targeting Passive, Hidden, innate.

Doom's attacks curse enemy heroes. After 2.5s, the cursed hero bursts with a pillar of fire, damaging itself and all units in a 66 AoE for 10% of the damage taken from Doom during the curse. The damage and radius of the curse is 66% stronger if the enemy's level is a multiple of 6.

- Bonus Damage Pct Base: 10
- Damage Debuff Duration: 2.5
- Spread Radius: 66
- Level Multiplier: 6
- Bonus At Level Pct: 66

## Lore

He that burns and is not consumed, devours and is never sated, kills and is beyond all judgment--Lucifer brings doom to all who would stand against him. Bearing away souls on the tip of a fiery sword, he is the Fallen One, a once-favored general from the realm behind the light, cast out for the sin of defiance: he would not kneel. Six times his name was tolled from the great bell of Vashundol. Six and sixty times his wings were branded, until only smoking stumps remained. Without wings, he slipped loose from the tethers that bound him within the light and he fell screaming to earth. A crater in the desert, Paradise lost. Now he attacks without mercy, without motive, the only living being able to move freely between the seven dark dominions. Lashed by inescapable needs, twisted by unimaginable talents, Doom carries his own hell with him wherever he goes. Defiant to the last. Eventually, the world will belong to Doom.","",69,"","",1,0,"",1,"en",0,,,,,""
"hero_master",,"ancient-apparition",1,"2026-07-29","hero_master","Ancient Apparition","# Ancient Apparition

Ancient Apparition is an Intelligence hero with a ranged attack. Primary attribute: Intelligence. Attack type: Ranged. Roles: Support, Disabler, Nuker.

## Roles

- **Support** — protects allies, buys utility items and controls vision
- **Disabler** — has stuns, silences or other crowd control
- **Nuker** — deals large burst spell damage

## Base stats

- Primary attribute: Intelligence
- Attack type: Ranged
- Base Strength 20 (+1.9 per level)
- Base Agility 20 (+2 per level)
- Base Intelligence 23 (+3.1 per level)
- Health regen 0.25
- Mana regen 0
- Base armor -1
- Base damage 21-31
- Attack range 675
- Base attack time 100
- Attack point 0.45
- Projectile speed 1250
- Move speed 285
- Vision 1800 day / 800 night

## Popularity

- Public games picked 245,686 times, won 125,230 (51.0% win rate)

## Abilities

Ancient Apparition has 6 abilities: Cold Feet, Ice Vortex, Chilling Touch, Bone Chill, Ice Blast, Release.

### Cold Feet

Ancient Apparition's ability **Cold Feet**, type Active, targeting Unit Target, Magical damage.

Places a curse on an enemy, dealing damage over time. If the enemy unit doesn't move outside of the given range from the initial location, it will be stunned and frozen in place after 4 seconds.

- Mana cost: 110/115/120/125
- Cooldown: 15/13/11/9
- Pierces spell immunity: No
- Dispellable: Yes
- Damage Per Second: 25/45/65/85
- Break Distance: 725/750/775/800
- Stun Duration: 1.8/2.2/2.6/3
- Cast Range: 700/800/900/1000
- Duration: 4
- Cast Time: 0.01

_Kaldr's presence draws those around him into a frozen void, threatening to lock them in an icy prison for eternity._

### Ice Vortex

Ancient Apparition's ability **Ice Vortex**, type Active, targeting AOE, Point Target, Magical damage.

Creates a vortex of icy energy that slows, deals damage, and increases magic damage done to enemies in its range.

- Mana cost: 40/55/70/85
- Cooldown: 10/8/6/4
- Pierces spell immunity: No
- Dispellable: No
- Radius: 275
- Drag Speed: 40/50/60/70
- Movement Slow: -8
- Increased Magic Damage: -16/-19/-22/-25
- Vision Aoe: 200/220/240/260
- Damage Per Second: 10/20/30/40
- Duration: 6/8/10/12
- Cast Range: 1200
- Duration: 6/8/10/12
- Cast Time: 0.01

_Frozen, caustic winds are at the whim of Kaldr, chilling the field of battle._

### Chilling Touch

Ancient Apparition's ability **Chilling Touch**, type Active, targeting Unit Target, Autocast, Attack Modifier, Magical damage.

Enhances Ancient Apparition's attack with increased range and a burst of magical damage and slow.

- Mana cost: 35
- Cooldown: 10/7.5/5/2.5
- Pierces spell immunity: No
- Dispellable: Yes
- Damage: 35/65/95/125
- Duration: 3
- Slow: 100
- Slow Duration: 0.7/0.8/0.9/1
- Attack Range Bonus: 60/90/120/150

_The Ancient Apparition's eternal knowledge brings a frigid enchantment to his attacks._

### Bone Chill

Ancient Apparition's ability **Bone Chill**, type Passive, targeting Passive, Hidden, Magical damage, innate.

When Ancient Apparition deals Magic damage to an enemy with his abilities, it is slowed for a short duration. If the target is a Hero, its Strength is also reduced. Multiple instances of this effect stack and have independent durations.

- Pierces spell immunity: No
- Strength Reduction: .2
- Tooltip Scepter Bonus: 0.8
- Duration: 4
- Movement Slow: 2

### Ice Blast

Ancient Apparition's ability **Ice Blast**, type Active, targeting Point Target, AOE, Magical damage.

Launches a tracer toward any location on the battlefield, which must be triggered again to mark the area to be blasted by a damaging explosion of hail. The further the tracer travels, the larger the explosion will be. Enemies caught in the explosion, or who touch the icy ball of hail as it travels, are Frostbitten, taking damage over time and prevented from regenerating or healing. If a Frostbitten unit's health drops below a certain percentage, they will instantly shatter.

- Mana cost: 175
- Cooldown: 60/50/40
- Pierces spell immunity: Yes
- Dispellable: No
- Radius Min: 300
- Radius Grow: 50
- Radius Max: 1000
- Path Radius: 300
- Frostbitten Duration: 10/11/12
- Speed: 1500
- Shatter Health Threshold: 12/13/14
- Target Sight Radius: 500
- Damage Per Second: 12/24/36
- Cast Time: 0.01

_Ice storms from ages past flow through Kaldr's frosty limbs, crashing into the world and turning its inhabitants into monuments to his eternal power._

### Release

Ancient Apparition's ability **Release**, type Active, targeting Hidden, No Target.

Releases the ice blast to explode at the tracer's current location. Can be cast while silenced.

- Cooldown: 1

## Lore

Kaldr, the Ancient Apparition, is an image projected from outside time. He springs from the cold, infinite void that both predates the universe and awaits its end. Kaldr is, Kaldr was, Kaldr shall be...and what we perceive, powerful as it appears to us, is but the faintest faded echo of the true, eternal Kaldr. Some believe that as the cosmos ages and approaches its final moments, the brightness and power of Kaldr will also intensify--that the Ancient Apparition will grow younger and stronger as eternity's end draws nigh. His grip of ice will bring all matter to a stop, his image will cast a light too terrible to behold. An Apparition no longer!","",68,"","",1,0,"",1,"en",0,,,,,""
"hero_master",,"spectre",1,"2026-07-29","hero_master","Spectre","# Spectre

Spectre is an Agility hero with a melee attack. Primary attribute: Agility. Attack type: Melee. Roles: Carry, Durable, Escape.

## Roles

- **Carry** — scales with items and becomes the main damage dealer late game
- **Durable** — survives extended fights, high effective health
- **Escape** — has mobility to leave dangerous situations

## Base stats

- Primary attribute: Agility
- Attack type: Melee
- Base Strength 21 (+2.4 per level)
- Base Agility 26 (+2.4 per level)
- Base Intelligence 16 (+1.7 per level)
- Health regen 1.5
- Mana regen 0
- Base armor 0
- Base damage 23-27
- Attack range 150
- Base attack time 110
- Attack point 0.3
- Projectile speed 900
- Move speed 295
- Vision 1800 day / 800 night

## Popularity

- Public games picked 481,468 times, won 261,217 (54.3% win rate)
- Professional games: 9 picks, 10 bans, 33.3% win rate

## Abilities

Spectre has 6 abilities: Spectral Dagger, Shadow Step, Dispersion, Reality, Desolate, Haunt.

### Spectral Dagger

Spectre's ability **Spectral Dagger**, type Active, targeting Point Target, Unit Target, Magical damage.

Spectre flings a dagger to draw a Shadow Path, dealing damage and slowing the movement speed of any enemies along the trail. Units hit by the dagger also trail a Shadow Path. While treading the path, Spectre moves faster and phases through otherwise impassable terrain.

- Mana cost: 100/110/120/130
- Cooldown: 22/20/18/16
- Dispellable: Yes
- Damage: 80/120/160/200
- Movement Speed Change: 14%/16%/18%/20%
- Dagger Path Duration: 12
- Duration: 7
- Buff Persistence: 4
- Dagger Radius: 125
- Path Radius: 175
- Vision Radius: 200
- Speed: 800
- Dagger Grace Period: 1
- Cast Range: 1800
- Cast Time: 0.3

_Mercurial's dagger eclipses the physical plane in shadow, a state in which mortals cower, but spectres thrive._

### Shadow Step

Spectre's ability **Shadow Step**, type Active, targeting Unit Target, AOE.

Sends an uncontrollable illusion at a target that follows and attacks the target.

The Reality sub-ability may be used to teleport to the illusion, destroying it.

- Mana cost: 60/65/70/75
- Cooldown: 24/21/18/15
- Pierces spell immunity: Yes
- Cast Range: 1000
- Duration: 3.5/4/4.5/5
- Illusion Damage Incoming: 75
- Illusion Damage Taken: 175%
- Illusion Damage: 35%/40%/45%/50%
- Move Speed: 900
- Bonus Move Speed Illusion Pct: 35
- Cast Time: 0.3

_With great focus of will, Mercurial can sometimes limit the extent of her division._

### Dispersion

Spectre's ability **Dispersion**, type Passive, targeting Passive.

Spectre disperses part of the damage dealt to her, reflecting it to all nearby enemies. The effect lessens with distance.

- Pierces spell immunity: Yes
- Damage Reflected: 9%/12%/15%/18%
- Min Radius: 350
- Max Radius: 700

_A daunting task lies before enemies of Mercurial - killing a shadow with blade and magic._

### Reality

Spectre's ability **Reality**, type Active, targeting Point Target.

Spectre assumes the target Shadow Step or Haunt illusion, destroying it.

- Mana cost: 25
- Cooldown: 1.5
- May Target Shadow Step: 1
- Travel Time: 0.2
- Min Speed: 1500

_The scattered shadows unite into the one true Spectre._

### Desolate

Spectre's ability **Desolate**, type Passive, targeting Passive, Hidden, Pure damage, innate.

Spectre and her illusions deal bonus Pure damage if attacking an enemy that does not have any allied units within a 350 radius around them.

- Pierces spell immunity: Yes
- Damage: 23
- Radius: 350

_Often times, warriors find themselves alone with a vision of Mercurial - the fated question is if it is the true Spectre._

### Haunt

Spectre's ability **Haunt**, type Active, targeting No Target.

Creates a spectral nemesis to haunt all enemy Heroes.

Haunt illusions are uncontrollable, take extra damage, and deal less damage than Spectre herself. They ignore terrain.

The Reality sub-ability may be used to teleport to the illusion, destroying it.

- Mana cost: 125/175/225
- Cooldown: 160/150/140
- Pierces spell immunity: Yes
- Scepter Cooldown Reduction Tooltip: 20
- Haunt Duration: 6
- Illusion Damage Outgoing: -70/-50/-30
- Haunt Damage: 30%/50%/70%
- Illusion Damage Incoming: 100
- Haunt Damage Taken: 200%
- Destroy If Target Is Dead: 1
- Cast Time: 0.3

_At the height of combat, Mercurial's physical manifestation shatters, and the shadowy pieces haunt those who still cling to life._

## Lore

Just as higher states of energy seek a lower level, the Spectre known as Mercurial is a being of intense and violent energy who finds herself irresistibly drawn to scenes of strife as they unfold in the physical world. While her normal spectral state transcends sensory limitations, each time she takes on a physical manifestation, she is stricken by a loss of self--though not of purpose. In the clash of combat, her identity shatters and reconfigures, and she begins to regain awareness. She grasps that she is Mercurial the Spectre--and that all of her Haunts are but shadows of the one true Spectre. Focus comes in the struggle for survival; her true mind reasserts itself; until in the final moments of victory or defeat, she transcends matter and is restored once more to her eternal form.","",67,"","",1,0,"",1,"en",0,,,,,""
"hero_master",,"chen",1,"2026-07-29","hero_master","Chen","# Chen

Chen is an Intelligence hero with a ranged attack. Primary attribute: Intelligence. Attack type: Ranged. Roles: Support, Pusher.

## Roles

- **Support** — protects allies, buys utility items and controls vision
- **Pusher** — pressures and destroys enemy towers quickly

## Base stats

- Primary attribute: Intelligence
- Attack type: Ranged
- Base Strength 23 (+2 per level)
- Base Agility 15 (+2.1 per level)
- Base Intelligence 19 (+3.2 per level)
- Health regen 0.25
- Mana regen 0.5
- Base armor -1
- Base damage 29-39
- Attack range 650
- Base attack time 100
- Attack point 0.5
- Projectile speed 1100
- Move speed 305
- Vision 1800 day / 800 night

## Popularity

- Public games picked 19,294 times, won 8,645 (44.8% win rate)
- Professional games: 1 picks, 1 ban, 0.0% win rate

## Abilities

Chen has 5 abilities: Penitence, Holy Persuasion, Divine Favor, Zealot, Hand of God.

### Penitence

Chen's ability **Penitence**, type Active, targeting Unit Target, Pure damage.

Damages enemy unit, forces it to move slower and lets allies attack it more quickly.

- Mana cost: 80/90/100/110
- Cooldown: 20/17/14/11
- Pierces spell immunity: No
- Dispellable: Yes
- Duration: 5/6/7/8
- Speed: 1400
- Movement Slow: -12%/-18%/-24%/-30%
- Bonus Attack Speed: 20/40/60/80
- Damage: 50/100/150/200
- Cast Range: 800
- Cast Time: 0.3

_Although Chen's brand of animal enthrallment isn't quite strong enough to control the minds of enemy heroes, it still tests their resolve in combat._

### Holy Persuasion

Chen's ability **Holy Persuasion**, type Active, targeting Unit Target.

Chen takes control of an enemy or neutral creep and receives a percentage of its bounty. Its maximum health is set to 400. Converted creeps will have increased movement speed and bonus damage. Chen may globally target his own creep if it has not taken damage in the last 3 seconds to unsummon it.

- Mana cost: 110/130/150/170
- Cooldown: 15
- Pierces spell immunity: Yes
- Dispellable: No
- Max Units: 1/2/3/4
- Creep Max Level: 3/4/5/6
- Health Minimum: 400
- Percentage Of Bounty: 25%/50%/75%/100%
- Move Speed Bonus: 5/10/20/30
- Bonus Damage: 5%/10%/15%/20%
- Unsummon Time: 3
- Unsummon Cooldown Reduction: 12
- Cast Range: 600
- Cast Time: 0.3

_Although they may not be knights, Chen incorporates beasts into the Fold in the same way he himself was converted._

### Divine Favor

Chen's ability **Divine Favor**, type Active, targeting Unit Target.

Passively provides an aura that grants increased health regeneration. Can be cast on allies to provide them with bonus armor and increasing the healing and health regeneration they receive.

If cast on Chen, all units controlled by Chen receive the buff.

- Mana cost: 75
- Cooldown: 20/18/16/14
- Pierces spell immunity: Yes
- Dispellable: No
- Regen Per Sec: 1.5/3/4.5/6
- Aura Radius: 1200
- Cast Range: 1200
- Duration: 6
- Armor: 5/10/15/20
- Heal Amplification: 5%/10%/15%/20%
- Creep Bonus: 1
- Cast Time: 0.2

_Chen's zeal is infectious, blessing his allies with vitality and compelling them to his side._

### Zealot

Chen's ability **Zealot**, type Active, targeting Unit Target, innate.

- Mana cost: 50
- Cooldown: 10
- Pierces spell immunity: No
- Dispellable: Yes
- Zealots: 1
- Zealot Respawn Time: 60
- Teleport Delay: 6

### Hand of God

Chen's ability **Hand of God**, type Active, targeting No Target.

Heals all allied heroes on the map as well as all units under Chen's control. A large heal is applied at first and a slow heal over time is applied for 10 seconds afterwards.

- Mana cost: 200/300/400
- Cooldown: 150/130/110
- Pierces spell immunity: Yes
- Dispellable: Yes
- Initial Heal: 200/300/400
- Hot Duration: 10
- Heal Per Second: 20/30/40
- Cast Time: 0.3

_Using the mental link with his thralls, Chen calls down restoration and well-being to those who share his fanaticism._

## Lore

Born in the godless Hazhadal Barrens, Chen came of age among the outlaw tribes who eked out an existence in the shimmering heat of the desert. Using an ancient form of animal enthrallment, Chen's people husbanded the hardy desert locuthi, a stunted species of burrowing dragon that melted desert sands into tubes of glass where twice-a-year rains collected. Always on the edge of starvation and thirst, fighting amongst their neighbors and each other, Chen's clan made the mistake, one fateful day, of ambushing the wrong caravan. In the vicious battle that followed, Chen's clan was outmatched. The armored Knights of the Fold made short work of the enthralled locuthi, who attacked and died in waves. With their dragons dead, the tribesmen followed. Chen struggled, and slashed, and clawed, and perished--or would have. Defeated, on his knees, he faced his execution with humility, offering his neck to the blade. Moved by Chen's obvious courage, the executioner halted his sword. Instead of the blade, Chen was given a choice: death or conversion. Chen took to the faith with a ferocity. He joined the Fold and earned his armor one bloody conversion at a time. Now, with the fanaticism of a convert, and with his powers of animal enthrallment at their peak, he seeks out unbelievers and introduces them to their final reward.","",66,"","",1,0,"",1,"en",0,,,,,""
"hero_master",,"batrider",1,"2026-07-29","hero_master","Batrider","# Batrider

Batrider is an Universal hero with a ranged attack. Primary attribute: Universal. Attack type: Ranged. Roles: Initiator, Disabler, Escape.

## Roles

- **Initiator** — starts team fights on favourable terms
- **Disabler** — has stuns, silences or other crowd control
- **Escape** — has mobility to leave dangerous situations

## Base stats

- Primary attribute: Universal
- Attack type: Ranged
- Base Strength 23 (+2.9 per level)
- Base Agility 13 (+2 per level)
- Base Intelligence 22 (+2.9 per level)
- Health regen 1.25
- Mana regen 0
- Base armor 2
- Base damage 12-16
- Attack range 400
- Base attack time 100
- Attack point 0.3
- Projectile speed 900
- Move speed 320
- Turn rate 0.9
- Vision 1800 day / 800 night

## Popularity

- Public games picked 56,725 times, won 24,566 (43.3% win rate)
- Professional games: 6 picks, 6 bans, 33.3% win rate

## Abilities

Batrider has 6 abilities: Sticky Napalm, Flamebreak, Firefly, APPLICATION DAMAGE:, Smoldering Resin, Flaming Lasso.

### Sticky Napalm

Batrider's ability **Sticky Napalm**, type Active, targeting AOE, Point Target, Magical damage.

Drenches an area in sticky oil, amplifying damage from Batrider's attacks and abilities and slowing the movement speed and turn rate of enemies. Additional casts of Sticky Napalm continue to increase damage, up to 20 stacks. Applies a small amount of damage with each cast.

- Mana cost: 22
- Cooldown: 3
- Pierces spell immunity: No
- Dispellable: Yes
- Max Level: 4
- Cast Range: 600
- Stacks Per Cast: 2
- Damage Per Stack: 2.5/5/7.5/10
- Radius: 375
- Duration: 6
- Movement Slow: -.75%/-1.5%/-2.25%/-3%
- Turn Rate Slow: -10%/-30%/-50%/-70%
- Max Stacks: 20
- Creep Damage Pct: 20
- Application Damage: 5/10/15/20

_It's not uncommon to hear the Rider cackle while he increases the flammability of his opponents._

### Flamebreak

Batrider's ability **Flamebreak**, type Active, targeting AOE, Point Target, Magical damage.

Hurls an explosive cocktail that explodes when it reaches the target location, knocking back, slowing and dealing damage over time to enemies in the area.

- Mana cost: 110
- Cooldown: 22/19/16/13
- Pierces spell immunity: No
- Dispellable: Yes
- Impact Damage: 25/50/75/100
- Damage Per Second: 25/30/35/40
- Burn Duration: 2/3/4/5
- Radius: 400
- Collision Radius: 100
- Stun Duration: 0.5
- Speed: 1700
- Knockback Distance: 250
- Knockback Height: 100
- Knockback Duration: 0.35
- Movement Slow: 6%/12%/18%/24%
- Cast Range: 1300
- Cast Time: 0.2

_A molotov cocktail is the weapon of choice for Batrider._

### Firefly

Batrider's ability **Firefly**, type Active, targeting No Target, Instant Cast, Magical damage.

Batrider takes to the skies, moving increasingly fast and laying down a trail of flames from the air. The fire damages any enemies it touches and destroys trees below Batrider. Maximum movement speed bonus is reached at the end of Firefly's duration.

- Mana cost: 100
- Cooldown: 48/42/36/30
- Pierces spell immunity: No
- Dispellable: No
- Damage Per Second: 20/40/60/80
- Radius: 250
- Duration: 15
- Tick Interval: 0.5
- Tree Radius: 100
- Max Movement Speed Bonus: 12%/18%/24%/30%

_When an enemy escapes into the Yama Raskav Jungle, most would cut through the brush to find the fugitive.  Batrider just chooses to destroy the jungle along with his foes._

### APPLICATION DAMAGE:

Batrider's ability **APPLICATION DAMAGE:**, type Active, targeting Hidden.

- Pierces spell immunity: No
- Dispellable: Yes

### Smoldering Resin

Batrider's ability **Smoldering Resin**, type Passive, targeting Passive, innate.

Batrider's attacks apply a debuff that deals 20% of the attack damage every 1s for 2s.

- Total Ticks: 2
- Tick Rate: 1
- Tick Attack Damage Pct: 20

### Flaming Lasso

Batrider's ability **Flaming Lasso**, type Active, targeting Unit Target, Magical damage.

Lassoes an enemy and drags them in Batrider's wake. Dragged units cannot move, attack, or use abilities. Teleporting or blinking will break the lasso.

- Mana cost: 125/150/175
- Cooldown: 90/75/60
- Pierces spell immunity: Yes
- Dispellable: Strong Dispels Only
- Duration: 2.25/2.75/3.25
- Drag Distance: 300
- Break Distance: 425
- Total Damage: 125/250/375
- Tick Rate: 0.5
- Cast Range: 200
- Cast Time: 0.3

_Few dare to ask to ride on the bat, as Batrider gives them free of charge._

## Lore

There is no such thing as harmony among the creatures of the Yama Raskav Jungle. By bite, or claw, or pincer, or hoof, even the slightest sign of weakness means a swift death. They say the Rider was just a lad cutting chaff in his family's field when he was taken, swept up by a massive morde-bat looking for take-out. But this boy had a better idea, and wriggled his way from his captor's grip, onto the beast's back, and hacked it down with his tools. Emerging from the bloody wreckage and intoxicated by the thrill of flight, the boy realized he'd found his calling. The boy grew, and every summer he'd return to his family's field, often setting out into the bush seeking to reclaim that first thrill of facing death in the form of jaws or a fatal fall. The years went on, but his fire only grew stronger. He studied the overgrowth, plunging deeper with each expedition, until finally he found his way to the caves at the heart of hostility. They say the Rider, on the eve of a scorching summer night, had nothing but a rope, a bottle of liquid courage and a burning determination to feel the skies once more, when he plunged inside...","",65,"","",1,0,"",1,"en",0,,,,,""
"hero_master",,"jakiro",1,"2026-07-29","hero_master","Jakiro","# Jakiro

Jakiro is an Intelligence hero with a ranged attack. Primary attribute: Intelligence. Attack type: Ranged. Roles: Support, Nuker, Pusher, Disabler.

## Roles

- **Support** — protects allies, buys utility items and controls vision
- **Nuker** — deals large burst spell damage
- **Pusher** — pressures and destroys enemy towers quickly
- **Disabler** — has stuns, silences or other crowd control

## Base stats

- Primary attribute: Intelligence
- Attack type: Ranged
- Base Strength 25 (+2.5 per level)
- Base Agility 15 (+1.2 per level)
- Base Intelligence 25 (+3 per level)
- Health regen 0.25
- Mana regen 0
- Base armor 1
- Base damage 27-35
- Attack range 400
- Base attack time 100
- Attack point 0.4
- Projectile speed 1100
- Move speed 290
- Turn rate 0.8
- Vision 1800 day / 800 night

## Popularity

- Public games picked 395,671 times, won 188,859 (47.7% win rate)
- Professional games: 6 picks, 0 bans, 33.3% win rate

## Abilities

Jakiro has 6 abilities: Dual Breath, Ice Path, Liquid Fire, Liquid Frost, Double Trouble, Macropyre.

### Dual Breath

Jakiro's ability **Dual Breath**, type Active, targeting Point Target, Unit Target, Magical damage.

An icy blast followed by a wave of fire launches out in a path in front of Jakiro. The ice slows enemies, while the fire delivers damage over time.

- Mana cost: 135/150/165/180
- Cooldown: 12/11/10/9
- Pierces spell immunity: No
- Dispellable: Yes
- Start Radius: 150
- End Radius: 275
- Cast Range: 850
- Speed: 1050
- Fire Delay: 0.2
- Burn Damage: 20/40/60/80
- Move Slow: -25%/-30%/-35%/-40%
- Attack Slow: -25/-30/-35/-40
- Speed Fire: 1050
- Duration: 5
- Cast Time: 0.35

_Pyrexae dragons have tremendously dangerous breath for each branch of the species; combining them is unimaginable._

### Ice Path

Jakiro's ability **Ice Path**, type Active, targeting Point Target, Magical damage.

Creates a path of ice that stuns and damages enemies that touch it.

- Mana cost: 100
- Cooldown: 20/17/14/11
- Pierces spell immunity: No
- Dispellable: Strong Dispels Only
- Formation Delay: 0.2
- Max Stun Duration: 1.25/1.50/1.75/2
- Path Duration: 3/3.5/4/4.5
- Radius: 150
- Damage: 50
- Cast Range: 1100
- Cast Time: 0.65

_Jakiro's cunning right head calls upon its frozen heritage, glazing the earth with blistering cold._

### Liquid Fire

Jakiro's ability **Liquid Fire**, type Active, targeting Unit Target, Autocast, Attack Modifier, AOE, Magical damage.

Jakiro burns his enemies in an area of effect with fire added to his attack, while slowing their attacks. Shares a cooldown with Liquid Frost.

- Mana cost: 20
- Cooldown: 13/10/7/4
- Pierces spell immunity: No
- Dispellable: Yes
- Attack Slow: -30/-40/-50/-60
- Radius: 300
- Burn Damage: 12/24/36/48
- Tick Rate: 0.5
- Building Damage: 75%
- Shares Cooldown: 1
- Cast Range: 600
- Duration: 5

_The left maw of Jakiro opens, laying waste to any in its path._

### Liquid Frost

Jakiro's ability **Liquid Frost**, type Active, targeting Unit Target, Autocast, Attack Modifier, Magical damage.

Jakiro chill his enemies with ice added to his attack, slowing movement for 5 seconds and increasing damage taken from Jakiro's attacks and abilities. This effect does not apply to buildings. Shares a cooldown with Liquid Fire.

- Mana cost: 20
- Cooldown: 13/10/7/4
- Pierces spell immunity: No
- Dispellable: Yes
- Movement Slow: 15%/20%/25%/30%
- Impact Damage: 8/16/24/32
- Bonus Damage: 8/16/24/32
- Duration: 5
- Tick Rate: 0.5
- Shares Cooldown: 1
- Cast Range: 600

_The right maw of Jakiro opens, punishing all with bitter frost._

### Double Trouble

Jakiro's ability **Double Trouble**, type Passive, targeting Passive, innate.

Jakiro's attacks launch an attack from each head, but deal less damage each.

- Dispellable: No
- Second Attack Delay: 0.2
- Attack Damage Reduction: 51%

### Macropyre

Jakiro's ability **Macropyre**, type Active, targeting Point Target, Magical damage.

Jakiro exhales a wide line of lasting flames, which deals damage per second to any enemy units caught in the fire.

- Mana cost: 225/325/425
- Cooldown: 90/80/70
- Pierces spell immunity: No
- Dispellable: No
- Damage Per Second: 100/150/200
- Flame Width: 500
- Duration: 10
- Cast Range: 1400
- Burn Interval: 0.5
- Linger Duration: 1
- Cast Time: 0.4

_Ice and fire combine to rip the battlefield to shreds with extreme temperatures._

## Lore

Even among magical beasts, a twin-headed dragon is a freak. Equal parts ice and fire, cunning and rage, the creature known as Jakiro glides over charred and ice-bound battlefields, laying waste to any who would bear arms against it. Pyrexae dragon clutches always contain two fledglings. Famous for their viciousness even from the first moments of life, newly hatched dragons of this species will try to kill their sibling while still in the nest. Only the strongest survive. In this way is the strength of the Pyrexae line ensured. By some accident of nature, the freak Jakiro hatched from a single egg, combining in a single individual the full range of abilities found within the diverse Pyrexae species. Trapped within the armature of its monstrous body, the powers of ice and fire combine, and now no enemy is safe.","",64,"","",1,0,"",1,"en",0,,,,,""
"hero_master",,"weaver",1,"2026-07-29","hero_master","Weaver","# Weaver

Weaver is an Agility hero with a ranged attack. Primary attribute: Agility. Attack type: Ranged. Roles: Carry, Escape.

## Roles

- **Carry** — scales with items and becomes the main damage dealer late game
- **Escape** — has mobility to leave dangerous situations

## Base stats

- Primary attribute: Agility
- Attack type: Ranged
- Base Strength 16 (+2 per level)
- Base Agility 17 (+3.3 per level)
- Base Intelligence 20 (+2 per level)
- Health regen 1.25
- Mana regen 0.5
- Base armor 1
- Base damage 37-43
- Attack range 425
- Base attack time 120
- Attack point 0.55
- Projectile speed 900
- Move speed 275
- Vision 1800 day / 800 night

## Popularity

- Public games picked 233,994 times, won 110,812 (47.4% win rate)

## Abilities

Weaver has 5 abilities: The Swarm, Shukuchi, Geminate Attack, Time Lapse, Threads of Fate.

### The Swarm

Weaver's ability **The Swarm**, type Active, targeting Point Target, Physical damage.

Weaver launches a swarm of 12 young Weavers that latch on any enemy unit in their path, attacking and reducing armor until it is killed.

- Mana cost: 110/105/100/95
- Cooldown: 44/36/28/20
- Pierces spell immunity: No
- Dispellable: No
- Attack Damage: 18/23/28/33
- Attack Interval: 1.2/1.05/0.9/0.75
- Count: 12
- Armor Reduction Per Attack: 1
- Duration: 16
- Attacks To Destroy: 6/7/8/9
- Radius: 100
- Speed: 750
- Spawn Radius: 300
- Cast Range: 3000
- Cast Time: 0.3

_Skitskurr opens a gap in the space time fabric, allowing young Weavers to slip through and aid him in combat._

### Shukuchi

Weaver's ability **Shukuchi**, type Active, targeting No Target, Instant Cast, Magical damage.

Weaver shifts out of visibility, gaining max movement speed and doing harm to any enemies it passes through.

- Mana cost: 65
- Cooldown: 15/12/9/6
- Pierces spell immunity: No
- Dispellable: No
- Damage: 100/130/160/190
- Speed: 200/230/260/290
- Radius: 175
- Fade Time: 0.25
- Duration: 4
- Movespeed: 550

_As the Weavers worked in the fabric of creation, small wormholes allowed them to slip through time to better work their craft._

### Geminate Attack

Weaver's ability **Geminate Attack**, type Active, targeting Unit Target, Autocast, Attack Modifier, Physical damage.

Allows Weaver to dispatch two attacks at once.

- Cooldown: 9/7/5/3
- Pierces spell immunity: Yes
- Delay: 0.25
- Extra Attack: 1
- Bonus Damage On Geminate: 20/35/50/65
- Cast Range: 425

_Skitskurr's relationship with time is somewhat variable, causing his actions to be witnessed - and felt - more than once._

### Time Lapse

Weaver's ability **Time Lapse**, type Active, targeting No Target.

Weaver warps backward to whatever position it was in five seconds earlier--regaining the HP and mana from that time. No effect on cooldown, gold or experience.

DISPEL TYPE: Strong Dispel

- Mana cost: 150/75/0
- Cooldown: 70/55/40
- Cast Range: 500
- Cast Time: 0.3

_If Skitskurr does not deem the current reality of the world to fit his desires, he simply crawls back in time to right what was wronged._

### Threads of Fate

Weaver's ability **Threads of Fate**, type Passive, targeting Passive, Hidden, innate.

Whenever Weaver deals damage to an enemy hero with an attack or ability, if he remains within 700 range of them for 1.5s, he establishes a Thread of Fate that briefly slows the enemy and ties Weaver and the enemy together. Each established thread of fate grants bonus damage to Weaver.

- Thread Setup Distance: 700
- Thread Setup Time: 1.5
- Thread Duration: 6
- Thread Break Distance: 900
- Damage Per Thread: 10%
- Death Linger Duration: 5
- Slow Duration: 0.4
- Movement Slow: 100%

## Lore

The fabric of creation needs constant care, lest it grow tattered; for when it unravels, whole worlds come undone. It is the work of the Weavers to keep the fabric tight, to repair worn spots in the mesh of reality. They also defend from the things that gnaw and lay their eggs in frayed regions, whose young can quickly devour an entire universe if the Weavers let their attention lapse. Skitskurr was a master Weaver, charged with keeping one small patch of creation tightly woven and unfaded. But the job was not enough to satisfy. It nagged him that the original work of creation all lay in the past; the Loom had done its work and travelled on. He wanted to create rather than merely maintain--to weave worlds of his own devising. He began making small changes to his domain, but the thrill of creation proved addictive, and his strokes became bolder, pulling against the pattern that the Loom had woven. The guardians came, with their scissors, and Weaver's world was pared off, snipped from the cosmic tapestry, which they rewove without him in it. Skitskurr found himself alone, apart from his kind, a state that would have been torment for any other Weaver. But Skitskurr rejoiced, for now he was free. Free to create for himself, to begin anew. The raw materials he needed to weave a new reality were all around him. All he had to do was tear apart this old world at the seams.","",63,"","",1,0,"",1,"en",0,,,,,""
"hero_master",,"bounty-hunter",1,"2026-07-29","hero_master","Bounty Hunter","# Bounty Hunter

Bounty Hunter is an Agility hero with a melee attack. Primary attribute: Agility. Attack type: Melee. Roles: Escape, Nuker.

## Roles

- **Escape** — has mobility to leave dangerous situations
- **Nuker** — deals large burst spell damage

## Base stats

- Primary attribute: Agility
- Attack type: Melee
- Base Strength 19 (+2.5 per level)
- Base Agility 21 (+2.6 per level)
- Base Intelligence 20 (+1.9 per level)
- Health regen 0.75
- Mana regen 0.5
- Base armor 5
- Base damage 33-41
- Attack range 150
- Base attack time 100
- Attack point 0.59
- Projectile speed 900
- Move speed 325
- Vision 1800 day / 1000 night

## Popularity

- Public games picked 187,620 times, won 96,352 (51.4% win rate)
- Professional games: 4 picks, 1 ban, 50.0% win rate

## Abilities

Bounty Hunter has 6 abilities: Shuriken Toss, Jinada, Shadow Walk, Friendly Shadow, Big Game Hunter, Track.

### Shuriken Toss

Bounty Hunter's ability **Shuriken Toss**, type Active, targeting Unit Target, Magical damage.

Hurls a deadly shuriken at an enemy unit, dealing damage and slowing the target's movement speed. The shuriken will bounce to any Tracked units who are within a 1200 radius of each other.

- Mana cost: 75/85/95/105
- Cooldown: 5
- Pierces spell immunity: No
- Damage: 100/170/240/310
- Speed: 1000
- Bounce Aoe: 1200
- Slow Duration: 0.35
- Passthrough Width: 175
- Cast Range: 375/425/475/525
- Slow: 100%
- Cast Range: 375/425/475/525
- Cast Time: 0.3

_While the shuriken may be small, Gondar's precise aim can cause critical damage._

### Jinada

Bounty Hunter's ability **Jinada**, type Active, targeting Unit Target, Autocast, Attack Modifier, Physical damage.

Bounty Hunter plans his next hit, dealing bonus damage and stealing some unreliable gold.

- Cooldown: 9/7/5/3
- Pierces spell immunity: Yes
- Bonus Damage: 70/105/140/175
- Gold Steal: 15/22/29/36
- Cast Range: 150

_Gondar's vast experience ensures he never walks away from a transaction empty-handed._

### Shadow Walk

Bounty Hunter's ability **Shadow Walk**, type Active, targeting No Target, Instant Cast.

Bounty Hunter becomes invisible and gains bonus movement speed and the ability to move through other units until he attacks or casts a spell. If he breaks the invisibility with an attack, that attack will stun the target for a short duration.

- Mana cost: 50
- Cooldown: 18/17/16/15
- Dispellable: No
- Invisibility Duration: 20/25/30/35
- Fade Time: 1/0.75/0.5/0.25
- Stun Duration: 1/1.2/1.4/1.6
- Bonus Speed: 11%/14%/17%/20%

_The court jesters present during King Goff's assassination can recount no other image than a dancing shadow._

### Friendly Shadow

Bounty Hunter's ability **Friendly Shadow**, type Active, targeting Unit Target, Instant Cast.

Applies Shadow Walk and all of its bonuses to the target ally. Allied fade time is 0.5s. Does not break Bounty Hunter's invisibility when cast.

- Mana cost: 50
- Cooldown: 15
- Dispellable: No
- Fade Time: 0.5
- Cast Range: 650

_Useful for the rare instances when a contested bounty is actually wanted alive._

### Big Game Hunter

Bounty Hunter's ability **Big Game Hunter**, type Passive, targeting Passive, innate.

Bounty Hunter receives 20% more kill and assist gold if the dying enemy hero is Big Game. An enemy hero is considered Big Game if they are one of the top 3 net worth heroes on the enemy team.

- Kill Assist Gold Bonus Percent: 20

### Track

Bounty Hunter's ability **Track**, type Active, targeting Unit Target.

Tracks an enemy hero, granting True Sight of the target, increasing the damage they take and providing information on how much gold it is carrying. If the target dies, Bounty Hunter and nearby heroes collect a bonus bounty of gold. Casting Track does not take you out of invisibility.

- Mana cost: 50
- Cooldown: 6/5/4
- Pierces spell immunity: Yes
- Dispellable: Yes
- Damage Amplification: 8%/12%/16%
- Bonus Gold Radius: 1200
- Self Bonus Gold: 130/225/320
- Allies Bonus Gold: 50/90/130
- Duration: 25
- Gold Steal: 0.3/0.4/0.5
- Cast Range: 1000
- Cast Time: 0.3

_Using his elevated senses of sight and smell, Gondar's hits have quite a good chance of success._

## Lore

When the hunted tell tales of Gondar the Bounty Hunter, none are sure of which are true. In whispered tones they say he was abandoned as a kit, learning his skill in tracking as a matter of simple survival. Others hear he was an orphan of war, taken in by the great Soruq the Hunter to learn the master's skill with a blade as they plumbed the dark forests for big game. Still others believe he was a lowly street urchin raised among a guild of cutpurses and thieves, trained in the arts of stealth and misdirection. Around campfires in the wild countryside his quarry speaks the rumors of Gondar's work, growing ever more fearful: they say it was he who tracked down the tyrant King Goff years after the mad regent went into hiding, delivering his head and scepter as proof. That it was he who infiltrated the rebel camps at Highseat, finally bringing the legendary thief White Cape to be judged for his crimes. And that it was he who ended the career of Soruq the Hunter, condemned as a criminal for killing the Prince's prized hellkite. The tales of Gondar's incredible skill stretch on, with each daring feat more unbelievable than the last, each target more elusive. For the right price, the hunted know, anyone can be found. For the right price, even the mightiest may find fear in the shadows.","",62,"","",1,0,"",1,"en",0,,,,,""
"hero_master",,"broodmother",1,"2026-07-29","hero_master","Broodmother","# Broodmother

Broodmother is an Agility hero with a melee attack. Primary attribute: Agility. Attack type: Melee. Roles: Carry, Pusher, Escape, Nuker.

## Roles

- **Carry** — scales with items and becomes the main damage dealer late game
- **Pusher** — pressures and destroys enemy towers quickly
- **Escape** — has mobility to leave dangerous situations
- **Nuker** — deals large burst spell damage

## Base stats

- Primary attribute: Agility
- Attack type: Melee
- Base Strength 18 (+2.9 per level)
- Base Agility 18 (+3.4 per level)
- Base Intelligence 18 (+2 per level)
- Health regen 0.25
- Mana regen 0
- Base armor -1
- Base damage 27-33
- Attack range 175
- Base attack time 125
- Attack point 0.4
- Projectile speed 900
- Move speed 285
- Vision 1800 day / 800 night

## Popularity

- Public games picked 81,175 times, won 40,187 (49.5% win rate)

## Abilities

Broodmother has 6 abilities: Insatiable Hunger, Spin Web, Incapacitating Bite, Spinner's Snare, Spider's Milk, Spawn Spiderlings.

### Insatiable Hunger

Broodmother's ability **Insatiable Hunger**, type Active, targeting No Target, Physical damage.

A violent lust for vital fluids increases Broodmother's attack damage and gives her and her Spiderlings a vampiric attack.

- Mana cost: 80
- Cooldown: 45/40/35/30
- Dispellable: No
- Base Attack Damage Bonus: 40%/50%/60%/70%
- Lifesteal: 40%/60%/80%/100%
- Duration: 8/10/12/14
- Spiderling Radius: 1200
- Cast Time: 0.2

_While most of her prey is wrapped in silken cocoons and saved for her young, the Broodmother herself has a taste for wandering heroes._

### Spin Web

Broodmother's ability **Spin Web**, type Active, targeting Point Target, AOE.

Spins a large web that grants Broodmother a passive movement speed increase and increases her Turn Rate, while in its vicinity, as well as giving free movement.

Spin Web can be cast from anywhere as long as the new web touches an existing web. Webs never expire, and can be manually destroyed. When the maximum limit of webs is exceeded, the oldest web disappears.

- Mana cost: 40
- Cooldown: 0
- Dispellable: No
- Radius: 1200
- Max Simultaneous Webs: 3/5/7/9
- Movespeed Bonus: 10%/20%/30%/40%
- Charge Restore Time: 27
- Bonus Turn Rate: 0.2
- Cast Range: 1200
- Cast Time: 0.4
- Max Charges: 3/5/7/9

_Weaving a bed of silken fibers, Arachnia's web both protects her and her offspring, as well as giving advancing opponents a sense of foreboding._

### Incapacitating Bite

Broodmother's ability **Incapacitating Bite**, type Passive, targeting Passive.

Broodmother's venom cripples enemy units, causing her attacks to slow and giving the affected unit a chance to miss its attacks and extra damage from attacks.

- Pierces spell immunity: No
- Dispellable: Yes
- Miss Chance: 30%/40%/50%/60%
- Move Slow: -15%/-20%/-25%/-30%
- Duration: 2
- Attack Bonus: 3/6/9/12

_Paralytic toxins come from Black Arachnia's fangs, causing a slow and painful death to those who intrude on her webs._

### Spinner's Snare

Broodmother's ability **Spinner's Snare**, type Active, targeting Point Target, Hidden, Channeled, Magical damage.

- Mana cost: 70
- Pierces spell immunity: No
- Dispellable: Yes
- Formation Delay: 2
- Root Duration: 3
- Damage Per Second: 100
- Count: 5
- Web Line Width: 900

_The slightest tremor of her web is all Arachnia needs to find her prey._

### Spider's Milk

Broodmother's ability **Spider's Milk**, type Passive, targeting Passive, Hidden, innate.

Whenever Broodmother kills a unit, she and all units under her control in a 600 radius receive a buff for 3s that heals them for a percentage of the victim's health every 0.5 seconds. Healing from creeps is reduced by 40%.

- Dispellable: No
- Hero Health As Heal: 1.9%
- Kill Creeps Penalty: 40
- Kill Heal Aoe: 600
- Kill Heal Duration: 3
- Tick Rate: 0.5

### Spawn Spiderlings

Broodmother's ability **Spawn Spiderlings**, type Active, targeting Unit Target, Magical damage.

Broodmother injects her young into an enemy unit, dealing damage and slowing them for 4 seconds. The spiderlings will hatch if the target is killed while under this influence.

- Mana cost: 100
- Cooldown: 9/8/7
- Pierces spell immunity: No
- Dispellable: Yes
- Buff Duration: 20
- Lifetime: 40
- Damage: 220/320/420
- Damage Bonus: 0/3/6
- Count: 4/5/6
- Projectile Speed: 1200
- Spiderlings Hp: 325
- Slow Duration: 4
- Slow: 25%/35%/45%
- Cast Range: 900
- Cast Time: 0.2

_Black Arachnia continues to raise her young, even amidst the field of combat.  The brood quickly learns how to support their mother._

## Lore

For centuries, Black Arachnia the Broodmother lurked in the dark lava tubes beneath the smoldering caldera of Mount Pyrotheos, raising millions of spiderlings in safety before sending them to find prey in the wide world above. In a later age, the Vizier of Greed, Ptholopthales, erected his lodestone ziggurat on the slopes of the dead volcano, knowing that any looters who sought his magnetic wealth must survive the spider-haunted passages. After millennia of maternal peace, Black Arachnia found herself beset by a steady trickle of furfeet and cutpurses, bold knights and noble youths--all of them delicious, certainly, and yet tending to create a less than nurturing environment for her innocent offspring. Tiring of the intrusions, she paid a visit to Ptholopthales; and when he proved unwilling to discuss a compromise, she wrapped the Vizier in silk and set him aside to be the centerpiece of a special birthday feast. Unfortunately, the absence of the Magnetic Ziggurat's master merely emboldened a new generation of intruders. When one of her newborns was trodden underfoot by a clumsy adventurer, she reached the end of her silken rope. Broodmother headed for the surface, declaring her intent to rid the world of each and every possible invader, down to the last Hero if necessary, until she could ensure her nursery might once more be a safe and wholesome environment for her precious spiderspawn.","",61,"","",1,0,"",1,"en",0,,,,,""
"hero_master",,"night-stalker",1,"2026-07-29","hero_master","Night Stalker","# Night Stalker

Night Stalker is a Strength hero with a melee attack. Primary attribute: Strength. Attack type: Melee. Roles: Carry, Initiator, Durable, Disabler, Nuker.

## Roles

- **Carry** — scales with items and becomes the main damage dealer late game
- **Initiator** — starts team fights on favourable terms
- **Durable** — survives extended fights, high effective health
- **Disabler** — has stuns, silences or other crowd control
- **Nuker** — deals large burst spell damage

## Base stats

- Primary attribute: Strength
- Attack type: Melee
- Base Strength 23 (+3 per level)
- Base Agility 18 (+2.2 per level)
- Base Intelligence 15 (+1.6 per level)
- Health regen 1.5
- Mana regen 0.25
- Base armor 2
- Base damage 40-44
- Attack range 150
- Base attack time 100
- Attack point 0.55
- Projectile speed 900
- Move speed 295
- Vision 800 day / 1800 night

## Popularity

- Public games picked 258,880 times, won 135,761 (52.4% win rate)
- Professional games: 10 picks, 10 bans, 60.0% win rate

## Abilities

Night Stalker has 5 abilities: Void, Crippling Fear, Midnight Feast, Hunter in the Night, Dark Ascension.

### Void

Night Stalker's ability **Void**, type Active, targeting Unit Target, Magical damage.

Creates a damaging void that slows an enemy unit and deals damage. At night, Void also mini-stuns, interrupting channeling abilities, and its effects lasts longer.

- Mana cost: 90/95/100/105
- Cooldown: 11/10/9/8
- Pierces spell immunity: No
- Dispellable: Yes
- Damage: 80/160/240/320
- Day Duration: 1.25
- Night Duration: 1.6/2.2/2.8/3.4
- Move Slow: 50%
- Attack Slow: 50
- Invisible Damage Tickrate: .1
- Max Level: 4
- Cast Range: 525
- Cast Time: 0.3

_Balanar creates a vortex of infinite night, tearing opponents violently into the eternal darkness that once was._

### Crippling Fear

Night Stalker's ability **Crippling Fear**, type Active, targeting No Target, Instant Cast, Magical damage.

Night Stalker horrifies all nearby enemies, causing them to become silenced and take damage over time while near him. The effect lasts longer at night.

- Mana cost: 50
- Cooldown: 30/25/20/15
- Pierces spell immunity: No
- Dispellable: No
- Day Duration: 3
- Night Duration: 4.5/5/5.5/6
- Mana Interval: 1
- Aura Radius: 375
- Damage Per Second: 25/30/35/40
- Tick Rate: 0.1

_A vision of the twisted maw of Balanar etches itself into the minds of the poor souls unlucky enough to cross his path._

### Midnight Feast

Night Stalker's ability **Midnight Feast**, type Passive, targeting Passive.

- Mana cost: 0
- Cooldown: 39/36/33/30
- Pierces spell immunity: No
- Attack Heal: 12/16/20/24
- Hp Restore: 10/15/20/25
- Mp Restore: 10/12/14/16

### Hunter in the Night

Night Stalker's ability **Hunter in the Night**, type Passive, targeting Passive, Hidden, innate.

Night Stalker is in his element at night, attacking and moving with great swiftness.

- Move Speed: 24%
- Attack Speed: 38

_The hunting prowess of Balanar improves as the night beckons._

### Dark Ascension

Night Stalker's ability **Dark Ascension**, type Active, targeting No Target, Physical damage.

Night Stalker smothers the sun and summons instant darkness, so that he might use his powers at their fullest. Night Stalker gains flight and bonus damage during this time. Has unobstructed vision.

- Mana cost: 125/175/225
- Cooldown: 140/135/130
- Dispellable: No
- Duration: 30
- Bonus Damage: 50/100/150
- Cast Time: 0.3

_It is a humbling sight to see when the mightiest of warriors become afraid of the dark._

## Lore

Of the Night Stalker, there is no history, only stories. There are ancient tales woven into the lore of every race and every culture, of an impossible time before sunlight and daytime, when night reigned alone and the world was covered with the creatures of darkness--creatures like Balanar the Night Stalker. It is said that on the dawn of the First Day, all the night creatures perished. All, that is, save one. Evil's embodiment, Night Stalker delights in his malevolence. He created the primal role of the Night Terror, the Boogeyman, and as long as there have been younglings, his is the specter summoned to terrify them. This is a role he relishes; nor are these empty theatrics. He does indeed stalk the unwary, the defenseless, those who have strayed beyond the lighted paths or denied the warnings of their communities. Night Stalker serves as living proof that every child's worst nightmare....is true.","",60,"","",1,0,"",1,"en",0,,,,,""
"hero_master",,"huskar",1,"2026-07-29","hero_master","Huskar","# Huskar

Huskar is a Strength hero with a ranged attack. Primary attribute: Strength. Attack type: Ranged. Roles: Carry, Durable, Initiator.

## Roles

- **Carry** — scales with items and becomes the main damage dealer late game
- **Durable** — survives extended fights, high effective health
- **Initiator** — starts team fights on favourable terms

## Base stats

- Primary attribute: Strength
- Attack type: Ranged
- Base Strength 23 (+3.3 per level)
- Base Agility 10 (+1.5 per level)
- Base Intelligence 18 (+0 per level)
- Health regen 0.25
- Mana regen 0
- Base armor 1
- Base damage 21-26
- Attack range 400
- Base attack time 100
- Attack point 0.3
- Projectile speed 1400
- Move speed 290
- Vision 1800 day / 800 night

## Popularity

- Public games picked 159,909 times, won 71,779 (44.9% win rate)
- Professional games: 2 picks, 14 bans, 100.0% win rate

## Abilities

Huskar has 5 abilities: Inner Fire, Burning Spear, Berserker's Blood, Blood Magic, Life Break.

### Inner Fire

Huskar's ability **Inner Fire**, type Active, targeting No Target, Magical damage.

In a fiery rage, knocks all nearby enemies away from you to a fixed distance, dealing damage and silencing them.

- Cooldown: 17/15/13/11
- Pierces spell immunity: No
- Dispellable: Yes
- Health Cost: 75/100/125/150
- Damage: 110/180/250/320
- Radius: 500
- Duration: 1.5/2/2.5/3
- Knockback To: 400
- Min Knockback Distance: 25
- Knockback Duration: 1
- Min Knockback Duration: 0.4
- Cast Range: 500
- Cast Time: 0.35

_Not even Huskar's own flesh can contain the unending expansion of his life force._

### Burning Spear

Huskar's ability **Burning Spear**, type Active, targeting Unit Target, Autocast, Attack Modifier, Magical damage.

Huskar sets his spears aflame, dealing damage over time with his regular attack. Multiple attacks will stack additional damage. Each attack drains some of Huskar's health.

- Mana cost: 0
- Cooldown: 0
- Pierces spell immunity: No
- Dispellable: No
- Max Health Cost: 2%
- Burn Damage: 4/8/12/16
- Max Health Burn: 0.5%
- Duration: 9
- Cast Range: 450

_The Sacred Warrior ignites his weaponry after marking it with his own blood - causing far greater pain than he himself feels._

### Berserker's Blood

Huskar's ability **Berserker's Blood**, type Passive, targeting Passive.

Huskar's injuries feed his power, giving increased attack speed, magic resistance and health regen based on missing health. Health regen is a percentage of your strength.

- Max Attack Speed: 170/220/270/320
- Max Str Regen: 25%/40%/55%/70%
- Max Magic Resist: 15%/20%/25%/30%
- Hp For Max Bonus: 10%

_After losing his birthright, Huskar gained a lethality in physical combat that is only heightened as his own blood is spilled._

### Blood Magic

Huskar's ability **Blood Magic**, type Passive, targeting Passive, innate.

Huskar does not have mana. Mana costs of items are converted into health costs.Huskar's Health Costs are Magical Damage and can be reduced by Magic Resist.

### Life Break

Huskar's ability **Life Break**, type Active, targeting Unit Target, Magical damage.

Huskar draws upon his health to break an enemy's life, leaping at a target to shatter a percentage of that hero's current health and slow both their movement and attack speed. While leaping, Huskar is Debuff Immune with 60% magic resistance.

DISPEL TYPE: Basic Dispel

- Mana cost: 0
- Cooldown: 16/14/12
- Pierces spell immunity: Yes
- Dispellable: Yes
- Health Cost Percent: 0.32/0.38/0.44
- Health Damage: 0.32/0.38/0.44
- Charge Speed: 1200
- Damage Dealt: 32%/38%/44%
- Damage Taken: 32%/38%/44%
- Movement Slow: -60%
- Attack Speed Slow: 60/100/140
- Duration: 3/4/5
- Slow Duration: 3/4/5
- Immunity Resist: 60
- Cast Range: 550
- Cast Time: 0.3

_No matter the danger, Huskar thrusts himself into melees that only he can survive._

## Lore

Emerging from the throes of the sacred Nothl Realm, Huskar opened his eyes to see the prodigal shadow priest Dazzle working a deep incantation over him. Against the ancient rites of the Dezun Order, Huskar's spirit had been saved from eternity, but like all who encounter the Nothl he found himself irrevocably changed. No longer at the mercy of a mortal body, his very lifeblood became a source of incredible power; every drop spilled was returned tenfold with a fierce, burning energy. However this newfound gift infuriated Huskar, for in his rescue from the Nothl, Dazzle had denied him a place among the gods. He had been denied his own holy sacrifice. In time the elders of the order sought to expand their influence and Huskar, they agreed, would be a formidable tool in their campaign. Yet becoming a mere weapon for the order that denied him his birthright only upset him further. As the first embers of war appeared on the horizon, he fled his ancestral home to find new allies, all the while seeking a cause worthy of unleashing the power his total sacrifice could bring.","",59,"","",1,0,"",1,"en",0,,,,,""
"hero_master",,"enchantress",1,"2026-07-29","hero_master","Enchantress","# Enchantress

Enchantress is an Intelligence hero with a ranged attack. Primary attribute: Intelligence. Attack type: Ranged. Roles: Support, Pusher, Durable, Disabler.

## Roles

- **Support** — protects allies, buys utility items and controls vision
- **Pusher** — pressures and destroys enemy towers quickly
- **Durable** — survives extended fights, high effective health
- **Disabler** — has stuns, silences or other crowd control

## Base stats

- Primary attribute: Intelligence
- Attack type: Ranged
- Base Strength 17 (+2 per level)
- Base Agility 19 (+2.1 per level)
- Base Intelligence 22 (+4 per level)
- Health regen 0.25
- Mana regen 0.5
- Base armor 1
- Base damage 21-31
- Attack range 575
- Base attack time 100
- Attack point 0.3
- Projectile speed 900
- Move speed 320
- Vision 1800 day / 800 night

## Popularity

- Public games picked 99,118 times, won 47,529 (48.0% win rate)
- Professional games: 6 picks, 2 bans, 83.3% win rate

## Abilities

Enchantress has 7 abilities: Impetus, Enchant, Nature's Attendants, Sproink, Little Friends, Untouchable, Rabble-Rouser.

### Impetus

Enchantress's ability **Impetus**, type Active, targeting Unit Target, Autocast, Attack Modifier, Pure damage.

Places an enchantment on each attack while activated, causing it to deal additional damage based on how far away the target is. The farther the target, the greater the damage dealt. Deals double damage to illusions.

- Mana cost: 40/45/50/55
- Cooldown: 6/4/2/0
- Pierces spell immunity: No
- Distance Damage: 5%/10%/15%/20%
- Distance Cap: 1750
- Illusion Damage Multiplier: 2
- Cast Range: 575
- Duration: 1.5

_While Aiushtha favors peaceful means, she is capable of a magical onslaught from a distance, her spears gaining energy from the natural life around her._

### Enchant

Enchantress's ability **Enchant**, type Active, targeting Unit Target.

Enchantress charms an enemy. If the enemy is a hero, they are dispelled and slowed for 3.5s, and Enchantress and her units gain bonus attack range against the target.

 If the enemy is a creep, she brings it under her control and receives 40% of their experience bounty. Enchantress can control creeps for up to 30s. 

DISPEL TYPE: Basic Dispel

- Mana cost: 70
- Cooldown: 30/24/18/12
- Pierces spell immunity: No
- Dispellable: Yes
- Hero Move Slow: -30%/-40%/-50%/-60%
- Slow Duration: 3.5/4/4.5/5
- Attack Range Bonus: 50/100/150/200
- Dominate Duration: 30/60/90/120
- Creep Max Health Bonus: 150/250/350/450
- Creep Attack Damage Bonus: 0/20/40/60
- Xp Gain Pct: 40
- Creep Max Level: 4/5/6/6
- Max Enchanted Creeps: 1
- Cast Range: 500/600/700/800
- Cast Time: 0.3

_A true steward of the forest, Aiushtha befriends all within it - from lowly trolls to powerful centaurs._

### Nature's Attendants

Enchantress's ability **Nature's Attendants**, type Active, targeting No Target.

A cloud of wisps heals Enchantress and any friendly units nearby.

- Mana cost: 140
- Cooldown: 35
- Pierces spell immunity: Yes
- Dispellable: No
- Duration: 7/9/11/13
- Heal Interval: 0.5
- Heal Per Second: 4/8/12/16
- Radius: 275
- Wisps: 9
- Cast Time: 0.3

_Whimsical spirits of the woods possess a healing power that is quite subtle, but gains strength in numbers._

### Sproink

Enchantress's ability **Sproink**, type Active, targeting No Target, Instant Cast, Hidden.

Leaps backward, dodges incoming projectiles, and launches an Impetus attack on the 2 furthest enemy units within Enchantress' attack range + 100.

- Mana cost: 60
- Cooldown: 10
- Pierces spell immunity: No
- Leap Distance: 500
- Hop Duration: 0.4
- Hop Height: 150
- Targets: 2
- Bonus Range: 100

_Sproink is as Sproink does._

### Little Friends

Enchantress's ability **Little Friends**, type Active, targeting Unit Target, AOE.

Enchantress roots an enemy unit. All creeps, ally, enemy and neutral within a radius will gain bonus movement and attack speed and attack the chosen target for 6 seconds.

- Mana cost: 75
- Cooldown: 20
- Pierces spell immunity: No
- Dispellable: No
- Duration: 6
- Bonus Attack Speed: 70
- Bonus Move Speed: 100%
- Radius: 1200
- Minimum Root Duration: 2
- Root Duration Per Unit: 0.5
- Max Root: 5
- Cast Range: 750

_The laws of the forest may be oblique, but punishment for breaking them is swift and smiling._

### Untouchable

Enchantress's ability **Untouchable**, type Passive, targeting Passive.

Enchantress beguiles her enemies, slowing their attacks when she is attacked.

- Pierces spell immunity: Yes
- Dispellable: Yes
- Attack Slow: -110/-160/-210
- Slow Duration: 4

_After attacking Aiushtha, most opponents are overwhelmed with guilt having attacked such a natural beauty._

### Rabble-Rouser

Enchantress's ability **Rabble-Rouser**, type Passive, targeting Passive, Hidden, innate.

Enchantress causes neutral creeps or any unit under her control to deal additional damage to enemy Heroes.

- Pierces spell immunity: Yes

## Lore

Aiushtha appears to be an innocent, carefree creature of the woods, and while this is certainly true, it is hardly the sum of her story. She well understands the suffering of the natural world. She has wandered far, and fared through forests bright and drear, in every clime and every season, gathering friends, sharing news, bringing laughter and healing wherever she goes. For in worlds wracked by war, forests are leveled for the building of ships and siege engines; and even in places of peace, the woods are stripped for the building of homes, and as fuel for countless hearths. Aiushtha hears the pleas of the small creatures, the furtive folk who need green shade and a leafy canopy to thrive. She lends her ears to those who have no other listeners. She carries their stories from the wood to the world, believing that her own good cheer is a kind of Enchantment, that can itself fulfill the promise of a verdant future.","",58,"","",1,0,"",1,"en",0,,,,,""
"hero_master",,"omniknight",1,"2026-07-29","hero_master","Omniknight","# Omniknight

Omniknight is a Strength hero with a melee attack. Primary attribute: Strength. Attack type: Melee. Roles: Support, Durable, Nuker.

## Roles

- **Support** — protects allies, buys utility items and controls vision
- **Durable** — survives extended fights, high effective health
- **Nuker** — deals large burst spell damage

## Base stats

- Primary attribute: Strength
- Attack type: Melee
- Base Strength 22 (+3.1 per level)
- Base Agility 15 (+1.7 per level)
- Base Intelligence 16 (+2.1 per level)
- Health regen 0.25
- Mana regen 0
- Base armor 2
- Base damage 31-41
- Attack range 150
- Base attack time 100
- Attack point 0.433
- Projectile speed 900
- Move speed 310
- Vision 1800 day / 800 night

## Popularity

- Public games picked 112,096 times, won 55,780 (49.8% win rate)
- Professional games: 1 picks, 0 bans, 100.0% win rate

## Abilities

Omniknight has 5 abilities: Purification, Repel, Hammer of Purity, Degen Aura, Guardian Angel.

### Purification

Omniknight's ability **Purification**, type Active, targeting Unit Target, AOE, Pure damage.

Instantly heals a friendly unit and damages all nearby enemy units.

- Mana cost: 90/105/120/135
- Cooldown: 15/14/13/12
- Pierces spell immunity: Yes
- Heal/Damage: 90/160/230/300
- Damage Radius: 260
- Cast Range: 700
- Cast Time: 0.2

_Priests of the Omniscience are adept at removing impurities from fellow warriors._

### Repel

Omniknight's ability **Repel**, type Active, targeting Unit Target.

Grants Debuff Immunity with 60% magic resistance, as well as bonus HP Regen.

- Mana cost: 90/105/120/135
- Cooldown: 40/35/30/25
- Pierces spell immunity: Yes
- Dispellable: Yes
- Cast Range: 700
- Bonus Hp Regen: 8/12/16/20
- Duration: 5
- Magic Resistance: 60%
- Cast Time: 0.3

_The All Seeing One casts down his protection over those that Purist calls friend._

### Hammer of Purity

Omniknight's ability **Hammer of Purity**, type Active, targeting Unit Target, Autocast, Attack Modifier, Pure damage.

Omniknight imbues his hammer with holy power, causing his attack to have increased range, deal pure damage based on a percentage of his base damage and slow his target for a short duration.

 Omniknight heals for 35% of the damage dealt over 5s.

- Mana cost: 0
- Cooldown: 13/10/7/4
- Pierces spell immunity: Yes
- Dispellable: Yes
- Bonus Base Damage: 30%/50%/70%/90%
- Damage: 25/45/65/85
- Heal Pct: 35
- Heal Duration: 5
- Attack Cooldown: -1
- Range Bonus: 75
- Slow Duration: 0.2
- Slow: 75%
- Cast Range: 150

_The knight is merely a means to move the hammer._

### Degen Aura

Omniknight's ability **Degen Aura**, type Passive, targeting Passive, Hidden, innate.

Degenerates the movement capabilities of enemy units that stray too near, slowing their movement speed.

- Pierces spell immunity: No
- Movement Slow: 11%
- Radius: 325
- Linger Duration: 1

_The holy embodiment of Purist Thunderwrath is enough to weaken those of lesser faith._

### Guardian Angel

Omniknight's ability **Guardian Angel**, type Active, targeting No Target.

Omniknight calls upon a Guardian Angel that grants immunity from physical damage to all allied units near Omniknight.

- Mana cost: 125/175/225
- Cooldown: 100/90/80
- Pierces spell immunity: Yes
- Dispellable: No
- Duration: 4/4.75/5.5
- Radius: 700
- Model Scale: 15
- Cast Time: 0.4

_The All Seeing One casts down his protection over those that Purist calls friend._

## Lore

Purist Thunderwrath was a hard-fighting, road-worn, deeply committed knight, sworn to the order in which he had grown up as squire to elder knights of great reputation. He had spent his entire life in the service of the Omniscience, the All Seeing One. Theirs was a holy struggle, and so embedded was he in his duty that he never questioned it so long as he had the strength to fight and the impetuous valor that comes with youth. But over the long years of the crusade, as his elders passed away and were buried in sorry graves at the side of muddy tracks, as his bond-brothers fell in battle to uncouth creatures that refused to bow to the Omniscience, as his own squires were chewed away by ambush and plague and bad water, he began to question the meaning of his vows--the meaning of the whole crusade. After deep meditation, he parted ways with his army and commenced a long trek back to the cave-riddled cliffs of Emauracus, and there he set a challenge to the priests of the Omniscience. No knight had ever questioned them before, and they tried to throw him into the pit of sacrifice, but Purist would not be moved. For as he faced them down, he began to glow with a holy light, and they saw that the Omniscience had chosen to reveal Itself to him. The Elder Hierophant led him on a journey of weeks down into the deepest chamber, the holy of holies, where waited not some abstract concept of wisdom and insight, not some carved relic requiring an injection of imagination to believe in, but the old one itself. It had not merely dwelt in those rocks for billions of aeons; no, It had created them. The Omniscience had formed the immense mineral shell of the planet around itself, as a defense against the numerous terrors of space. Thus the All Seeing One claimed to have created the world, and given the other truths revealed to Purist on that day, the knight had no reason to refute the story. Perhaps the Omniscience is a liar, deep in its prison of stone, and not the world's creator at all, but Omniknight never again questioned his faith. His campaign had meaning at last. And there can be no question that the glorious powers that imbue him, and give his companions such strength in battle, are real beyond any doubt.","",57,"","",1,0,"",1,"en",0,,,,,""
"hero_master",,"clinkz",1,"2026-07-29","hero_master","Clinkz","# Clinkz

Clinkz is an Agility hero with a ranged attack. Primary attribute: Agility. Attack type: Ranged. Roles: Carry, Escape, Pusher.

## Roles

- **Carry** — scales with items and becomes the main damage dealer late game
- **Escape** — has mobility to leave dangerous situations
- **Pusher** — pressures and destroys enemy towers quickly

## Base stats

- Primary attribute: Agility
- Attack type: Ranged
- Base Strength 18 (+2 per level)
- Base Agility 25 (+2.7 per level)
- Base Intelligence 21 (+2.2 per level)
- Health regen 0.25
- Mana regen 0
- Base armor 0
- Base damage 19-25
- Attack range 600
- Base attack time 100
- Attack point 0.4
- Projectile speed 900
- Move speed 285
- Vision 1800 day / 800 night

## Popularity

- Public games picked 201,944 times, won 99,593 (49.3% win rate)
- Professional games: 9 picks, 12 bans, 88.9% win rate

## Abilities

Clinkz has 7 abilities: Strafe, Searing Arrows, Death Pact, Burning Barrage, Burning Army, Skeleton Walk, Infernal Shred.

### Strafe

Clinkz's ability **Strafe**, type Active, targeting No Target, Instant Cast.

Clinkz gains attack speed and has bonus attack range. Any current Skeleton Archers within a 1200 radius of Clinkz also gain bonus attack range and 40% of the attack speed bonus. 

 Casting Strafe does not break Skeleton Walk invisibility.

- Mana cost: 60/70/80/90
- Cooldown: 30/25/20/15
- Pierces spell immunity: Yes
- Dispellable: Yes
- Attack Speed Bonus: 120/160/200/240
- Duration: 3.5
- Attack Range Bonus: 200
- Strafe Skeleton Radius: 1200
- Archer Attack Speed Pct: 40
- Cast Range: 1200

_The closest Clinkz can come to peace is knowing that this was the last thing Maraxiform ever saw._

### Searing Arrows

Clinkz's ability **Searing Arrows**, type Active, targeting Unit Target, Autocast, Attack Modifier, Physical damage.

Imbues Clinkz's arrows with fire for extra damage.

Skeleton Archers will fire Searing Arrows at targets Clinkz attacks for 50% damage.

- Mana cost: 10
- Cooldown: 0
- Pierces spell immunity: Yes
- Bonus Damage: 20/35/50/65
- Skeleton Damage Pct: 50
- Cast Range: 600

_Clinkz simply lights his arrows from his flaming essence for quite the destructive effect._

### Death Pact

Clinkz's ability **Death Pact**, type Active, targeting Unit Target.

Clinkz consumes the target enemy creep or friendly Skeleton Archer, healing and gaining max health. Does not take Clinkz out of Skeleton Walk.

- Mana cost: 50
- Cooldown: 0
- Dispellable: No
- Duration: 45
- Max Charges: 1/1/2/2
- Charge Restore Time: 40
- Bonus Health: 175/250/325/400
- Creep Max Level: 4/5/6/6
- Cast Range: 700
- Cast Time: 0.2

_Sutherex' bond of life and death has become a part of Clinkz, and his old bones are refreshed with repetition of the pact on lesser beings._

### Burning Barrage

Clinkz's ability **Burning Barrage**, type Active, targeting Point Target, Channeled, Physical damage.

CHANNELED - Clinkz channels and shoots multiple piercing arrows in the target direction that hit all enemy units dealing a percentage of Clinkz' attack damage and applying attack modifiers.

- Mana cost: 40
- Cooldown: 17
- Pierces spell immunity: Yes
- Arrows Fired: 6
- Range: 850
- Damage Per Arrow: 75%
- Projectile Width: 200
- Channel Time: 2
- Cast Time: 0.2

_It's hard to say whether the blur around the Bone Fletcher is from his flaming heart or his speed with the quiver._

### Burning Army

Clinkz's ability **Burning Army**, type Active, targeting Point Target, Physical damage.

Summons a row of Burning Skeleton Archers in the target location.

- Mana cost: 150
- Cooldown: 70
- Range: 900
- Count: 6
- Spawn Interval: 0.1
- Cast Range: 600

_Existing on the brink of life and death, Clinkz has learned to temporarily bridge the gap between the two._

### Skeleton Walk

Clinkz's ability **Skeleton Walk**, type Active, targeting No Target, Instant Cast.

Clinkz moves invisibly through units until the moment he attacks or uses items. Leaving Skeleton Walk creates Skeleton Archers.

Skeleton Archers are immobile and die within multiple attacks from a hero or tower. Skeleton Archers deal a percentage of Clinkz' damage, and deal 75% less damage to buildings. Attack range is equal to Clinkz' attack range.

- Mana cost: 80/105/130
- Cooldown: 24/21/18
- Dispellable: No
- Duration: 35/40/45
- Fade Time: 0.6
- Bonus Movement Speed: 25%/35%/45%
- Skeleton Archer Count: 2/3/4
- Skeleton Offset: 250
- Skeleton Offset Min: 150
- Skeleton Archer Duration: 20/25/30
- Skeleton Health: 8
- Skeleton Archer Hits To Kill: 2
- Skeleton Building Damage Reduction: 75
- Skeleton Archer Attack Rate: 1.6
- Skeleton Archer Damage: 20%

_With a burst of fire and puff of smoke, the Bone Fletcher was nowhere to be seen._

### Infernal Shred

Clinkz's ability **Infernal Shred**, type Passive, targeting Passive, innate.

Clinkz and his skeletons apply a stacking debuff that causes their attacks to pierce up to 20% of the target's total physical armor (does not reduce their armor). Clinkz applies 3% per attack, and skeletons apply 1%. 

Lasts 5 seconds.

- Dispellable: No
- Duration: 5
- Hero Stacks: 3
- Skeleton Stacks: 1
- Max Armor Piercing Pct: 20

## Lore

At the base of the Bleeding Hills stretches a thousand-league wood, a place called The Hoven, where black pools gather the tarry blood of the uplands, and the king-mage Sutherex sits in benevolent rule. Once a sworn protector of the Hoven lands, Clinkz earned a reputation for his skill with a bow. In the three-hundredth year of the king-mage, the demon Maraxiform rose from sixth hell to lay claim to the forest. In response, the king-mage decreed an unbreakable spell: to any who slew the demon would be granted Life Without End. Unaware of the spell, Clinkz waded into battle, defending his lands against the demon's fiery onslaught. Clinkz drove Maraxiform back to the gates of sixth-hell itself, where on that fiery threshold the two locked in a mortal conflict. Grievously wounded, the demon let out a blast of hellfire as Clinkz loosed his final arrow. The arrow struck the demon true as hellfire poured out across the land, lighting the black pools and burning Clinkz alive at the instant of the demon's death. Thus, the mage's spell took effect at the very moment of the archer's conflagration, preserving him in this unholy state, leaving him a being of bones and rage, caught in the very act of dying, carrying hell's breath with him on his journey into eternity.","",56,"","",1,0,"",1,"en",0,,,,,""
"hero_master",,"dark-seer",1,"2026-07-29","hero_master","Dark Seer","# Dark Seer

Dark Seer is an Intelligence hero with a melee attack. Primary attribute: Intelligence. Attack type: Melee. Roles: Initiator, Escape, Disabler.

## Roles

- **Initiator** — starts team fights on favourable terms
- **Escape** — has mobility to leave dangerous situations
- **Disabler** — has stuns, silences or other crowd control

## Base stats

- Primary attribute: Intelligence
- Attack type: Melee
- Base Strength 20 (+2.6 per level)
- Base Agility 19 (+1.5 per level)
- Base Intelligence 22 (+2.7 per level)
- Health regen 1
- Mana regen 0
- Base armor 2
- Base damage 31-37
- Attack range 150
- Base attack time 100
- Attack point 0.59
- Projectile speed 900
- Move speed 295
- Vision 1800 day / 800 night

## Popularity

- Public games picked 111,921 times, won 54,432 (48.6% win rate)
- Professional games: 9 picks, 23 bans, 44.4% win rate

## Abilities

Dark Seer has 6 abilities: Vacuum, Ion Shell, Surge, Normal Punch, Quick Wit, Wall of Replica.

### Vacuum

Dark Seer's ability **Vacuum**, type Active, targeting Point Target, AOE, Magical damage.

Dark Seer creates a vacuum over the target area that sucks in enemy units, disrupting them and dealing damage.

- Mana cost: 60/90/120/150
- Cooldown: 60/50/40/30
- Pierces spell immunity: No
- Dispellable: Strong Dispels Only
- Radius: 325/400/475/550
- Duration: 0.3/0.4/0.5/0.6
- Damage: 70/130/190/250
- Radius Tree: 150
- Cast Range: 450/500/550/600
- Cast Time: 0.4

_Ish'Kafel modifies the center of gravity to a place of his choosing._

### Ion Shell

Dark Seer's ability **Ion Shell**, type Active, targeting Unit Target, Magical damage.

Surrounds the target unit with a bristling shield that damages enemy units in an area around it.

- Mana cost: 100/110/120/130
- Cooldown: 9
- Pierces spell immunity: No
- Dispellable: Yes
- Radius: 275
- Damage Per Second: 30/50/70/90
- Duration: 20/22/24/26
- Tick Interval: 0.2
- Cast Range: 800
- Cast Time: 0.2

_The Dark Seer slices holes into the 'Land Behind the Wall,' causing prismatic energy to seep forth._

### Surge

Dark Seer's ability **Surge**, type Active, targeting Unit Target.

Charges a target friendly unit with power, giving it a brief burst of phased movement speed. Allows the unit to reach maximum movement speed and cannot be slowed.

- Mana cost: 50
- Cooldown: 24/19/14/9
- Pierces spell immunity: Yes
- Dispellable: Yes
- Duration: 3/4/5/6
- Speed Boost: 550
- Cast Range: 600
- Cast Time: 0.4

_Ish'Kafel once used his speed of mind to navigate the maze between the walls._

### Normal Punch

Dark Seer's ability **Normal Punch**, type Passive, targeting Passive, Hidden.

Passive ability. Causes Dark Seer's next attack on a hero to have True Strike, knock a replica out of the victim, damaging and stunning them based on how far Dark Seer has moved in the past 3 seconds. Max power is reached after 1100 distance moved.

- Cooldown: 10
- Pierces spell immunity: No
- Max Stun Duration: 1.25
- Recent Duration: 3
- Max Distance: 1100
- Max Knockback Distance: 350
- Illusion Duration: 6
- Max Damage: 400
- Normal Punch Illusion Delay: 0.25

_As a young soldier, long before he became a leader of his people, Ish'Kafel was known amongst his fellow recruits as quite the pugilist._

### Quick Wit

Dark Seer's ability **Quick Wit**, type Passive, targeting Passive, innate.

Dark Seer gains 1 Attack Speed from each point of Intelligence.

When Dark Seer levels up, he restores a percentage of his max health and mana.

- Int To Atkspd: 1
- Max Hp/Mana Restore: 8.5%

### Wall of Replica

Dark Seer's ability **Wall of Replica**, type Active, targeting Point Target.

Raises a wall of warping light that slows, damages, and creates replicas of any enemy hero who crosses it. Enemy replicas serve at the Dark Seer's will. Replicas last until they are destroyed, or until the wall's duration ends.

- Mana cost: 125/250/375
- Cooldown: 100
- Pierces spell immunity: Yes
- Wall Duration: 30
- Replica Damage Outgoing: -30/-20/-10
- Replica Damage: 70%/80%/90%
- Replica Damage Incoming: 100
- Replica Damage Taken: 200%
- Width: 1300
- Movement Slow: 40%
- Slow Duration: 1
- Damage: 25/40/55
- Cast Range: 1000
- Cast Time: 0.2

_The Dark Seer, while unable to return to his natural realm, can channel part of the prismatic wall with powerful strength of mind, sowing confusion amongst enemy ranks._

## Lore

Fast when he needs to be, and a cunning strategist, Ish'Kafel the Dark Seer requires no edged weapons to vanquish his enemies, relying instead on the strength of his powerful mind. His talent lies in his ability to maneuver the fight to his advantage. Hailing from a place he calls 'The Land behind the wall,' Dark Seer remains an outsider here--a warrior from a realm beyond the veil of this reality. Once a great general among his people, and a valiant defender of the god-king Damathryx, Dark Seer's army was wiped out by a much larger force in the final days of the Great Boundaries War. Facing certain defeat, he made one last desperate act: he led the enemy forces into the maze between the walls. At the last moment, just before capture, he crossed over--then sealed the walls forever in an explosive release of dark energy. When the dust settled, he saw that he had saved his people but found himself blinking at the sun of a different world, with no way to return. Now he is committed to proving his worth as a military strategist, and vows to show that he's the greatest tactician this strange new world has ever seen.","",55,"","",1,0,"",1,"en",0,,,,,""
"hero_master",,"life-stealer",1,"2026-07-29","hero_master","Lifestealer","# Lifestealer

Lifestealer is a Strength hero with a melee attack. Primary attribute: Strength. Attack type: Melee. Roles: Carry, Durable, Escape, Disabler.

## Roles

- **Carry** — scales with items and becomes the main damage dealer late game
- **Durable** — survives extended fights, high effective health
- **Escape** — has mobility to leave dangerous situations
- **Disabler** — has stuns, silences or other crowd control

## Base stats

- Primary attribute: Strength
- Attack type: Melee
- Base Strength 23 (+2.4 per level)
- Base Agility 15 (+1.9 per level)
- Base Intelligence 15 (+1.8 per level)
- Health regen 0.25
- Mana regen 0
- Base armor 1
- Base damage 26-32
- Attack range 150
- Base attack time 120
- Attack point 0.39
- Projectile speed 900
- Move speed 320
- Turn rate 0.9
- Vision 1800 day / 800 night

## Popularity

- Public games picked 402,026 times, won 210,194 (52.3% win rate)
- Professional games: 9 picks, 17 bans, 66.7% win rate

## Abilities

Lifestealer has 6 abilities: Rage, Open Wounds, Feast, Ghoul Frenzy, Infest, Consume.

### Rage

Lifestealer's ability **Rage**, type Active, targeting No Target, Instant Cast.

Launch into a maddened rage, becoming Debuff Immune, increasing magic resistance and gaining movement speed.

DISPEL TYPE: Basic Dispel

- Mana cost: 80/100/120/140
- Cooldown: 20/19/18/17
- Dispellable: No
- Duration: 3/4/5/6
- Magic Resistance: 80%
- Debuff Immunity: 1
- Movespeed Bonus: 6%/9%/12%/15%

_The madness and brutality of N'aix makes him a vicious and unrelenting foe in combat._

### Open Wounds

Lifestealer's ability **Open Wounds**, type Active, targeting Unit Target.

Lifestealer rends an enemy unit, slowing the victim's movement speed and allowing all allies to regain health for a percentage of the damage they deal to that unit. The victim recovers movement speed over the duration.

- Mana cost: 90
- Cooldown: 30/25/20/15
- Pierces spell immunity: No
- Dispellable: Yes
- Duration: 7
- Slow Steps: -50/-50/-40/-30/-20/-10/-10/-10
- Damage To Healing: 20%/30%/40%/50%
- Spread Radius: 700
- Slow Step Pct Of Max: 100
- Max Slow: 50%
- Cast Range: 300/400/500/600
- Cast Time: 0.2

_Fresh wounds and the scent of blood often draw out the scavengers to finish the job._

### Feast

Lifestealer's ability **Feast**, type Passive, targeting Passive, Physical damage.

Lifestealer's attacks deal damage and provide heal for a percentage of his target's max health. He gains permanent max HP whenever he kills a unit.

- Pierces spell immunity: Yes
- Dispellable: No
- Heal From Target'S Max Health: 1.45%/2.05%/2.65%/3.25%
- Max Health Damage: 1.45%/2.05%/2.65%/3.25%
- Creep Deny Percent: 50
- Max Hp Per Hero Kill: 10
- Max Hp Per Creep Kill: 1

_After escaping from his cell in Devarque, N'aix subsisted on flesh and bones of those unfortunate to cross his path._

### Ghoul Frenzy

Lifestealer's ability **Ghoul Frenzy**, type Passive, targeting Passive, Hidden, innate.

Passively grants Lifestealer Attack Speed.

- Pierces spell immunity: No
- Dispellable: Yes

_Distant memories of the Vile Council fuel one mind to plotting and the other to more immediate dark ends._

### Infest

Lifestealer's ability **Infest**, type Active, targeting Unit Target, Magical damage.

Lifestealer infests the body of a target unit, becoming undetectable, and healing for a portion of his max hitpoints every second while inside. He can then explode from the host body, dealing damage to nearby enemies. If the infested unit is an enemy creep or a neutral creep, he can take control of the unit's ability to move and attack, and the creep loses a portion of their max hitpoints over time. Does not work on enemy heroes.

DISPEL TYPE: Basic Dispel

- Mana cost: 100/125/150
- Cooldown: 80/65/50
- Pierces spell immunity: Yes
- Dispellable: No
- Damage Radius: 700
- Damage: 150/275/400
- Movement Speed: 15%/20%/25%
- Health Bonus: 400/800/1200
- Self Max Hp Regen: 3%/4%/5%
- Cast Range: 150
- Creep Max Hp Loss / Sec: 1.5%/0.75%/0%
- Can Target Ancients: 1
- Cast Time: 0.2

_With this infestation, N'aix consumes the life blood of the host, restoring him back to full unholy power._

### Consume

Lifestealer's ability **Consume**, type Active, targeting Hidden, No Target, Instant Cast.

Lifestealer eats the host body from the inside out, exploding from within.

## Lore

In the dungeons of Devarque, a vengeful wizard lay in shackles, plotting his escape. He shared his cell with a gibbering creature known as N'aix, a thief cursed by the Vile Council with longevity, so that its life-sentence for theft and cozening might be as punishing as possible. Over the years, its chains had corroded, along with its sanity; N'aix retained no memory of its former life and no longer dreamt of escape. Seeing a perfect vessel for his plans, the wizard wove a spell of Infestation and cast his life-force into N'aix's body, intending to compel N'aix to sacrifice itself in a frenzy of violence while the mage returned to his body and crept away unnoticed. Instead, the wizard found his mind caught in a vortex of madness so powerful that it swept away his plans and shattered his will. Jarred to consciousness by the sudden infusion of fresh life, N'aix woke from its nightmare of madness and obeyed the disembodied voice that filled its skull, which had only the one thought: To escape. In that moment Lifestealer was born. The creature cast its mind into dungeon guards and soldiers, compelling them to open locks and cut down their companions, opening an unobstructed path to freedom while feeding on their lives. Lifestealer still wears the broken shackles as a warning that none may hold him, but on the inside remains a prisoner. Two minds inhabit the single form--a nameless creature of malevolent cunning, and the Master whose voice he pretends to obey.","",54,"","",1,0,"",1,"en",0,,,,,""
"hero_master",,"furion",1,"2026-07-29","hero_master","Nature's Prophet","# Nature's Prophet

Nature's Prophet is an Universal hero with a ranged attack. Primary attribute: Universal. Attack type: Ranged. Roles: Carry, Pusher, Escape, Nuker.

## Roles

- **Carry** — scales with items and becomes the main damage dealer late game
- **Pusher** — pressures and destroys enemy towers quickly
- **Escape** — has mobility to leave dangerous situations
- **Nuker** — deals large burst spell damage

## Base stats

- Primary attribute: Universal
- Attack type: Ranged
- Base Strength 19 (+2.6 per level)
- Base Agility 14 (+2.6 per level)
- Base Intelligence 22 (+3.5 per level)
- Health regen 0.25
- Mana regen 0
- Base armor 0
- Base damage 20-26
- Attack range 600
- Base attack time 100
- Attack point 0.4
- Projectile speed 1125
- Move speed 295
- Turn rate 0.9
- Vision 1800 day / 800 night

## Popularity

- Public games picked 336,680 times, won 145,123 (43.1% win rate)
- Professional games: 10 picks, 11 bans, 60.0% win rate

## Abilities

Nature's Prophet has 6 abilities: Sprout, Teleportation, Nature's Call, Curse of the Oldgrowth, Spirit of the Forest, Wrath of Nature.

### Sprout

Nature's Prophet's ability **Sprout**, type Active, targeting Unit Target, Point Target, Magical damage.

Sprouts a ring of trees around a unit, damaging and trapping it in place and providing vision in a 400 radius.

- Mana cost: 70/80/90/100
- Cooldown: 14/12/10/8
- Vision Range: 400
- Duration: 2.5/3/3.5/4
- Damage: 70/130/190/250
- Sprout Damage Radius: 275
- Cast Range: 625/700/775/850
- Cast Time: 0.35

_Verdant overgrowth is a common ailment reported by Nature's Prophet's attackers._

### Teleportation

Nature's Prophet's ability **Teleportation**, type Active, targeting Point Target, AOE, Physical damage.

Teleports to any point on the map. Gains a barrier after arriving to its destination.

- Mana cost: 50/60/70/80
- Cooldown: 65/50/35/20
- Pierces spell immunity: No
- Dispellable: Yes
- Barrier: 70/130/190/250
- Duration: 15
- Cast Time: 3

_The Prophet keeps his sentinel over the forest, protecting it when in need._

### Nature's Call

Nature's Prophet's ability **Nature's Call**, type Active, targeting Point Target, AOE.

Converts an area of trees into Treants under the command of Nature's Prophet.

- Mana cost: 85/90/95/100
- Cooldown: 45/40/35/30
- Area Of Effect: 150/225/300/375
- Treants Summoned: 2/3/4/5
- Treant Duration: 50
- Treant Health: 450
- Treant Damage: 16/25/34/43
- Treant Bonus Hero Damage: 6/10/14/18
- Treant Movespeed: 300/315/330/345
- Treant Vision (Day): 500
- Treant Vision (Night): 500
- Treant Gold Bounty Min: 18
- Treant Gold Bounty Max: 24
- Treant Xp Bounty: 30
- Treewalking: 1
- Cast Range: 750
- Cast Time: 0.5

_Verodicia bestowed the Prophet with the ability to summon the Treant Guard, a mythical sentient army of the wild._

### Curse of the Oldgrowth

Nature's Prophet's ability **Curse of the Oldgrowth**, type Active, targeting No Target, Magical damage.

Applies a curse on all enemy heroes within 900 range, displaying them in fog, slowing them, and dealing damage over time based on the number of trees within 250 radius. Treants count as trees for this purpose.

- Mana cost: 80
- Cooldown: 18
- Pierces spell immunity: No
- Dispellable: Yes
- Duration: 7
- Dps Per Tree: 15
- Slow Per Tree: 7%
- Radius: 250
- Range: 900
- Cast Time: 0.2

_Though powerful, Nature's Prophet's gifts do not include all-sight, and he must rely heavily upon reconnaissance and aid from a long-standing network of stalwart friends._

### Spirit of the Forest

Nature's Prophet's ability **Spirit of the Forest**, type Passive, targeting Passive, Hidden, innate.

Nature's Prophet gains 2% bonus damage for each nearby tree. Treants also provide this bonus with multiplied values regardless of proximity. Treants also possess this ability.

- Dispellable: No
- Damage Per Tree Pct: 2
- Tree Radius: 300
- Treant Multiplier: 2

### Wrath of Nature

Nature's Prophet's ability **Wrath of Nature**, type Active, targeting Unit Target, Point Target, Magical damage.

Damaging energy bounces around the map, striking enemies that are in vision starting with those closest to the cast point. Each enemy hit beyond the first adds damage, up to the maximum after 16 are hit.

- Mana cost: 130/160/190
- Cooldown: 85
- Pierces spell immunity: No
- Dispellable: Yes
- Max Targets: 16
- Base Damage: 100/140/180
- Added Damage Per Bounce: 10%
- Jump Delay: 0.15
- Cast Time: 0.5

_Nature's Prophet calls Verodicia's fury to strike down those who might ravage the wilderness._

## Lore

When Verodicia, Goddess of the Woods, had finished filling in the green places, having planted the coiled-up spirit in the seed, having lured the twining waters from deep within the rock, having sworn the sun its full attention to the growing things, she realized that her own time had reached its end, and like one of the leaves whose fate she had imprinted in the seed, she would fall without seeing the fruiting of her dream. It pained her to leave the world bereft, for the sprouts had not yet broken through the soil--and they would be tender and vulnerable to every sort of harm. She found in her seed pouch one last seed that she had missed in the sowing. She spoke a single word into the seed and swallowed it as she fell. Her vast body decomposed throughout the long winter, becoming the humus that would feed the seedlings in the spring. And on the morning of the vernal equinox, before the rest of the forest had begun to wake, that last seed ripened and burst in an instant. From it stepped Nature's Prophet, in full leaf, strong and wise, possessing Verodicia's power to foresee where he would be needed most in defense of the green places--and any who might be fortunate enough to call him an ally.","",53,"","",1,0,"",1,"en",0,,,,,""
"hero_master",,"leshrac",1,"2026-07-29","hero_master","Leshrac","# Leshrac

Leshrac is an Intelligence hero with a ranged attack. Primary attribute: Intelligence. Attack type: Ranged. Roles: Carry, Support, Nuker, Pusher, Disabler.

## Roles

- **Carry** — scales with items and becomes the main damage dealer late game
- **Support** — protects allies, buys utility items and controls vision
- **Nuker** — deals large burst spell damage
- **Pusher** — pressures and destroys enemy towers quickly
- **Disabler** — has stuns, silences or other crowd control

## Base stats

- Primary attribute: Intelligence
- Attack type: Ranged
- Base Strength 20 (+2.8 per level)
- Base Agility 17 (+2.5 per level)
- Base Intelligence 22 (+3.5 per level)
- Health regen 0.25
- Mana regen 0
- Base armor 1
- Base damage 27-31
- Attack range 575
- Base attack time 100
- Attack point 0.4
- Projectile speed 900
- Move speed 325
- Vision 1800 day / 800 night

## Popularity

- Public games picked 103,823 times, won 53,245 (51.3% win rate)

## Abilities

Leshrac has 6 abilities: Split Earth, Diabolic Edict, Lightning Storm, Nihilism, Defilement, Pulse Nova.

### Split Earth

Leshrac's ability **Split Earth**, type Active, targeting Point Target, AOE, Magical damage.

Splits the earth under enemies. Deals damage and stuns for a short duration.

- Mana cost: 80/100/120/140
- Cooldown: 11
- Pierces spell immunity: No
- Dispellable: Strong Dispels Only
- Stun Delay: 0.35
- Radius: 150/170/190/210
- Stun Duration: 1.7
- Cast Range: 650
- Duration: 1.6
- Cast Time: 0.7

_Twisting nature to his vile will, the shifting earth consumes those unlucky enough to cross Leshrac's path._

### Diabolic Edict

Leshrac's ability **Diabolic Edict**, type Active, targeting No Target, Pure damage.

Saturates the area around Leshrac with magical explosions that deal pure damage to enemy units and buildings. The fewer units available to attack, the more damage those units will take.

- Mana cost: 90/120/150/180
- Cooldown: 22/21/20/19
- Pierces spell immunity: Yes
- Dispellable: No
- Explosions: 40
- Radius: 450
- Affects Buildings: 1
- Damage Per Explosion: 9/16/23/30
- Targets Per Explosion: 1
- Duration: 8
- Cast Time: 0.5

_Chronoptic energy bursts from one plane to the other, evaporating anything it touches._

### Lightning Storm

Leshrac's ability **Lightning Storm**, type Active, targeting Unit Target, Magical damage.

Summons a lightning storm that blasts the target enemy unit, then strikes any nearby enemy units. Struck enemies have their move speed slowed.

- Mana cost: 80/100/120/140
- Cooldown: 4
- Pierces spell immunity: No
- Dispellable: Yes
- Damage: 90/140/190/240
- Lightning Strikes: 5/7/9/11
- Lightning Jump Radius: 450
- Jump Delay: 0.25
- Movement Slow: 75%
- Slow Duration: 0.45/0.7/0.95/1.2
- Cast Range: 600
- Cast Time: 0.3

_The Tormented Soul's mastery of the elements is evident in the massive storms that strike down armies before him._

### Nihilism

Leshrac's ability **Nihilism**, type Active, targeting No Target.

Causes Leshrac and all nearby enemies to turn ethereal, preventing them from attacking, slowing them, and making them take more magic damage. Increases Leshrac's speed rather than reducing it. Does not cause Leshrac to take amplified damage.

- Mana cost: 75
- Cooldown: 25
- Pierces spell immunity: No
- Dispellable: Yes
- Duration: 4
- Increased Magic Damage: 30%
- Slow: 40%
- Radius: 500

_When it serves his purpose, Leshrac briefly reduces his presence in the Terrene Plane._

### Defilement

Leshrac's ability **Defilement**, type Passive, targeting Passive, innate.

- Aoe Per Int: 0.7

### Pulse Nova

Leshrac's ability **Pulse Nova**, type Active, targeting No Target, Magical damage.

Creates waves of damaging energy around Leshrac, one per second, to damage nearby enemy units. Drains Leshrac's mana with each pulse.

- Mana cost: 50/60/70
- Cooldown: 1
- Pierces spell immunity: No
- Dispellable: No
- Mana/Sec: 20/40/60
- Radius: 500
- Damage: 80/135/180

_If necessary, the Tormented Soul can manipulate space time itself, ravaging lesser beings._

## Lore

Leshrac, Tormented Soul, is an entity torn from the heart of nature, a liminal being that exists half in one plane of existence, half in another. His penetrating intelligence is such that he can never ignore for a moment the agonizing horror at the heart of all creation. Once a great philosopher who sought the meaning of existence, he plumbed the depths of nature with the haunted Chronoptic Crystals, and was forever altered by the hideous mysteries thereby revealed to him. Now the darkest depths of his enlightenment are illumined only by the fitful glare of his arrogance. Like other elemental characters, he is completely at one with nature, but in his case it is a nature lurid and vile. He alone sees the evil truth of reality, and has no use for those who believe the cosmos reserves a special reward for those who practice benevolence.","",52,"","",1,0,"",1,"en",0,,,,,""
"hero_master",,"rattletrap",1,"2026-07-29","hero_master","Clockwerk","# Clockwerk

Clockwerk is a Strength hero with a melee attack. Primary attribute: Strength. Attack type: Melee. Roles: Initiator, Disabler, Durable, Nuker.

## Roles

- **Initiator** — starts team fights on favourable terms
- **Disabler** — has stuns, silences or other crowd control
- **Durable** — survives extended fights, high effective health
- **Nuker** — deals large burst spell damage

## Base stats

- Primary attribute: Strength
- Attack type: Melee
- Base Strength 26 (+3.2 per level)
- Base Agility 13 (+2.3 per level)
- Base Intelligence 18 (+1.7 per level)
- Health regen 0.5
- Mana regen 0
- Base armor 1
- Base damage 24-26
- Attack range 150
- Base attack time 100
- Attack point 0.33
- Projectile speed 900
- Move speed 310
- Vision 1800 day / 800 night

## Popularity

- Public games picked 146,967 times, won 71,682 (48.8% win rate)
- Professional games: 25 picks, 34 bans, 44.0% win rate

## Abilities

Clockwerk has 8 abilities: Battery Assault, Power Cogs, Rocket Flare, Overclocking, Jetpack, Hookshot, Armor Power, Jetpack Toggle.

### Battery Assault

Clockwerk's ability **Battery Assault**, type Active, targeting No Target, Instant Cast, Magical damage.

Discharges high-powered shrapnel at random nearby enemy units, dealing minor magical damage and ministun.

- Mana cost: 75/80/85/90
- Cooldown: 24/22/20/18
- Pierces spell immunity: No
- Dispellable: No
- Radius: 275
- Overclocking Radius: 330
- Duration: 10.5
- Interval: 0.7
- Damage: 20/45/70/95
- Creep Damage Multiplier: 1

_Some of Rattletrap's contraptions don't quite work correctly, so detonating them proves useful as an offensive maneuver._

### Power Cogs

Clockwerk's ability **Power Cogs**, type Active, targeting No Target, Magical damage.

Forms a ring of energized cogs around Clockwerk, trapping any units that are near. Enemies outside the trap that touch a cog are knocked back, losing health and mana. Once a cog has delivered a shock, it will power down. Damage is increased by 50% of the mana burned.

 Cogs can be destroyed by enemy attacks, but Clockwerk can push them up to 1000 distance away with one hit. Clockwerk can move through the cogs freely, disabling them as he passes over.

- Mana cost: 75
- Cooldown: 21/19/17/15
- Pierces spell immunity: Yes
- Duration: 5/6/7/8
- Damage: 55/110/165/220
- Mana Burn: 40/80/120/160
- Mana Burn As Damage Pct: 50
- Attacks Required: 2
- Push Length: 300
- Push Duration: 0.8
- Formation Radius: 215
- Trigger Distance: 185
- Inside Cogs Distance Reduction: 50
- Extra Pull Buffer: -10
- Projectile Distance: 1000
- Projectile Speed: 1000
- Push Duration Overclock: 0.6
- Cogs Radius Overclock: 330
- Trigger Distance Overclock: 115
- Cast Time: 0.2

_One of Clockwerk's inventions of which he is most proud is the power cog - though it is sometimes despised by his allies._

### Rocket Flare

Clockwerk's ability **Rocket Flare**, type Active, targeting Point Target, AOE, Magical damage.

Fires a global range flare that explodes over a given area. Upon impact, enemies in the area take damage and are briefly slowed. Rocket flare provides vision over the impact area for 6 seconds.

- Mana cost: 35/40/45/50
- Cooldown: 20/18/16/14
- Pierces spell immunity: No
- Radius: 600
- Duration: 6
- Speed: 2250
- Damage: 80/120/160/200
- Movement Slow: 100%
- Slow Duration: 0.4
- Projectile Vision Radius: 250
- Projectile Vision Duration: 1
- Projectile Vision Tick Rate: 0.15
- Charge Restore Time: 20/18/16/14
- Cast Time: 0.3

_What started as a festive display has become a useful scouting and bombardment tool._

### Overclocking

Clockwerk's ability **Overclocking**, type Active, targeting No Target, Instant Cast, Hidden.

Supercharges Clockwerks abilities:

Battery Assault: Increased radius and affects all enemies in its range.
Power Cogs: Radius increased, and Clockwerk's armor while near Power Cogs is increased.
Rocket Flares: Increased damage, vision and slow duration, and fire additional rockets to either side of the target.
Hookshot: Stun radius and duration increased.
Jetpack: Moves faster.

Clockwerk's movement and attack speed becomes slowed to a crawl after the duration runs out.

- Mana cost: 90
- Cooldown: 50
- Pierces spell immunity: Yes
- Dispellable: No
- Duration: 18
- Self Slow Duration: 3
- Bonus Armor Near Cogs: 25%
- Battery Assault Radius: 330
- Cogs Radius: 330
- Hookshot Radius Bonus: 50%
- Hookshot Duration Bonus: 50%
- Rocket Flare Interval: 0.15
- Rocket Flare Offset Pct: 125
- Bonus Rocket Flares: 2
- Rocket Flare Duration Bonus: 35%
- Rocket Flare Damage Bonus: 35%
- Jetpack Speed: 40%
- Jetpack Turn Rate: 75

_Rattletrap understands the limitations of his armor. Just as he understands the risks of pushing past them in times of need._

### Jetpack

Clockwerk's ability **Jetpack**, type Active, targeting No Target, Hidden.

Clockwerk activates a jetpack, gaining flying movement, flying vision, and bonus movement speed. Clockwerk has a severely-limited turn rate during this time and cannot attack. Jetpack can be toggled on and off for the duration of the buff.

- Mana cost: 75
- Cooldown: 16
- Dispellable: Yes
- Bonus Speed: 20%
- Turn Rate: 75
- Height: 250
- Duration: 6

_Sure it's blown up over fourteen testing dummies, but at least they all flew!_

### Hookshot

Clockwerk's ability **Hookshot**, type Active, targeting Point Target, Magical damage.

Fires a grappling device rapidly at the target location. If the hook hits a unit, Clockwerk launches himself into the target, stunning and dealing damage to everyone in a 175 radius around the hit target. Any enemies Clockwerk collides with along the way are damaged and stunned.

- Mana cost: 100/125/150
- Cooldown: 60/45/30
- Pierces spell immunity: Yes
- Dispellable: Strong Dispels Only
- Latch Radius: 125
- Stun Radius: 175
- Radius Ally: 175
- Stun Duration: 1.2/1.4/1.6
- Speed: 4000/5000/6000
- Damage: 75/175/275
- Cast Range: 2000/2500/3000
- Cast Time: 0.3

_A somewhat unwieldy device, the Hookshot sends the otherwise clunky Clockwerk armor flying through the air._

### Armor Power

Clockwerk's ability **Armor Power**, type Passive, targeting Passive, innate.

Clockwerk's outgoing damage increases by 0.25% per point of armor.

Clockwerk can consume Chainmails to permanently gain +4 armor per Chainmail consumed. Can stack. Self-cast to consume.

- Damage Per Armor: 0.25
- Can Consume Chainmail: 1
- Armor Per Chainmail: 4
- Model Scale Per Chainmail: 5
- Model Scale Maximum: 125
- Health Bar Offset Per Stack: 6

### Jetpack Toggle

Clockwerk's ability **Jetpack Toggle**, type Active.

Toggles Jetpack on and off.

## Lore

Rattletrap descends from the same far-flung kindred as Sniper and Tinker, and like many of the Keen Folk, has offset his diminutive stature through the application of gadgetry and wit. The son of the son of a clockmaker, Rattletrap was many years apprenticed to that trade before war rode down from the mountains and swept the plains villages free of such innocent vocations. 'Your new trade is battle,' his dying father told him as the village of their ancestors lay in charred and smoking ruins. It is a poor tradesman who blames his tools, and Rattletrap was never one to make excuses. After burying his father among the ruins of their village, he set about to transform himself into the greatest tool of warfare that any world had ever seen. He vowed to never again be caught unprepared, instead using his talents to assemble a suit of powered Clockwerk armor to make the knights of other lands look like tin cans by comparison. Now Rattletrap is alive with devices, a small but deadly warrior whose skills at ambush and destruction have risen to near-automated levels of efficiency. An artisan of death, his mechanizations make short work of the unwary, heralding a new dawn in this age of warfare. What time is it? It's Clockwerk time!","",51,"","",1,0,"",1,"en",0,,,,,""
"hero_master",,"dazzle",1,"2026-07-29","hero_master","Dazzle","# Dazzle

Dazzle is an Universal hero with a ranged attack. Primary attribute: Universal. Attack type: Ranged. Roles: Support, Nuker, Disabler.

## Roles

- **Support** — protects allies, buys utility items and controls vision
- **Nuker** — deals large burst spell damage
- **Disabler** — has stuns, silences or other crowd control

## Base stats

- Primary attribute: Universal
- Attack type: Ranged
- Base Strength 19 (+2.3 per level)
- Base Agility 20 (+1.7 per level)
- Base Intelligence 25 (+3.5 per level)
- Health regen 0.25
- Mana regen 0.3
- Base armor 0
- Base damage 19-25
- Attack range 575
- Base attack time 100
- Attack point 0.3
- Projectile speed 1200
- Move speed 305
- Turn rate 0.7
- Vision 1800 day / 800 night

## Popularity

- Public games picked 184,970 times, won 93,316 (50.4% win rate)
- Professional games: 1 picks, 0 bans, 100.0% win rate

## Abilities

Dazzle has 6 abilities: Poison Touch, Shallow Grave, Shadow Wave, Weave, Nothl Projection, End Projection.

### Poison Touch

Dazzle's ability **Poison Touch**, type Active, targeting Unit Target, Physical damage.

Releases a cone of poison that strikes multiple enemy units. Deals damage over time and slows the targets. Anytime the targets get attacked by Dazzle, the debuff duration is refreshed and slow is increased.

- Mana cost: 125/130/135/140
- Cooldown: 24/21/18/15
- Pierces spell immunity: No
- Dispellable: Yes
- Start Radius: 200
- End Radius: 300
- End Distance: 600/700/800/900
- Targets: 2/4/6/8
- Damage Per Second: 16/28/40/52
- Slow: -13%/-16%/-19%/-22%
- Projectile Speed: 1300
- Duration: 3.5/5/6.5/8
- Bonus Slow Per Hit: -2.5%/-3%/-3.5%/-4%
- Cast Range: 500/600/700/800
- Cast Time: 0.3

_One of the few Dezun rites used for offensive purposes, the paralytic enchantment often proves useful._

### Shallow Grave

Dazzle's ability **Shallow Grave**, type Active, targeting Unit Target.

An ally blessed with Shallow Grave, no matter how close to death, cannot die while under its protection. Healing on that ally is also amplified for the duration based on the hero's HP.

- Mana cost: 90/100/110/120
- Cooldown: 30/26/22/18
- Pierces spell immunity: Yes
- Dispellable: No
- Duration: 4/4.5/5/5.5
- Fx Halo Height: 190/240/300/350
- Heal Amplification Per 10% Missing: 3%/5%/7%/9%
- Cast Range: 900
- Cast Time: 0.3

_Only a seasoned acolyte of the Shadow can properly perform the rite of preventing death._

### Shadow Wave

Dazzle's ability **Shadow Wave**, type Active, targeting Unit Target, Physical damage.

Sends out a bolt of power that arcs between allies, healing them while damaging any enemy units standing nearby. Dazzle is always healed by Shadow Wave.

- Mana cost: 90
- Cooldown: 10/9/8/7
- Pierces spell immunity: Yes
- Cast Range: 800
- Heal Arc Radius: 475
- Damage Radius: 185
- Max Targets: 3/4/5/6
- Max Heal Targets: 4/5/6/7
- Damage: 85/105/125/145
- Scepter Heal Pct: 100
- Scepter Cd Increase: 2
- Cast Time: 0.3

_While it is a simplistic and routine rite among Shadow Priests, the Shadow Wave is also the most critical for success._

### Weave

Dazzle's ability **Weave**, type Passive, targeting Passive, Hidden, innate.

Dazzle's abilities apply Weave to both allies and enemies they affect, increasing allied armor and reducing enemy armor. Multiple instances of this effect stack.

- Armor Change Per Stack: 1
- Duration: 6.9
- Affects Allies: 1
- Affects Enemies: 1

_His ethereal journey into the Nothl realm has allowed Dazzle to mend together the powers of light and dark, creating shifting waves of enchantments._

### Nothl Projection

Dazzle's ability **Nothl Projection**, type Active, targeting Point Target.

Dazzle departs his body, traveling through the Nothl Realm as an invulnerable spirit that can cast spells, attack, and use items, leaving his body behind in the world with a visible tether. While active, Dazzle's basic abilities are empowered: Poison Touch hexes enemies, Shallow Grave heals upon expiration, and Shadow Wave has a shorter cooldown. The effect can be ended early, and Dazzle returns to the body at the end.

- Mana cost: 100/150/200
- Cooldown: 70/60/50
- Dispellable: No
- Min Duration: 5
- Max Duration: 12
- Initial Travel Speed: 1200
- Soul Return Time: 0.75
- Soul Return Min Speed: 500
- Leash Start: 1600
- Base Leash Pull: 50
- Leash Increase: 1.5
- Hex Duration: 1.4/1.6/1.8
- Shallow Grave Heal: 225/300/375
- Shadow Wave Cooldown Reduction: 30%/40%/50%
- Cast Range: 450
- Cast Time: 0.2

_The allure of the Nothl Realm is intoxicating, but Dazzle never forgets his purpose for being there._

### End Projection

Dazzle's ability **End Projection**, type Active, targeting No Target, Hidden.

Ends Dazzle's sojourn in the Nothl Realm and returns his spirit to his body.

## Lore

Each young acolyte to the Dezun order must complete a series of rites before becoming a shadow priest. The final rite, the rite of shades, is a harrowing spiritual journey through the Nothl Realm, an unpredictable domain from which not all visitants return. Of those who do, some return mad. Others return with strange aptitudes. But all who go there are changed by their experiences. Driven by the need for enlightenment, Dazzle was the youngest of his tribe ever to request the sacred ritual. At first the order refused him, saying he was too young. But Dazzle was not to be dissuaded. Sensing something special in the headstrong young acolyte, the elders relented. Dazzle drank down the sacred potion and sat by the fire while the rest of his tribe danced through the night. In this ethereal dimension of the Nothl Realm, the properties of light and dark are inverted. Thus his brilliant healing light, beautiful to our eye, is actually a sinister kind of evil; and the darkest deeds are done in a dazzling glow. The elders' intuition was prophetic: Dazzle returned to his people as a Shadow Priest like none seen before, with the power to heal as well as to destroy. Now he uses his gift to cut down his enemies and mend his friends.","",50,"","",1,0,"",1,"en",0,,,,,""
"hero_master",,"dragon-knight",1,"2026-07-29","hero_master","Dragon Knight","# Dragon Knight

Dragon Knight is a Strength hero with a melee attack. Primary attribute: Strength. Attack type: Melee. Roles: Carry, Pusher, Durable, Disabler, Initiator, Nuker.

## Roles

- **Carry** — scales with items and becomes the main damage dealer late game
- **Pusher** — pressures and destroys enemy towers quickly
- **Durable** — survives extended fights, high effective health
- **Disabler** — has stuns, silences or other crowd control
- **Initiator** — starts team fights on favourable terms
- **Nuker** — deals large burst spell damage

## Base stats

- Primary attribute: Strength
- Attack type: Melee
- Base Strength 21 (+3.2 per level)
- Base Agility 14 (+2 per level)
- Base Intelligence 18 (+1.7 per level)
- Health regen 0.25
- Mana regen 0
- Base armor 0
- Base damage 34-40
- Attack range 150
- Base attack time 100
- Attack point 0.5
- Projectile speed 900
- Move speed 310
- Vision 1800 day / 800 night

## Popularity

- Public games picked 145,976 times, won 71,982 (49.3% win rate)

## Abilities

Dragon Knight has 6 abilities: Breathe Fire, Dragon Tail, Wyrm's Wrath, Fireball, Dragon Blood, Elder Dragon Form.

### Breathe Fire

Dragon Knight's ability **Breathe Fire**, type Active, targeting Point Target, Unit Target, Magical damage.

Unleashes a breath of fire in front of Dragon Knight that burns enemies and reduces the damage their attacks deal.

- Mana cost: 90/95/100/105
- Cooldown: 14/13/12/11
- Pierces spell immunity: No
- Dispellable: Yes
- Start Radius: 150
- End Radius: 250
- Range: 750
- Cast Range: 1000
- Speed: 1050
- Damage: 80/160/240/320
- Damage Reduction: 20%/24%/28%/32%
- Reduction Duration: 11
- Cast Time: 0.2

_Knight Davion's breath has become that of the mighty Eldwurm Slyrak, remembered for burning numerous other knights to a crisp._

### Dragon Tail

Dragon Knight's ability **Dragon Tail**, type Active, targeting Unit Target, Magical damage.

Dragon Knight smites an enemy unit with his shield, stunning and damaging it and units close to it.

- Mana cost: 70/80/90/100
- Cooldown: 16/14/12/10
- Pierces spell immunity: No
- Dispellable: Strong Dispels Only
- Stun Duration: 1.8/2/2.2/2.4
- Damage: 60/90/120/150
- Dragon Cast Range: 150
- Projectile Speed: 1600
- Aoe: 50
- Cast Range: 150

_Davion's combination of dragon talents and knightly skills makes him a vicious opponent in melee combat._

### Wyrm's Wrath

Dragon Knight's ability **Wyrm's Wrath**, type Passive, targeting Passive, Magical damage.

The life blood of the Dragon improves Dragon Knight's abilities and items to have increased AoE and causes his attacks to deal additional magic damage to enemy units.

- Magic Damage: 10/20/30/40
- Aoe Bonus: 25/50/75/100

_Slyrak's blood still courses through Davion's veins, giving him twice the vitality of an ordinary knight._

### Fireball

Dragon Knight's ability **Fireball**, type Active, targeting Point Target, AOE, Hidden, Magical damage.

Ignites an area, dealing damage over time that lingers on enemies in it. Has reduced cast range when melee.

- Mana cost: 80
- Cooldown: 20
- Pierces spell immunity: No
- Radius: 275
- Damage Per Second: 85
- Duration: 6
- Burn Interval: 0.5
- Linger Duration: 2
- Cast Range: 600
- Cast Time: 0.2

_Most Dragon Knights name no greater horror than the scourge of dragon's fire._

### Dragon Blood

Dragon Knight's ability **Dragon Blood**, type Passive, targeting Passive, innate.

The life blood of the Dragon improves Dragon Knight's health regeneration and armor. 

Regen and armor are increased by 50% during Elder Dragon Form.

- Bonus Hp Regen: 2
- Bonus Armor: 2
- Regen And Armor Multiplier During Dragon Form: 50

_Slyrak's blood still courses through Davion's veins, giving him twice the vitality of an ordinary knight._

### Elder Dragon Form

Dragon Knight's ability **Elder Dragon Form**, type Active, targeting No Target, Magical damage.

Dragon Knight assumes the form of the Elder Dragon, increasing the range of his abilities, gaining bonus movement speed, and a ranged attack with various properties. The Dragon evolves per level. The bonuses are cumulative. 

Level 1 Green: Grants a corrosive damage over time that can also damage buildings.

Level 2 Red: Grants splash damage to the dragon's attacks.

Level 3 Blue: Grants a debuff immunity piercing movement and attack frost slow on attack.

- Mana cost: 50
- Cooldown: 100
- Pierces spell immunity: Yes
- Dispellable: No
- Duration: 60
- Bonus Move Speed: 25/30/35/40
- Bonus Attack Range: 350
- Bonus Ability Cast Range: 350
- Model Scale: 10/15/20/30
- Corrosive Duration: 3
- Corrosive Damage: 25/25/25/35
- Splash Damage: 0%/75%/75%/100%
- Splash Radius: 0/275/275/350
- Health Bar Offset: 300
- Magic Resistance: 0/0/0/20
- Flying Movement: 0/0/0/1
- Frost Duration: 0/0/3/3
- Frost Movement Slow: 0%/0%/30%/45%
- Frost Attack Slow: 0/0/50/65
- Scepter Bonus Levels: 1

_The dormant dragon power springs forth from within Davion, combining the powers of a legendary knight with a legendary Eldwurm._

## Lore

After years on the trail of a legendary Eldwurm, the Knight Davion found himself facing a disappointing foe: the dreaded Slyrak had grown ancient and frail, its wings tattered, its few remaining scales stricken with scale-rot, its fangs ground to nubs, and its fire-gouts no more threatening than a pack of wet matchsticks. Seeing no honor to be gained in dragon-murder, Knight Davion prepared to turn away and leave his old foe to die in peace. But a voice crept into his thoughts, and Slyrak gave a whispered plea that Davion might honor him with death in combat. Davion agreed, and found himself rewarded beyond expectation for his act of mercy: As he sank his blade in Slyrak's breast, the dragon pierced Davion's throat with a talon. As their blood mingled, Slyrak sent his power out along the Blood Route, sending all its strength and centuries of wisdom to the knight. The dragon's death sealed their bond and Dragon Knight was born. The ancient power slumbers in the Dragon Knight Davion, waking when he calls it. Or perhaps it is the Dragon that calls the Knight...","",49,"","",1,0,"",1,"en",0,,,,,""
"hero_master",,"luna",1,"2026-07-29","hero_master","Luna","# Luna

Luna is an Agility hero with a ranged attack. Primary attribute: Agility. Attack type: Ranged. Roles: Carry, Nuker, Pusher.

## Roles

- **Carry** — scales with items and becomes the main damage dealer late game
- **Nuker** — deals large burst spell damage
- **Pusher** — pressures and destroys enemy towers quickly

## Base stats

- Primary attribute: Agility
- Attack type: Ranged
- Base Strength 21 (+2.2 per level)
- Base Agility 24 (+3.4 per level)
- Base Intelligence 23 (+1.9 per level)
- Health regen 0.5
- Mana regen 0
- Base armor 2
- Base damage 26-32
- Attack range 330
- Base attack time 100
- Attack point 0.35
- Projectile speed 900
- Move speed 325
- Vision 1800 day / 800 night

## Popularity

- Public games picked 384,060 times, won 192,407 (50.1% win rate)
- Professional games: 14 picks, 5 bans, 50.0% win rate

## Abilities

Luna has 5 abilities: Lucent Beam, Lunar Orbit, Moon Glaives, Lunar Blessing, Eclipse.

### Lucent Beam

Luna's ability **Lucent Beam**, type Active, targeting Unit Target, Magical damage.

Calls a beam of lunar energy down upon an enemy, damaging and briefly stunning them.

- Mana cost: 90/100/110/120
- Cooldown: 9/8/7/6
- Pierces spell immunity: No
- Dispellable: Strong Dispels Only
- Beam Damage: 75/150/225/300
- Stun Duration: 0.6
- Cast Range: 800
- Cast Time: 0.4

_Selemene smites those who encroach upon the Nightsilver Woods._

### Lunar Orbit

Luna's ability **Lunar Orbit**, type Active, targeting No Target, Instant Cast, Physical damage.

Creates 4 glaives that rotate 225 radius around Luna. Any enemy unit that collides with a glaive will take a percentage of Luna's Attack Damage.

- Mana cost: 65/70/75/80
- Cooldown: 40/35/30/25
- Pierces spell immunity: Yes
- Dispellable: No
- Duration: 5/6/7/8
- Rotating Glaives: 4
- Rotating Glaives Movement Radius: 225
- Rotating Glaives Movement Radius Expand Speed Scale: 4
- Collision Radius: 200
- Collision Damage: 28%/32%/36%/40%
- Rotating Glaives Speed: 160
- Damage Reduction: 8%/12%/16%/20%

_None may approach Selemene's chosen without favor from the goddess herself._

### Moon Glaives

Luna's ability **Moon Glaives**, type Passive, targeting Passive.

Empowers Luna's glaives, causing her attacks to bounce between enemy units. Deals less damage with each bounce.

- Pierces spell immunity: Yes
- Bounce Radius: 500
- Bounces: 3/4/5/6
- Damage Reduction Per Bounce: 50%/45%/40%/35%

_Carefully sharpened, Luna's boomerang-like weapon cuts a wide swath through enemy numbers._

### Lunar Blessing

Luna's ability **Lunar Blessing**, type Passive, targeting Passive, Hidden, innate.

Grants attack damage to Luna and nearby allied heroes within 1200 range, with Luna receiving double the attack damage bonuses. At night, Lunar Blessing is global, and Luna is blessed with bonus night vision.

- Pierces spell immunity: Yes
- Radius: 1200
- Bonus Night Vision: 225

_The Goddess of the Moon smiles upon her kin._

### Eclipse

Luna's ability **Eclipse**, type Active, targeting No Target, Magical damage.

Showers random nearby enemies with strikes from Luna's current level of Lucent Beam. These beams do not stun their targets, and there is a maximum number of times that a single target can be struck. Also turns day into night for a short time.

- Mana cost: 150/200/250
- Cooldown: 105
- Pierces spell immunity: No
- Dispellable: No
- Total Beams: 6/9/12
- Beam Interval: 0.6
- Beam Interval Scepter: 0.3
- Radius: 675
- Max Beams Per Unit: 5
- Eclipse Duration: 2.4/4.2/6
- Night Duration: 10
- Cast Time: 0.5

_In times of great need, Selemene herself descends into the world, blocking out the light and hope of the opposed._

## Lore

How had she been reduced to this? She was once the Scourge of the Plains, a merciless leader of men and beasts, and able to sow terror wherever she dared. Now she was far from her homeland, driven half mad from starvation and months of wandering, her army long dead or worse. As she stood at the edge of an ancient forest, a pair of glowing eyes spied on from an elder branch. Something beautiful and deadly sought a meal in the wilting dusk. Without a sound, it turned and left. Fury overtook her. Clutching a rust-eaten dagger, she charged after the beast determined to reclaim even a shred of her past glory, but her quarry would not be caught. Three times she cornered the creature among the rocks and trees, and three times she pounced only to witness its fading shadow darting further into the woods. Yet the full moon shone brightly, and the creature's trail was easy to follow. Arriving in a clearing atop a high hill, the beast's massive feline form sat in the open, attentive and waiting. When the woman brandished her dagger, the creature reared and roared and charged. Death, it seemed, had come for her at long last in this strange place. She stood, calm and ready. A flash of movement, and the beast snatched the dagger from her hand before vanishing into the forest. Stillness. Hooded figures approached. In reverent tones they revealed that Selemene, Goddess of the Moon, had chosen her, had guided her, had tested her. Unwittingly she had endured the sacred rites of the Dark Moon, warriors of the Nightsilver Woods. She was offered a choice: join the Dark Moon and pledge herself to the service of Selemene, or leave and never return. She did not hesitate. Embracing her absolution, she renounced her bloody past, and took up a new mantle as Luna of the Dark Moon, the dreaded Moon Rider, ruthless and ever-loyal guardian of the Nightsilver Woods.","",48,"","",1,0,"",1,"en",0,,,,,""
"hero_master",,"viper",1,"2026-07-29","hero_master","Viper","# Viper

Viper is an Agility hero with a ranged attack. Primary attribute: Agility. Attack type: Ranged. Roles: Carry, Durable, Initiator, Disabler.

## Roles

- **Carry** — scales with items and becomes the main damage dealer late game
- **Durable** — survives extended fights, high effective health
- **Initiator** — starts team fights on favourable terms
- **Disabler** — has stuns, silences or other crowd control

## Base stats

- Primary attribute: Agility
- Attack type: Ranged
- Base Strength 21 (+2.4 per level)
- Base Agility 21 (+2.9 per level)
- Base Intelligence 17 (+2 per level)
- Health regen 0.25
- Mana regen 0
- Base armor -2
- Base damage 27-29
- Attack range 575
- Base attack time 110
- Attack point 0.33
- Projectile speed 1200
- Move speed 275
- Vision 1800 day / 800 night

## Popularity

- Public games picked 313,591 times, won 151,906 (48.4% win rate)
- Professional games: 4 picks, 21 bans, 0.0% win rate

## Abilities

Viper has 6 abilities: Poison Attack, Nethertoxin, Corrosive Skin, Nosedive, Predator, Viper Strike.

### Poison Attack

Viper's ability **Poison Attack**, type Active, targeting Unit Target, Autocast, Attack Modifier, Magical damage.

Intensifies Viper's venom, adding an effect to his normal attack that applies a stacking movement speed slow and magic resistance deduction while dealing damage over time. Stacks up to 6 times.

- Mana cost: 20
- Cooldown: 0
- Pierces spell immunity: No
- Dispellable: Yes
- Duration: 4
- Damage Per Second: 4/8/12/16
- Move Slow: 3/6/9/12
- Magic Resistance: 4/6/8/10
- Max Stacks: 6
- Bonus Range: 25
- Cast Range: 600

_The Netherdrake's inborn toxic breath quickly drains the vitality of its afflicted._

### Nethertoxin

Viper's ability **Nethertoxin**, type Active, targeting Point Target, AOE, Magical damage.

Viper releases a Nethertoxin at the targeted area. Units in that area take an increasing damage over time based on how long they remain in it. Units in it have their attack speed slowed.

- Mana cost: 70
- Cooldown: 14
- Pierces spell immunity: No
- Min Dps: 15/25/35/45
- Max Dps: 35/65/95/125
- Max Dps Duration: 4
- Radius: 400
- Attack Speed Slow: 30/40/50/60
- Duration: 6.5/7/7.5/8
- Projectile Speed: 2400
- Cast Range: 900
- Cast Time: 0.2

_Poison from the Nether Reaches turns wounds into fatalities, and fatigue into death._

### Corrosive Skin

Viper's ability **Corrosive Skin**, type Passive, targeting Passive, Magical damage.

Viper exudes an infectious toxin that damages and slows the attack speed of any enemy that damages it in a 1200 radius. The acid exudate also increases Viper's resistance to magic.

- Pierces spell immunity: No
- Dispellable: Yes
- Duration: 4
- Attack Slow: 9/18/27/36
- Magic Resistance: 10/15/20/25
- Damage Per Second: 10/15/20/25
- Max Range Radius: 1200

_It is not unusual for sword and shield alike to corrode in the very hands of those who attack the Netherdrake._

### Nosedive

Viper's ability **Nosedive**, type Active, targeting Point Target, AOE, Magical damage.

Viper slams into the ground, releasing a Nethertoxin and splattering each enemy in a 500 AoE for 4 seconds with the effect of Corrosive Skin.

- Mana cost: 75
- Cooldown: 25
- Pierces spell immunity: No
- Dispellable: Yes
- Radius: 500
- Duration: 0.1
- Effect Duration: 4
- Dive Speed: 700
- Start Height: 100
- Cast Range: 700
- Cast Time: 0.1

_It was thought that Netherdrake wings touch ground only in death, but some surmise that those who've witnessed more intentional landings merely haven't survived to tell the tale._

### Predator

Viper's ability **Predator**, type Passive, targeting Passive, Physical damage, innate.

- Pierces spell immunity: No
- Dispellable: Yes
- Damage: 0.25

### Viper Strike

Viper's ability **Viper Strike**, type Active, targeting Unit Target, Magical damage.

Viper slows the targeted enemy unit's movement and attack speed while also disabling their passives and dealing poison damage over time. The slowing effect reduces over the duration of the poison.

- Mana cost: 100/150/200
- Cooldown: 50/40/30
- Pierces spell immunity: Yes
- Dispellable: No
- Duration: 6
- Damage Per Second: 70/110/150
- Move Slow: 60/70/80
- Attack Slow: 100/140/180
- Projectile Speed: 1500
- Max Charges: 2
- Charge Restore Time: 30
- Does Break: 1
- Cast Range: 750
- Cast Time: 0.2

_Once used to slay his sadistic summoner, the most powerful of Netherdrake infections spreads through the veins of those foolish enough to cross Viper._

## Lore

The malevolent familiar of a sadistic wizard who captured and hoped to tame him, Viper was curiously glad to have been sprung from the sealed and unchanging subterranean Nether Reaches where his race had lived for millions of years, after tectonic slippage had sealed off the Netherdrakes in luminous caverns. Viper spent some time appearing to submit to the wizard's enchainments, hoping to learn what he could of the dark magics the mage practiced. But he soon realized that few spells were as deadly as the toxins that were his birthright. Exuding an acid that swiftly ate away the bars of his cage, the Netherdrake slipped free of his confines, spit poison in the old spellcaster's eyes, and soared out to let the world know that it had a new master.","",47,"","",1,0,"",1,"en",0,,,,,""
"hero_master",,"templar-assassin",1,"2026-07-29","hero_master","Templar Assassin","# Templar Assassin

Templar Assassin is an Agility hero with a ranged attack. Primary attribute: Agility. Attack type: Ranged. Roles: Carry, Escape.

## Roles

- **Carry** — scales with items and becomes the main damage dealer late game
- **Escape** — has mobility to leave dangerous situations

## Base stats

- Primary attribute: Agility
- Attack type: Ranged
- Base Strength 21 (+2.4 per level)
- Base Agility 23 (+3.4 per level)
- Base Intelligence 20 (+2 per level)
- Health regen 0
- Mana regen 0
- Base armor 0
- Base damage 28-33
- Attack range 250
- Base attack time 100
- Attack point 0.3
- Projectile speed 1000
- Move speed 310
- Turn rate 0.7
- Vision 1800 day / 800 night

## Popularity

- Public games picked 152,355 times, won 70,115 (46.0% win rate)
- Professional games: 2 picks, 5 bans, 0.0% win rate

## Abilities

Templar Assassin has 7 abilities: Refraction, Meld, Psi Blades, Trap, Psionic Projection, Psionic Trap, Inner Peace.

### Refraction

Templar Assassin's ability **Refraction**, type Active, targeting No Target, Instant Cast, Physical damage.

Templar Assassin becomes highly elusive, gaining a small barrier and bonus to her damage. The damage and avoidance effects are separate, and have a limited number of instances. If a barrier is consumed, a new one is created as long as there are charges left. If an instance of damage would deal more damage than the remaining barrier, all of the damage is absorbed.

- Mana cost: 95
- Cooldown: 14
- Pierces spell immunity: Yes
- Dispellable: No
- Instances: 3/4/5/6
- Barrier Per Instance: 30
- Bonus Damage: 15/30/45/60
- Duration: 17

_Manipulating her psionic veil, Lanaya bends nature's law to her will._

### Meld

Templar Assassin's ability **Meld**, type Active, targeting No Target, Physical damage.

Templar Assassin conceals herself, becoming invisible as long as she remains still. If Meld's invisibility is broken by attacking an enemy, Lanaya's attack will deal bonus damage to the enemy and reduce their armor for 6 seconds. Bonus damage and armor reductions are applied to all enemies in the Psi Blades split range.

- Mana cost: 35/40/45/50
- Cooldown: 11/9/7/5
- Pierces spell immunity: Yes
- Dispellable: No
- Bonus Damage: 50/100/150/200
- Armor Reduction: -2/-4/-6/-8
- Armor Reduction Duration: 6

_Lanaya is as elusive as her covenant with the Hidden Temple._

### Psi Blades

Templar Assassin's ability **Psi Blades**, type Passive, targeting Passive, Pure damage.

Templar Assassin's psi blades slice through the attacked unit, splitting and damaging enemy units directly behind it, while gaining bonus attack range. For each unit it damages, the split damage is reduced by a percentage.

- Pierces spell immunity: Yes
- Bonus Attack Range: 50/100/150/200
- Psi Blade Range: 400/500/600/700
- Attack Spill Width: 90
- Split Amount: 70%/80%/90%/100%
- Meld Strike Spills: 1

_Her blades pierce the skin as much as the mind, furthering her understanding of the mystery that is reality._

### Trap

Templar Assassin's ability **Trap**, type Active, targeting No Target, Instant Cast.

Springs the trap nearest to Templar Assassin, slowing nearby enemies. 

If the ability is in alt-cast state, springs the trap that is closest to the mouse cursor.

- Mana cost: 0
- Cooldown: 0.5
- Pierces spell immunity: No
- Dispellable: Yes

### Psionic Projection

Templar Assassin's ability **Psionic Projection**, type Active, targeting Point Target, Hidden, Channeled.

CHANNELED - Allows Templar Assassin to teleport to any Psionic Trap after channeling for 2 seconds, detonating it upon arrival as if it was fully charged and instantly dealing 400 bonus damage. Channeling Psionic Projection does not break Meld.

- Mana cost: 50
- Cooldown: 10
- Extra Damage: 400
- Channel Time: 2
- Cast Time: 0.2

_In reward for her service, Lanaya has been granted access to secrets that unlock new techniques for her psionic gifts._

### Psionic Trap

Templar Assassin's ability **Psionic Trap**, type Active, targeting Point Target, Magical damage.

Templar Assassin places mystical traps that invisibly monitor enemy movement. When sprung at her command, they exert a slowing influence of 20% in a 400 radius. Trap movement slow charges up to 50% after 3.5 seconds. Deals damage after 3.5s.

- Mana cost: 15
- Cooldown: 11/8/5
- Pierces spell immunity: No
- Dispellable: Yes
- Trap Radius: 400
- Trap Duration: 5
- Max Traps: 5/8/11
- Trap Fade Time: 2
- Min Movement Slow: 20%
- Max Movement Slow: 50%
- Damage: 200/300/400
- Extra Damage: 400
- Damage Tick Rate: 0.5
- Trap Max Charge Duration: 3.5
- Cast Range: 1800
- Cast Time: 0.3

_Calling upon the reach of the Hidden Temple, none escape the eye of the Templar._

### Inner Peace

Templar Assassin's ability **Inner Peace**, type Passive, targeting Passive, innate.

When remaining stationary and not taking damage for 0.2s, Templar Assassin begins meditating, gaining health and mana regeneration, reaching the maximum bonus after 1.85s of meditating.

- Mana cost: 0
- Max Health Regen: 2.7
- Max Mana Regen: 2.2
- Time Until Meditation: 0.2
- Meditation Time Until Max Bonus: 1.85

## Lore

Lanaya, the Templar Assassin, came to her calling by a path of curious inquiry. Possessed of a scientific bent, she spent her early years engaged in meticulous study of nature's laws--peering into grimoires of magic and alchemy, recreating experiments from charred fragments of the Violet Archives, and memorizing observations of the Keen recordkeepers. Already quiet and secretive by nature, the difficulty of acquiring these objects further reinforced her skills of stealth. Had she been less retiring, she might have become notorious among the guilds as a thief-scholar. Instead her investigations led her into far more obscure corners. As she devoted her furtive talents to unlocking the secrets of the universe, she instead unlocked a secret door that exists in nature itself: the entryway to the most Hidden Temple. The intelligences that waited beyond that portal, proved to be expecting her, and whatever mysteries they revealed in the moment of their discovery was nothing compared to the answers they held out to Lanaya should she continue in their service. She swore to protect the mysteries, but more to the point, in service to the Hidden Temple she satisfies her endless craving for understanding. In the eyes of each foe she expunges, a bit more of the mystery is revealed.","",46,"","",1,0,"",1,"en",0,,,,,""
"hero_master",,"pugna",1,"2026-07-29","hero_master","Pugna","# Pugna

Pugna is an Intelligence hero with a ranged attack. Primary attribute: Intelligence. Attack type: Ranged. Roles: Nuker, Pusher.

## Roles

- **Nuker** — deals large burst spell damage
- **Pusher** — pressures and destroys enemy towers quickly

## Base stats

- Primary attribute: Intelligence
- Attack type: Ranged
- Base Strength 19 (+2 per level)
- Base Agility 21 (+1.3 per level)
- Base Intelligence 26 (+5.2 per level)
- Health regen 0.25
- Mana regen 0.5
- Base armor 0
- Base damage 21-28
- Attack range 630
- Base attack time 100
- Attack point 0.5
- Projectile speed 900
- Move speed 325
- Vision 1800 day / 800 night

## Popularity

- Public games picked 149,826 times, won 74,144 (49.5% win rate)

## Abilities

Pugna has 5 abilities: Nether Blast, Decrepify, Nether Ward, Oblivion Savant, Life Drain.

### Nether Blast

Pugna's ability **Nether Blast**, type Active, targeting AOE, Point Target, Magical damage.

An exploding pulse deals damage to enemies and structures in the area. Deals 65% damage to structures.

- Mana cost: 100/115/130/145
- Cooldown: 5
- Pierces spell immunity: No
- Structure Damage Mod: 65
- Blast Delay: 0.8
- Radius: 400
- Blast Damage: 95/170/245/320
- Cast Range: 600
- Cast Time: 0.2

_The Arts of Oblivion include a deafening blast of emerald flames from the Nether Reaches._

### Decrepify

Pugna's ability **Decrepify**, type Active, targeting Unit Target.

A powerful banishing spell that slows a unit and renders it unable to attack or be attacked. Healing on affected allies is increased, while afflicted enemies take extra magic damage instead.

- Mana cost: 80
- Cooldown: 16/13/10/7
- Pierces spell immunity: No
- Dispellable: Yes
- Ally Heal Amplification: 10%/15%/20%/25%
- Enemy Increased Magic Damage: -20%/-30%/-40%/-50%
- Enemy Move Slow: -45%/-50%/-55%/-60%
- Duration: 3.5
- Cast Range: 550/600/650/700
- Cast Time: 0.2

_A now-mastered relic from his childhood, Pugna delights in banishing others into the Nether Realm, whether for good, evil, or simple enjoyment._

### Nether Ward

Pugna's ability **Nether Ward**, type Active, targeting Point Target, Magical damage.

Pugna places a Nether Ward at the target location. The ward will fire at any enemy hero who casts a spell dealing base damage plus the damage multiplier of the mana spent by the enemy hero.

- Mana cost: 80
- Cooldown: 40
- Pierces spell immunity: No
- Ward Attack Range: 1400
- Base Damage: 50/70/90/110
- Damage Per Mana: 1/1.2/1.4/1.6
- Attacks To Destroy: 4
- Cast Range: 175
- Nether Ward Gold Bounty: 20/40/60/80
- Self Restoration Range: 1200
- Ward Duration: 21/24/27/30
- Cast Time: 0.2

_While at the lamasery for the Arts of Oblivion, Pugna learned to dominate his classmates with a simple ward charged with Nether magic._

### Oblivion Savant

Pugna's ability **Oblivion Savant**, type Passive, targeting Passive, innate.

Pugna can cast spells and use items while channeling.

Pugna receives 1.5% spell amplification per destroyed tower.

- Tower Scale: 1.5

### Life Drain

Pugna's ability **Life Drain**, type Active, targeting Unit Target, Channeled, Magical damage.

CHANNELED - When cast on an enemy, Pugna drains health from the target enemy unit to heal himself and granting vision over the target.

When cast on an ally, Pugna will drain his own health into his ally.

- Mana cost: 115/160/205
- Cooldown: 7
- Pierces spell immunity: No
- Dispellable: No
- Enemy Drain Per Second: 150/250/350
- Ally Drain/Heal Per Second: 150/250/350
- Tick Rate: 0.25
- Drain Buffer: 200
- Cast Range: 700
- Max Duration: 10
- Cast Time: 0.2

_Pugna has truly become more powerful than even the grandmaster of Oblivion._

## Lore

In the realm of Pugna's birth, near the vents of the Nether Reaches, there stood a lamasery devoted to the Arts of Oblivion, which drew its power from the nether energies. The Grandmaster of the temple compound had himself passed into Oblivion several years prior, leaving his academy without a leader. From the moment of their master's death, the regents of the temple began rites of divination to identify their master's reincarnation, and eventually all signs converged on the immediate neighborhood. Several villages squatted in the shadow of the temple, their alleys and plazas full of the laughter of squalling children. Pugna, a mere thirteen months of age, was but one candidate among the local brats, and on the appointed day he was presented at the temple alongside two other promising tots. The lamas offered a jumble of worn relics to the children, treasured possessions of their former grandmaster. One boy reached for a porphyry wand that had belonged to the lama...and put it in his nostril. An impish girl pulled out an amulet that had also been the lama's, and immediately swallowed it. Pugna regarded the other two coolly, gave a merry laugh, and blasted them with gouts of emerald flame, reducing them to ashes in an instant. He then snatched up the wand and amulet, saying 'Mine!' The regents hoisted the beaming Pugna on their shoulders, wrapped him in their grandmaster's vestments, and rushed him to the throne before his mood could change. Within five years, the temple itself was another pile of ash, which pleased Pugna to no end.","",45,"","",1,0,"",1,"en",0,,,,,""
"hero_master",,"phantom-assassin",1,"2026-07-29","hero_master","Phantom Assassin","# Phantom Assassin

Phantom Assassin is an Agility hero with a melee attack. Primary attribute: Agility. Attack type: Melee. Roles: Carry, Escape.

## Roles

- **Carry** — scales with items and becomes the main damage dealer late game
- **Escape** — has mobility to leave dangerous situations

## Base stats

- Primary attribute: Agility
- Attack type: Melee
- Base Strength 19 (+2 per level)
- Base Agility 21 (+3.4 per level)
- Base Intelligence 15 (+1.7 per level)
- Health regen 1
- Mana regen 0
- Base armor 1
- Base damage 35-37
- Attack range 150
- Base attack time 110
- Attack point 0.3
- Projectile speed 900
- Move speed 310
- Turn rate 0.8
- Vision 1800 day / 800 night

## Popularity

- Public games picked 545,483 times, won 277,333 (50.8% win rate)

## Abilities

Phantom Assassin has 6 abilities: Stifling Dagger, Phantom Strike, Blur, Fan of Knives, Immaterial, Coup de Grace.

### Stifling Dagger

Phantom Assassin's ability **Stifling Dagger**, type Active, targeting Unit Target, Physical damage.

Throws a dagger slowing the enemy unit's movement speed, dealing 65+30% of Phantom Assassin's attack damage as physical damage and applying attack effects from items and abilities.

- Mana cost: 30
- Cooldown: 6
- Dispellable: Yes
- Move Slow: -50%
- Dagger Speed: 1200
- Slow Duration: 2.1/2.4/2.7/3
- Base Damage: 65/70/75/80
- Attack Factor: -70/-55/-40/-25
- Attack Damage: 30%/45%/60%/75%
- Cast Range: 700/850/1000/1150
- Cast Time: 0.3

_The first skill learned by the Sisters of the Veil often signals an incoming hit._

### Phantom Strike

Phantom Assassin's ability **Phantom Strike**, type Active, targeting Unit Target.

Teleports to a unit, friendly or enemy, and grants bonus attack speed while attacking if it's an enemy unit.

- Mana cost: 35/40/45/50
- Cooldown: 0.1
- Pierces spell immunity: Yes
- Dispellable: Yes
- Bonus Attack Speed: 80/120/160/200
- Duration: 3
- Cast Range: 650/750/850/950
- Creep Lifesteal Penalty: 40
- Charge Restore Time: 21/18/15/12
- Cast Time: 0.25
- Max Charges: 2

_Mortred's silken veil is the last thing her unfortunate target sees._

### Blur

Phantom Assassin's ability **Blur**, type Active, targeting No Target, innate.

Phantom Assassin blurs her body, disjointing incoming projectiles, increasing her movement speed, causing her to be impossible to see until she comes near enemy heroes or towers.

- Mana cost: 50
- Cooldown: 45
- Dispellable: No
- Duration: 30
- Vanish Radius: 500
- Vanish Buffer: 0.8
- Bonus Movement Speed: 9.5%
- Cast Range: 500
- Cast Time: 0.3

_Meditation allows a Veiled Sister to carefully anticipate her opponents in combat._

### Fan of Knives

Phantom Assassin's ability **Fan of Knives**, type Active, targeting No Target, Hidden, Physical damage.

Phantom Assassin releases sharp blades around her, dealing a percentage of each victim's max health on impact and applying Break.

- Mana cost: 80
- Cooldown: 14
- Pierces spell immunity: Yes
- Dispellable: No
- Max Health Damage: 30%
- Pct Health Damage: 2
- Degen: -50
- Break Duration: 4
- Radius: 550
- Projectile Speed: 1000
- Max Damage Initial: -1
- Cast Time: 0.15

_A sister is generally given a single name, but powerful names often have plentiful allies._

### Immaterial

Phantom Assassin's ability **Immaterial**, type Passive, targeting Passive.

Phantom Assassin focuses inward, increasing her ability to evade enemy attacks.

Stacks diminishingly with other sources of Evasion.

- Bonus Evasion: 25%/35%/45%/55%

### Coup de Grace

Phantom Assassin's ability **Coup de Grace**, type Passive, targeting Passive.

Phantom Assassin refines her combat abilities, acquiring a chance of gaining Deadly Focus with each attack. When attacking with Deadly Focus, Phantom Assassin will consume the buff and guarantee a critical hit. Stifling Dagger has a bonus chance to cause Deadly Focus.

- Pierces spell immunity: Yes
- Chance Of Deadly Focus: 17%
- Dagger Chance Of Deadly Focus: 34%
- Critical Damage: 200%/325%/450%
- Deadly Focus Duration: 6/8/10

_A divine strike, Mortred honors her opponent by choosing them for death._

## Lore

Through a process of divination, children are selected for upbringing by the Sisters of the Veil, an order that considers assassination a sacred part of the natural order. The Veiled Sisters identify targets through meditation and oracular utterances. They accept no contracts, and never seem to pursue targets for political or mercenary reasons. Their killings bear no relation to any recognizable agenda, and can seem to be completely random: A figure of great power is no more likely to be eliminated than a peasant or a well digger. Whatever pattern the killings may contain, it is known only to them. They treat their victims as sacrifices, and death at their hand is considered an honor. Raised with no identity except that of their order, any Phantom Assassin can take the place of any other; their number is not known. Perhaps there are many, perhaps there are few. Nothing is known of what lies under the Phantom Veil. Except that this one, from time to time, when none are near enough to hear, is known to stir her veils with the forbidden whisper of her own name: Mortred.","",44,"","",1,0,"",1,"en",0,,,,,""
"hero_master",,"death-prophet",1,"2026-07-29","hero_master","Death Prophet","# Death Prophet

Death Prophet is an Universal hero with a ranged attack. Primary attribute: Universal. Attack type: Ranged. Roles: Carry, Pusher, Nuker, Disabler.

## Roles

- **Carry** — scales with items and becomes the main damage dealer late game
- **Pusher** — pressures and destroys enemy towers quickly
- **Nuker** — deals large burst spell damage
- **Disabler** — has stuns, silences or other crowd control

## Base stats

- Primary attribute: Universal
- Attack type: Ranged
- Base Strength 21 (+2.9 per level)
- Base Agility 17 (+2 per level)
- Base Intelligence 24 (+3 per level)
- Health regen 0.25
- Mana regen 0.5
- Base armor 1
- Base damage 22-32
- Attack range 600
- Base attack time 100
- Attack point 0.5
- Projectile speed 1000
- Move speed 290
- Turn rate 0.8
- Vision 1800 day / 800 night

## Popularity

- Public games picked 155,567 times, won 73,493 (47.2% win rate)

## Abilities

Death Prophet has 5 abilities: Crypt Swarm, Silence, Spirit Siphon, Witchcraft, Exorcism.

### Crypt Swarm

Death Prophet's ability **Crypt Swarm**, type Active, targeting Unit Target, Point Target, Magical damage.

Sends a swarm of winged beasts to savage enemy units in front of Death Prophet.

- Mana cost: 80/90/100/110
- Cooldown: 9/8/7/6
- Pierces spell immunity: No
- Damage: 100/175/250/325
- Start Radius: 110
- End Radius: 300
- Cast Range: 900
- Speed: 1100
- Cast Range: 900
- Cast Time: 0.2

_Krobelus' many trips to the grave gather a flock of the damned._

### Silence

Death Prophet's ability **Silence**, type Active, targeting AOE, Point Target.

Fires a projectile that prevents enemy units in a target area from casting spells.

- Mana cost: 80/90/100/110
- Cooldown: 15/14/13/12
- Pierces spell immunity: No
- Dispellable: Yes
- Radius: 450
- Projectile Speed: 1750
- Cast Range: 900
- Duration: 3.5/4/4.5/5
- Cast Time: 0.2

_Peering into the veil of her opponent's demise, Krobelus sees a silent future._

### Spirit Siphon

Death Prophet's ability **Spirit Siphon**, type Active, targeting Unit Target, Magical damage.

Creates a spirit link between Death Prophet and an enemy unit, draining health from the enemy.

- Mana cost: 60
- Cooldown: 0
- Pierces spell immunity: No
- Dispellable: No
- Damage: 25/50/75/100
- Duration: 6
- Siphon Buffer: 250
- Charge Restore Time: 40
- Cast Range: 500
- Cast Time: 0.1
- Max Charges: 1/2/3/4

### Witchcraft

Death Prophet's ability **Witchcraft**, type Passive, targeting Passive, Hidden, innate.

- Movement Speed Pct: 0.5

### Exorcism

Death Prophet's ability **Exorcism**, type Active, targeting No Target, Physical damage.

Unleashes evil spirits to drain the life of nearby enemy units and structures. Spirits need to return back to Death Prophet in order to attack again. At the end of the spell's duration, Death Prophet is healed in proportion to the damage dealt. Deals 50% damage to buildings. Lasts 40 seconds.

- Mana cost: 200/300/400
- Cooldown: 150
- Pierces spell immunity: Yes
- Dispellable: No
- Radius: 700
- Spirits: 10/18/26
- Spirit Speed: 525
- Max Distance: 2000
- Give Up Distance: 1200
- Min Damage: 62/65/68
- Max Damage: 68/71/74
- Life Drain: 25%
- Spirit Damage: 65/68/71
- Ghost Spawn Rate: 0.25
- Duration: 40
- Cast Time: 0.5

_Over time, the banshee remnants of her previous lives return to haunt the present._

## Lore

Krobelus was a Death Prophet--which is one way of saying she told fortunes for the wealthiest of those who wished to look beyond the veil. But after years of inquiring on behalf of others, she began to seek clues on her own fate. When death refused to yield its secrets, she tried to buy them with her life. But the ultimate price proved insufficient. Death disgorged her again and again, always holding back its deepest mysteries. Her jealousy grew. Others could die for eternity--why not she? Why must she alone be cast back on the shores of life with such tiresome regularity? Why was she not worthy of the one thing all other living creatures took for granted? Still, she would not be discouraged. Each time she returned from the grave, she brought a bit of death back with her. Wraiths followed her like fragments of her shattered soul; her blood grew thin and ectoplasmic; the feasting creatures of twilight took her for their kin.. She gave a little of her life with every demise, and it began to seem as if her end was in sight. With her dedication to death redoubled, and no client other than herself, Krobelus threw herself ever more fervently into death's abyss, intent on fulfilling the one prophecy that eluded her: That someday the Death Prophet would return from death no more.","",43,"","",1,0,"",1,"en",0,,,,,""
"hero_master",,"skeleton-king",1,"2026-07-29","hero_master","Wraith King","# Wraith King

Wraith King is a Strength hero with a melee attack. Primary attribute: Strength. Attack type: Melee. Roles: Carry, Support, Durable, Disabler, Initiator.

## Roles

- **Carry** — scales with items and becomes the main damage dealer late game
- **Support** — protects allies, buys utility items and controls vision
- **Durable** — survives extended fights, high effective health
- **Disabler** — has stuns, silences or other crowd control
- **Initiator** — starts team fights on favourable terms

## Base stats

- Primary attribute: Strength
- Attack type: Melee
- Base Strength 22 (+2.8 per level)
- Base Agility 16 (+1.7 per level)
- Base Intelligence 16 (+1.6 per level)
- Health regen 0.5
- Mana regen 0
- Base armor 0
- Base damage 38-40
- Attack range 150
- Base attack time 100
- Attack point 0.56
- Move speed 310
- Vision 1800 day / 800 night

## Popularity

- Public games picked 469,824 times, won 256,721 (54.6% win rate)

## Abilities

Wraith King has 5 abilities: Wraithfire Blast, Bone Guard, Mortal Strike, Vampiric Spirit, Reincarnation.

### Wraithfire Blast

Wraith King's ability **Wraithfire Blast**, type Active, targeting Unit Target, Magical damage.

Wraith King sears an enemy unit with spectral fire, dealing damage and stunning, then dealing damage over time and slowing the target.

- Mana cost: 95/110/125/140
- Cooldown: 14/12/10/8
- Pierces spell immunity: No
- Dispellable: Strong Dispels Only
- Blast Speed: 1200
- Stun Duration: 1/1.2/1.4/1.6
- Slow Duration: 2
- Movement Slow: -20%
- Impact Damage: 80/100/120/140
- Damage Per Second: 20/40/60/80
- Cast Range: 525
- Cast Time: 0.35

_Ostarion calls on his damned lineage, laying waste to his opponents._

### Bone Guard

Wraith King's ability **Bone Guard**, type Active, targeting No Target, Physical damage.

Gains a Charge for every 2 creeps killed and 2 charges per hero killed. Activate to spend all charges, summoning skeletons that respawn once when killed. Skeletons benefit from Vampiric Spirit's lifesteal.

- Mana cost: 70/80/90/100
- Cooldown: 42
- Pierces spell immunity: Yes
- Skeleton Duration: 40
- Max Charges: 2/4/6/8
- Spawn Interval: 0.25
- Reincarnate Time: 3
- Gold Bounty: 5
- Xp Bounty: 5
- Skeleton Damage: 34/39/43/49
- Talent Skeleton Damage: 0/5/10/15
- Skeleton Building Damage Reduction: 35%
- Skeleton Hero Bonus Damage: 25%
- Skeleton Charges Per Hero Multiplier: 4
- Cast Time: 0.1

_Wraith King's blade drains his enemy's essence to feed his aura._

### Mortal Strike

Wraith King's ability **Mortal Strike**, type Passive, targeting Passive.

Wraith King passively deals bonus damage on an attack with a cooldown.

- Cooldown: 5
- Pierces spell immunity: Yes
- Critical Damage: 160%/200%/240%/280%
- Wraith Cd Mult: 1

_One blow to crush a foe._

### Vampiric Spirit

Wraith King's ability **Vampiric Spirit**, type Passive, targeting Passive, innate.

Grants Wraith King Lifesteal. When slain Wraith King turns into a free pathing Wraith with Bonus Attack and Movement Speed for a short duration, delaying his death. Wraith King cannot reincarnate after being a Wraith.

- Lifesteal: 20%
- Wraith Duration: 4.25
- Bonus Attack Speed: 55
- Bonus Move Speed: 20%

### Reincarnation

Wraith King's ability **Reincarnation**, type Active, targeting Unit Target.

Wraith King's form regroups after death, allowing him to resurrect when killed in battle. Upon death, enemy units in a 600 radius are slowed. Skeletons spawn and attack each nearby enemy hero. Can be self-cast to kill Wraith King instantly.

- Mana cost: 220/110/0
- Cooldown: 180/150/120
- Pierces spell immunity: No
- Dispellable: Yes
- Reincarnation Time: 3
- Slow Radius: 600
- Movement Slow: -75%
- Attack Speed Slow: -75
- Slow Duration: 4
- Skeleton Count Per Hero: 2/3/4

_Conspirators against the Wraith King wonder why he never stays dead._

## Lore

For untold years, King Ostarion built a kingdom from the remains of his enemies. It was an obsessive's errand, done to pass the long eternities of a monarchy that seemed fated never to end. He believed that as long as he built up the towers of his palace, he could not die. But eventually he learned that he had been deluded... that bone itself could perish. Deeply mistrustful of flesh, he sought a more permanent way of extending his reign, and at last settled on pursuit of wraith energy, a form of pure spirit given off by certain dark souls at death. Should he infuse himself with Wraith Essence, he thought he might create a body as luminous and eternal as his ego. On the millennial solstice known as Wraith-Night, he submitted to a rite of transformation, compelling his subjects to harvest enough souls to fuel his ambition for immortality. No one knows how many of his champions died, for the only survivor who mattered was the Wraith King who rose with the sun on the following morn. Now he rarely spends a moment on his glowing throne--but strides out with sword drawn, demanding a fealty that extends far beyond death.","",42,"","",1,0,"",1,"en",0,,,,,""
"hero_master",,"faceless-void-h",1,"2026-07-29","hero_master","Faceless Void","# Faceless Void

Faceless Void is an Agility hero with a melee attack. Primary attribute: Agility. Attack type: Melee. Roles: Carry, Initiator, Disabler, Escape, Durable.

## Roles

- **Carry** — scales with items and becomes the main damage dealer late game
- **Initiator** — starts team fights on favourable terms
- **Disabler** — has stuns, silences or other crowd control
- **Escape** — has mobility to leave dangerous situations
- **Durable** — survives extended fights, high effective health

## Base stats

- Primary attribute: Agility
- Attack type: Melee
- Base Strength 20 (+2.6 per level)
- Base Agility 24 (+3.3 per level)
- Base Intelligence 15 (+1.5 per level)
- Health regen 1
- Mana regen 0
- Base armor 0
- Base damage 34-40
- Attack range 150
- Base attack time 100
- Attack point 0.5
- Projectile speed 900
- Move speed 300
- Turn rate 0.9
- Vision 1800 day / 800 night

## Popularity

- Public games picked 376,773 times, won 186,175 (49.4% win rate)
- Professional games: 4 picks, 1 ban, 25.0% win rate

## Abilities

Faceless Void has 6 abilities: Time Walk, Time Dilation, Time Lock, Reverse Time Walk, Distortion Field, Chronosphere.

### Time Walk

Faceless Void's ability **Time Walk**, type Active, targeting Point Target.

Rushes to a target location while backtracking any damage taken the last 2 seconds.

- Mana cost: 40
- Cooldown: 21/16/11/6
- Pierces spell immunity: Yes
- Speed: 3000
- Range: 650/700/750/800
- Backtrack Duration: 2
- Dodge Chance Pct: 100
- Cast Time: 0.3

_Darkterror tears a hole in time, passing through Claszureme, and appearing back in an instant._

### Time Dilation

Faceless Void's ability **Time Dilation**, type Active, targeting No Target, Magical damage.

Faceless Void envelops nearby enemies with time dilating fields to slow cooldown progression of their abilities. Each enveloped enemy gains one Time Dilation stack when applied, and one stack per ability they have on cooldown. Each stack deals damage per second and slows movement and attack speed. The duration is paused while affected by Chronosphere.

- Mana cost: 90
- Cooldown: 28/24/20/16
- Pierces spell immunity: No
- Dispellable: Yes
- Radius: 700
- Duration: 7/8/9/10
- Movement Slow Per Stack: 4%/5%/6%/7%
- Attack Slow Per Stack: 4/5/6/7
- Cooldown Progression Slow: 30%/40%/50%/60%
- Bonus Dps Per Stack: 4/6/8/10
- Cast Time: 0.1

### Time Lock

Faceless Void's ability **Time Lock**, type Passive, targeting Passive, Magical damage.

Adds the chance for an attack to lock an enemy unit in time while attacking it a second time.

- Pierces spell immunity: Yes
- Dispellable: Strong Dispels Only
- Duration: 0.5
- Duration Creep: 0.5
- Chance: 12%/16%/20%/24%
- Bonus Damage: 18/22/26/30
- Delay: 0.4

_The strike of the Faceless Void lands with dimension shifting force._

### Reverse Time Walk

Faceless Void's ability **Reverse Time Walk**, type Active, targeting No Target, Hidden.

Available for 1.5 seconds after landing Time Walk. If used in this period, you will reverse your time walk back to your previous cast location. Does not affect health or proc scepter hits.

- Mana cost: 0
- Cooldown: 0.5
- Pierces spell immunity: Yes
- Buff Duration: 3000
- Speed: 3000

_It's all relative._

### Distortion Field

Faceless Void's ability **Distortion Field**, type Passive, targeting Passive, innate.

Enemy Attack Projectiles targetting Faceless Void or allied heroes within a 1200 radius of him get slowed by 40%, when they get within 500 distance of their target.

- Attack Projectile Slow: 40
- Slow Distance Max: 500
- Friendly Hero Distance: 1200

### Chronosphere

Faceless Void's ability **Chronosphere**, type Active, targeting AOE, Point Target.

Creates a blister in spacetime, trapping all units caught in its sphere of influence and causes you to move very quickly inside it. Only Faceless Void and any units he controls are unaffected. Invisible enemies in the sphere will be revealed.

- Mana cost: 125/200/275
- Cooldown: 155/145/135
- Pierces spell immunity: Yes
- Dispellable: No
- Radius: 500
- Duration: 3.75/4.25/4.75
- Vision Radius: 475
- Cast Range: 500
- Cast Time: 0.35

_When a rift opens to Claszureme, all poor souls caught within will likely never return._

## Lore

Darkterror the Faceless Void is a visitor from Claszureme, a realm outside of time. It remains a mystery why this being from another dimension believes the struggle for the Nemesis Stones is worth entering our physical plane, but apparently an upset in the balance of power in this world has repercussions in adjacent dimensions. Time means nothing to Darkterror, except as a way to thwart his foes and aid his allies. His long-view of the cosmos has given him a remote, disconnected quality, although in battle he is quite capable of making it personal.","",41,"","",1,0,"",1,"en",0,,,,,""
"hero_master",,"venomancer",1,"2026-07-29","hero_master","Venomancer","# Venomancer

Venomancer is an Universal hero with a ranged attack. Primary attribute: Universal. Attack type: Ranged. Roles: Support, Nuker, Initiator, Pusher, Disabler.

## Roles

- **Support** — protects allies, buys utility items and controls vision
- **Nuker** — deals large burst spell damage
- **Initiator** — starts team fights on favourable terms
- **Pusher** — pressures and destroys enemy towers quickly
- **Disabler** — has stuns, silences or other crowd control

## Base stats

- Primary attribute: Universal
- Attack type: Ranged
- Base Strength 19 (+2.1 per level)
- Base Agility 25 (+2.8 per level)
- Base Intelligence 19 (+1.8 per level)
- Health regen 0.25
- Mana regen 0
- Base armor 0
- Base damage 18-21
- Attack range 450
- Base attack time 115
- Attack point 0.3
- Projectile speed 900
- Move speed 280
- Vision 1800 day / 800 night

## Popularity

- Public games picked 289,331 times, won 136,862 (47.3% win rate)

## Abilities

Venomancer has 5 abilities: Venomous Gale, Snakebite, Plague Ward, Poison Sting, Noxious Plague.

### Venomous Gale

Venomancer's ability **Venomous Gale**, type Active, targeting AOE, Point Target, Magical damage.

Launches a ball of venom in a line, poisoning enemy units so that they take both initial damage and damage over time, as well as suffering slowed movement. Venomous Gale deals damage every 3 seconds over its duration.

- Mana cost: 95/105/115/125
- Cooldown: 21/20/19/18
- Pierces spell immunity: No
- Dispellable: Yes
- Cast Range: 800
- Duration: 15
- Initial Damage: 25/50/75/100
- Damage Per Tick: 10/40/70/100
- Tick Interval: 3
- Slow: -35%/-40%/-45%/-50%
- Radius: 125
- Projectile Speed: 1200

_A concoction of various stings, poisons, and toxins gathered from the jungles of Jidi Isle, victims surviving it are rare._

### Snakebite

Venomancer's ability **Snakebite**, type Active, targeting Unit Target, Magical damage.

Venomancer summons a Spawn of Aktok to sink its fangs into a target, dealing magic damage and applying a toxin that does damage every second. When the target attacks while infected, they take the initial damage again.

- Mana cost: 70/80/90/100
- Cooldown: 20/18/16/14
- Dispellable: Yes
- Initial Damage: 40/60/80/100
- Damage Per Second: 10/20/30/40
- Duration: 6
- Damage Interval: 0.5
- Cast Range: 600
- Cast Time: 0.2

### Plague Ward

Venomancer's ability **Plague Ward**, type Active, targeting Point Target, Physical damage.

Summons a plague ward to attack enemy units and structures. The ward is immune to magic. Wards gain the Poison Sting level from Venomancer, dealing 50% of the full damage.

- Mana cost: 24/26/28/30
- Cooldown: 5
- Pierces spell immunity: Yes
- Gold Bounty Pct: 100
- Duration: 40
- Ward Multiplier: 1
- Ward Model Scale: 1
- Ward Hp: 150/250/350/450
- Ward Damage: 16/24/32/40
- Cast Range: 850

_A mixture of his old herbalist talents and newfound toxic mastery creates a living embodiment of plague._

### Poison Sting

Venomancer's ability **Poison Sting**, type Passive, targeting Passive, Hidden, Magical damage, innate.

Venomancer's attacks slow enemies and deal damage over time.

- Pierces spell immunity: No
- Dispellable: Yes
- Duration: 4.5
- Damage Per Second: 9
- Movement Slow: 8%

_The paralytic sting of the creature which caused his transformation now belongs to the Venomancer._

### Noxious Plague

Venomancer's ability **Noxious Plague**, type Active, targeting Unit Target, Magical damage.

Infects an enemy with a plague that does damage on application then slows the target and deals damage over time based on their maximum health. When the debuff ends for any reason, all debuffs from Venomancer on the initial target and the plague are spread to nearby targets. Additional spreads beyond the first do not deal impact damage.

- Mana cost: 200/250/300
- Cooldown: 100/90/80
- Pierces spell immunity: No
- Duration: 4
- Initial Damage: 150/200/250
- Max Health Damage: 2%/3%/4%
- Damage Tick Rate: .25
- Debuff Time Transfer: 100
- Slow: 50%
- Spread Radius: 700
- Spread Count: 2
- Impact Damage Reduce: 100
- Projectile Speed: 1200
- Cast Range: 900
- Cast Time: 0.15

_Deep in the heart of the jungles of Jidi, the seeds of extermination freely grow._

## Lore

In the Acid Jungles of Jidi Isle, poison runs in the veins and bubbles in the guts of every creature that scuttles, climbs or swoops between fluorescent vines dripping with caustic sap. Yet even in this toxic menagerie, Venomancer is acknowledged as the most venomous. Ages ago, an Herbalist named Lesale crossed the Bay of Fradj by coracle, searching for potent essences that might be extracted from bark and root, and found instead a nightmare transformation. Two leagues into Jidi's jungle, Lesale encountered a reptile camouflaged as an epiphyte, which stung him as he mistakenly plucked it. In desperation, he used his partial knowledge of the jungle's herbal bounty, mixing the venom of the (swiftly throttled) reptile with the nectar of an armored orchid, to compound an antidote. In the moments before a black paralysis claimed him completely, he injected himself by orchid-thorn, and instantly fell into a coma. Seventeen years later, something stirred in the spot where he had fallen, throwing off the years' accumulation of humus: Venomancer. Lesale the Herbalist no longer--but Lesale the Deathbringer. His mind was all but erased, and his flesh had been consumed and replaced by a new type of matter--one fusing the venom of the reptile with the poisonous integument of the orchid. Jidi's Acid Jungles knew a new master, one before whom even the most vicious predators soon learned to bow or burrow for their lives. The lurid isle proved too confining, and some human hunger deep in the heart of the Venomancer drove Lesale out in search of new poisons--and new deaths to bring.","",40,"","",1,0,"",1,"en",0,,,,,""
"hero_master",,"queenofpain",1,"2026-07-29","hero_master","Queen of Pain","# Queen of Pain

Queen of Pain is an Intelligence hero with a ranged attack. Primary attribute: Intelligence. Attack type: Ranged. Roles: Carry, Nuker, Escape.

## Roles

- **Carry** — scales with items and becomes the main damage dealer late game
- **Nuker** — deals large burst spell damage
- **Escape** — has mobility to leave dangerous situations

## Base stats

- Primary attribute: Intelligence
- Attack type: Ranged
- Base Strength 20 (+2.4 per level)
- Base Agility 22 (+2.5 per level)
- Base Intelligence 25 (+3.4 per level)
- Health regen 0.25
- Mana regen 0
- Base armor 0
- Base damage 26-32
- Attack range 550
- Base attack time 100
- Attack point 0.56
- Projectile speed 1500
- Move speed 290
- Vision 1800 day / 800 night

## Popularity

- Public games picked 384,365 times, won 178,651 (46.5% win rate)
- Professional games: 4 picks, 3 bans, 75.0% win rate

## Abilities

Queen of Pain has 5 abilities: Shadow Strike, Blink, Scream Of Pain, Succubus, Sonic Wave.

### Shadow Strike

Queen of Pain's ability **Shadow Strike**, type Active, targeting Unit Target, Magical damage.

Hurls a poisoned dagger which deals large initial damage, and then deals damage over time. The poisoned unit has its movement speed slowed for 16 seconds. An instance of damage is dealt every 3 seconds.

- Mana cost: 100/110/120/130
- Cooldown: 11/9/7/5
- Pierces spell immunity: No
- Dispellable: Yes
- Initial Damage: 50/80/110/140
- Damage Per Tick: 20/40/60/80
- Movement Slow: -25%/-35%/-45%/-55%
- Projectile Speed: 900
- Damage Interval: 3
- Duration: 16
- Cast Range: 450/500/550/600
- Cast Time: 0.3

_Akasha's envenomed dagger allows her to delight in the drawn out suffering of her victims._

### Blink

Queen of Pain's ability **Blink**, type Active, targeting Point Target.

Short distance teleportation that allows Queen of Pain to move in and out of combat.

- Mana cost: 65
- Cooldown: 12/10/8/6
- Min Blink Range: 200
- Cast Range: 1075/1150/1225/1300
- Cast Time: 0.33

_The Secret Queen lives up to her title, making her pain impossible to escape._

### Scream Of Pain

Queen of Pain's ability **Scream Of Pain**, type Active, targeting No Target, Magical damage.

The Queen of Pain lets loose a piercing scream around her, damaging nearby enemies.

25% of the damage dealt to heroes is reflected back to her.

- Mana cost: 120
- Cooldown: 7.5/7/6.5/6
- Pierces spell immunity: No
- Radius: 600
- Projectile Speed: 900
- Damage: 90/175/260/345
- Damage Reflected To Self: 25

_The sultry voice of Akasha beckons her opponents while stealing their souls._

### Succubus

Queen of Pain's ability **Succubus**, type Passive, targeting Passive, innate.

All sources of Spell Lifesteal also apply to Pure Damage. Queen of Pain gains Spell Lifesteal that increases with proximity to her enemies. Lifesteal is at its maximum when the enemy is 150 units or closer to her and at its minimum when the enemy is 800 units or further from her.

- Minimum Lifesteal: 2%
- Close Radius: 150
- Max Radius: 800
- Maximum Lifesteal: 14%

### Sonic Wave

Queen of Pain's ability **Sonic Wave**, type Active, targeting Point Target, Pure damage.

Creates a gigantic wave of sound in front of Queen of Pain, dealing heavy damage to all enemy units in its wake and pushing them back.

- Mana cost: 250/400/550
- Cooldown: 110/95/80
- Pierces spell immunity: Yes
- Starting Aoe: 100
- Distance: 900
- Wave Max Radius: 450
- Speed: 900
- Damage: 325/475/625
- Tick Rate: 0.1
- Knockback Distance: 350
- Knockback Duration: 1.4
- Cast Range: 700
- Cast Time: 0.452

_Her most exquisite of all of torments, Akasha's Sonic Wave puts her poor foes out of their misery._

## Lore

The Ecclesiast-King of Elze nursed a desire for pain--forbidden pain. In a less prominent political figure, such desires might be considered unwise, but in a monarch of his stature, to satisfy such thirsts would have threatened the virtue of the Divine Throne itself. Therefore he turned to his dungeon full of demonologists, promising freedom to whoever could summon a personal succubus of torment and bind it entirely to his service. The creature who arrived, Akasha by name, visited upon him such exquisite torments that he named her his Secret Queen, and he began to spend all his spare moments submitting to her clever torments--eventually abdicating all his responsibilities in his pursuit of the painful pleasures that only she could bring. Queen of Pain could bring him to the brink of death, but she was rune-bound to keep him alive. At last the King's neglect of state brought on an uprising. He was dragged from his chamber and hurled from the Tower of Invocations, and at the moment of death, Queen of Pain was let loose into the world, freed from servitude--freed to visit her sufferings on anyone she deigned to notice.","",39,"","",1,0,"",1,"en",0,,,,,""
"hero_master",,"beastmaster",1,"2026-07-29","hero_master","Beastmaster","# Beastmaster

Beastmaster is an Universal hero with a melee attack. Primary attribute: Universal. Attack type: Melee. Roles: Initiator, Disabler, Durable, Nuker.

## Roles

- **Initiator** — starts team fights on favourable terms
- **Disabler** — has stuns, silences or other crowd control
- **Durable** — survives extended fights, high effective health
- **Nuker** — deals large burst spell damage

## Base stats

- Primary attribute: Universal
- Attack type: Melee
- Base Strength 25 (+2.9 per level)
- Base Agility 19 (+2 per level)
- Base Intelligence 16 (+1.9 per level)
- Health regen 0.25
- Mana regen 0
- Base armor -1
- Base damage 23-27
- Attack range 150
- Base attack time 100
- Attack point 0.3
- Move speed 305
- Vision 1800 day / 800 night

## Popularity

- Public games picked 118,812 times, won 52,742 (44.4% win rate)
- Professional games: 11 picks, 16 bans, 45.5% win rate

## Abilities

Beastmaster has 6 abilities: Wild Axes, Summon Razorback, Summon Raptors, Inner Beast, Drums of Slom, Primal Roar.

### Wild Axes

Beastmaster's ability **Wild Axes**, type Active, targeting Point Target, Magical damage.

Beastmaster sends his axes flying and calls them home again, slicing through enemy units and trees along their path. Each axe can hit an enemy once, and amplifies subsequent damage from Beastmaster and his units.

- Mana cost: 65
- Cooldown: 8
- Pierces spell immunity: No
- Dispellable: Yes
- Radius: 175
- Spread: 450
- Cast Range: 1500
- Damage Per Axe: 40/80/120/160
- Debuff Duration: 10/11/12/13
- Damage Amp Per Stack: 5%/6%/7%/8%
- Min Throw Duration: 0.4
- Max Throw Duration: 1
- Cast Range: 1500
- Cast Time: 0.3

_While learning to maneuver in nature alone, the Beastmaster also mastered the use of a pair of tomahawks, adept at cutting down trees as well as adversaries._

### Summon Razorback

Beastmaster's ability **Summon Razorback**, type Active, targeting No Target, Physical damage.

Beastmaster calls forth a Boar to aid in the battlefield. The Boar has a passive poison attack that slows attack and movement speeds.

- Mana cost: 60
- Cooldown: 30
- Summon Duration: 60
- Boar Base Health: 300/450/600/750
- Boar Base Damage: 24/41/58/75
- Boar Attack Damage: 24/41/58/75
- Boar Base Xp Bounty: 60/70/80/90
- Boar Base Movespeed: 320/330/340/350
- Boar Slow: 10%/18%/26%/34%
- Boar Poison Duration: 3
- Cast Time: 0.3

_After befriending the strange beast of his childhood, Beastmaster has learned to call to animals in times of need._

### Summon Raptors

Beastmaster's ability **Summon Raptors**, type Active, targeting No Target, Magical damage.

Beastmaster summons 2 hawks that circle around Beastmaster and dive-bombs at enemies with a base attack rate of every 4s, damaging and rooting them. Attack rate increases with the Hawk's attack speed. Prioritizes heroes.

- Mana cost: 50
- Cooldown: 30
- Summon Duration: 25
- Hawk Spawn Interval: 0.75
- Hawk Base Health: 200/325/450/625
- Hawk Base Gold Bounty: 30/40/50/60
- Hawk Base Vision Range: 600/650/700/750
- Hawk Base Xp Bounty: 40/50/60/70
- Hawk Base Magic Resistance: 30%/40%/50%/60%
- Attack Radius: 500
- Hawk Count: 2
- Dive Damage: 60/95/130/165
- Root Duration: 0.4/0.6/0.8/1
- Roaming Radius: 280
- Roaming Seconds Per Rotation: 4
- Hawk Base Attack Interval: 4
- Min Move Speed: 455
- Max Move Speed: 1100
- Cast Time: 0.3

_After befriending the strange beast of his childhood, Beastmaster has learned to call to animals in times of need._

### Inner Beast

Beastmaster's ability **Inner Beast**, type Passive, targeting Passive, Hidden, innate.

Untaps the inner fury of Beastmaster and units he controls, passively increasing their attack speed.

- Pierces spell immunity: Yes
- Radius: 1200
- Bonus Attack Speed: 7

_Beastmaster's ability to incite the innate strength of animals was seen in the mauling of the king of Slom._

### Drums of Slom

Beastmaster's ability **Drums of Slom**, type Passive, targeting Passive, Magical damage.

Attacks from Beastmaster or a nearby unit he controls will cause him bang his drum, dealing damage to nearby units and healing Beastmaster and units under his control for a portion of the damage dealt. Every attack decreases the interval between drum hits down to a minimum of 0.5s between hits after 20 attacks. If no attacks are made, the intervals gradually increase.

Using Primal Roar counts as 10 attacks.

- Pierces spell immunity: No
- Dispellable: No
- Damage Radius: 525
- Attacks For Shortest Interval: 20
- Stack Decay Time: 1
- Shortest Drum Interval: 0.5
- Longest Drum Interval: 3
- Drum Hit Damage: 70
- Heal From Heroes: 20%
- Creep Damage Pct: 100
- Heal From Creeps: 5%
- Aura Radius: 1200
- Primal Roar Stacks: 10

_Nature's rage is timeless, and for those who know the secrets, it's easy to stir the echoes of ire that rejoiced in the downfall of Slom._

### Primal Roar

Beastmaster's ability **Primal Roar**, type Active, targeting Unit Target, Magical damage.

Beastmaster lets loose a deafening roar that stuns, and shoves open a path to its target. All units in the path of the roar are damaged, while units shoved aside by the roar have their movement and attack speed slowed. Additionally, Beastmaster and his units gain 40% movement speed for 2 seconds.

- Mana cost: 100/125/150
- Cooldown: 90/75/60
- Pierces spell immunity: Yes
- Dispellable: Strong Dispels Only
- Stun Duration: 3/3.5/4
- Damage: 150/225/300
- Side Damage: 150/225/300
- Shout Width: 300
- Movement Slow: -60%
- Attack Slow: -60
- Push Distance: 450
- Push Duration: 1
- Slow Duration: 3/3.5/4
- Movement Speed: 40
- Movement Speed Duration: 2
- Cast Range: 600
- Cast Time: 0.5

_The Beastmaster has learned to channel his primal instincts into an animalistic roar, causing devastation in the ranks of enemies._

## Lore

Karroch was born a child of the stocks. His mother died in childbirth; his father, a farrier for the Last King of Slom, was trampled to death when he was five. Afterward Karroch was indentured to the king's menagerie, where he grew up among all the beasts of the royal court: lions, apes, fell-deer, and things less known, things barely believed in. When the lad was seven, an explorer brought in a beast like none before seen. Dragged before the King in chains, the beast spoke, though its mouth moved not. Its words: a plea for freedom. The King only laughed and ordered the beast perform for his amusement; and when it refused, struck it with the Mad Scepter and ordered it dragged to the stocks. Over the coming months, the boy Karroch sneaked food and medicinal draughts to the wounded creature, but only managed to slow its deterioration. Wordlessly, the beast spoke to the boy, and over time their bond strengthened until the boy found he could hold up his end of a conversation. He could, in fact, speak now to all the creatures of the King's menagerie. On the night the beast died, a rage came over the boy. He incited the animals of the court to rebel and threw open their cages to set them amok on the palace grounds. The Last King was mauled in the mayhem. In the chaos, one regal stag bowed to the boy who had freed him; and with Beastmaster astride him, leapt the high walls of the estate, and escaped. Now a man, Karroch the Beastmaster has not lost his ability to converse with wild creatures. He has grown into a warrior at one with nature's savagery.","",38,"","",1,0,"",1,"en",0,,,,,""
"hero_master",,"warlock",1,"2026-07-29","hero_master","Warlock","# Warlock

Warlock is an Intelligence hero with a ranged attack. Primary attribute: Intelligence. Attack type: Ranged. Roles: Support, Initiator, Disabler.

## Roles

- **Support** — protects allies, buys utility items and controls vision
- **Initiator** — starts team fights on favourable terms
- **Disabler** — has stuns, silences or other crowd control

## Base stats

- Primary attribute: Intelligence
- Attack type: Ranged
- Base Strength 22 (+2.4 per level)
- Base Agility 10 (+1 per level)
- Base Intelligence 25 (+3.1 per level)
- Health regen 0.25
- Mana regen 0
- Base armor 1
- Base damage 27-37
- Attack range 600
- Base attack time 90
- Attack point 0.3
- Projectile speed 1200
- Move speed 300
- Vision 1800 day / 800 night

## Popularity

- Public games picked 253,065 times, won 124,245 (49.1% win rate)
- Professional games: 3 picks, 0 bans, 66.7% win rate

## Abilities

Warlock has 5 abilities: Fatal Bonds, Shadow Word, Upheaval, Eldritch Summoning, Chaotic Offering.

### Fatal Bonds

Warlock's ability **Fatal Bonds**, type Active, targeting Unit Target.

Binds several visible enemy units together, causing a percentage of the damage dealt to one of them to be felt by the others.

- Mana cost: 120/130/140/150
- Cooldown: 42/34/26/18
- Pierces spell immunity: No
- Dispellable: Yes
- Enemies Bound: 6
- Shared Damage: 15%/18%/21%/24%
- Duration: 18
- Bind Radius: 700
- Cast Range: 1000
- Cast Time: 0.2

_An ancient incantation that links the vital energies of multiple lifeforms into one collective body._

### Shadow Word

Warlock's ability **Shadow Word**, type Active, targeting Unit Target, Magical damage.

Warlock whispers an incantation, casting a spell on a unit that makes it deal damage to nearby enemy units and heal nearby ally units. Target Unit will also heal or be damaged depending on whether they are ally or enemy.

- Mana cost: 110/120/130/140
- Cooldown: 15/14/13/12
- Pierces spell immunity: No
- Dispellable: Yes
- Heal/Damage: 15/25/35/45
- Duration: 10
- Tick Interval: 0.5
- Effect Radius: 225
- Cast Range: 650/700/750/800
- Cast Time: 0.2

_Demnok's arcane arts have a myriad of uses, allowing them to be powerful friendly enchantments or damaging curses._

### Upheaval

Warlock's ability **Upheaval**, type Active, targeting Point Target, Channeled, AOE, Magical damage.

CHANNELED - A powerful slowing and damaging current that grows stronger as it's channeled. Lasts up to 10 seconds. Enemies are slowed for 1 second after leaving the area or the spell ends.

- Mana cost: 100
- Cooldown: 45/40/35/30
- Pierces spell immunity: No
- Dispellable: Yes
- Radius: 575/600/625/650
- Slow Per Second: 11%/14%/17%/20%
- Duration: 1
- Max Slow: 55%/70%/85%/100%
- Damage Per Second: 10
- Max Damage: 35/60/85/110
- Damage Tick Interval: 1
- Imps Interval: 2
- Minor Imp Duration: 15
- Cast Range: 800
- Max Channel Duration: 10/12/14/16
- Cast Time: 0.4

_Demnok manipulates space-time, impairing entire armies._

### Eldritch Summoning

Warlock's ability **Eldritch Summoning**, type Passive, targeting Passive, Magical damage, innate.

Whenever an enemy unit dies while afflicted by one or more of Warlock's abilities, a minor imp is summoned that lasts for 15 seconds and explodes on death. Imps will automatically seek out nearby units, favoring fatally bonded heroes, and will explode when reaching their prey.

- Pierces spell immunity: No
- Dispellable: Yes
- Minor Imp Duration: 15
- Imp Health: 5
- Explosion Damage: 20
- Imp Speed: 297
- Tooltip Imp Explode Radius: 400

### Chaotic Offering

Warlock's ability **Chaotic Offering**, type Active, targeting Point Target, AOE.

Summons a Golem from the depths, stunning enemies for 0.8 seconds. The Golem lives 60 seconds, takes reduced damage from spells, has increased Slow Resistance, has Permanent Immolation and Flaming Fists on attack.

- Mana cost: 200/400/600
- Cooldown: 165
- Pierces spell immunity: Yes
- Dispellable: Strong Dispels Only
- Golem Duration: 60
- Stun Duration: 0.8
- Summon Blast Radius: 600
- Golem Health: 1500/2250/3000
- Golem Damage: 100/150/200
- Golem Armor: 8/12/14
- Golem Movement Speed: 320/340/360
- Golem Health Regen: 25/50/75
- Golem Gold Bounty: 100/150/200
- Stun Delay: 0.5
- Golem Armor: 8/12/14
- Golem Slow Resistance: 60%
- Cast Range: 900
- Cast Time: 0.5

_Demnok unleashes the captive spirit in his Dreadwood staff, causing destruction in enemy ranks._

## Lore

As Chief Curator and Head of Acquisitions for the Arcane Archives of the Ultimyr Academy, Demnok Lannik was tireless in his pursuit of lost, rare and forbidden tomes. No cursed temple was so foreboding, no cavern path so treacherous, that any concern for his own survival could dissuade him from entering if rumors hinted that some pamphlet of primordial lore might still survive in its depths. However, so often did his investigations trigger the wrath of protector entities, that he finally found it necessary to master the arts of magic. He bent himself to learning sorcery with the same thorough obsessiveness that marked his quest for incunabula, becoming the most powerful Warlock of the Academy in less time than most practitioners required to complete a course of undergraduate work. Almost as an afterthought, he carved a staff of Dreadwood and summoned into it a captive spirit from the Outer Hells. And anticipating the day when he will have recovered every last lost spellbook, he has commenced writing his own Black Grimoire. It will undoubtedly be instructive.","",37,"","",1,0,"",1,"en",0,,,,,""
"hero_master",,"necrolyte",1,"2026-07-29","hero_master","Necrophos","# Necrophos

Necrophos is an Intelligence hero with a ranged attack. Primary attribute: Intelligence. Attack type: Ranged. Roles: Carry, Nuker, Durable, Disabler.

## Roles

- **Carry** — scales with items and becomes the main damage dealer late game
- **Nuker** — deals large burst spell damage
- **Durable** — survives extended fights, high effective health
- **Disabler** — has stuns, silences or other crowd control

## Base stats

- Primary attribute: Intelligence
- Attack type: Ranged
- Base Strength 18 (+2.3 per level)
- Base Agility 12 (+1.3 per level)
- Base Intelligence 23 (+2.7 per level)
- Health regen 0.25
- Mana regen 0
- Base armor 2
- Base damage 26-30
- Attack range 500
- Base attack time 100
- Attack point 0.3
- Projectile speed 1200
- Move speed 280
- Vision 1800 day / 800 night

## Popularity

- Public games picked 619,790 times, won 325,326 (52.5% win rate)
- Professional games: 14 picks, 43 bans, 50.0% win rate

## Abilities

Necrophos has 6 abilities: Death Pulse, Ghost Shroud, Heartstopper Aura, Death Seeker, Sadist, Reaper's Scythe.

### Death Pulse

Necrophos's ability **Death Pulse**, type Active, targeting No Target, Magical damage.

Necrophos releases a wave of death around him, dealing damage to enemy units and healing allied units.

- Mana cost: 115/130/145/160
- Cooldown: 8/7/6/5
- Radius: 500
- Heal: 70/90/110/130
- Projectile Speed: 400

_Poor souls who succumb to Rotund'jere's plagues are recycled for future use._

### Ghost Shroud

Necrophos's ability **Ghost Shroud**, type Active, targeting No Target, Instant Cast.

Necrophos slips into the realm that separates the living from the dead. Unable to attack or be attacked, he emits an aura that slows enemies around him. He takes additional magic damage in this form, but his restorative powers are amplified.

- Mana cost: 75
- Cooldown: 28/24/20/16
- Pierces spell immunity: No
- Dispellable: Yes
- Duration: 3/3.5/4/4.5
- Restoration Amplification: 55%/65%/75%/85%
- Movement Slow: 16%/19%/22%/25%
- Slow Radius: 700
- Increased Magic Damage: -20%

_Rotund'jere uses the souls of his victims as bridge from life to afterlife._

### Heartstopper Aura

Necrophos's ability **Heartstopper Aura**, type Passive, targeting Passive, Magical damage.

Necrophos stills the hearts of his opponents, causing nearby enemy units to lose a percentage of their max health over time.

- Pierces spell immunity: Yes
- Dispellable: No
- Radius: 700
- Health Decay: 0.8%/1.3%/1.8%/2.3%

_Those who come within a short distance of Necrophos can feel pestilence and plague in the air._

### Death Seeker

Necrophos's ability **Death Seeker**, type Active, targeting Unit Target, Hidden, Magical damage.

Necrophos turns into a large Death Pulse towards the target unit's position. Once it arrives to the location, the Death Pulse spreads towards nearby enemies and allies.

- Mana cost: 160
- Cooldown: 19
- Pierces spell immunity: No
- Dispellable: Yes
- Projectile Multiplier: 175
- Ethereal Duration: 2.5
- Magic Resistance Reduction: 25
- Cast Range: 750
- Cast Time: 0.2

_The Rumusque Faithful consider Necrophos to be more plague than person._

### Sadist

Necrophos's ability **Sadist**, type Passive, targeting Passive, Hidden, innate.

Necrophos gains stacking regen for 8 seconds for each unit he kills. Hero kills multiply the effect.

- Hp/Mana Regen: 3.7
- Hero Kill Multiplier: 6
- Duration: 8

### Reaper's Scythe

Necrophos's ability **Reaper's Scythe**, type Active, targeting Unit Target, Magical damage.

Stuns the target enemy hero, then deals damage based on how much life it is missing. If Necrophos kills an enemy this way, he'll permanently gain Health and Mana Regen. Any kill under this effect is credited to Necrophos.

- Mana cost: 250/375/500
- Cooldown: 100
- Pierces spell immunity: No
- Dispellable: No
- Damage Per Missing Hp: 0.7/0.8/0.9
- Stun Duration: 1.5
- Hp Regen: 1/2/3
- Mana Regen: 1/2/3
- Cast Range: 600
- Cast Time: 0.45

_The amount of death and suffering in the air increases the power of Necrophos's plague magic._

## Lore

In a time of great plague, an obscure monk of dark inclinations, one Rotund'jere, found himself promoted to the rank of Cardinal by the swift death of all his superiors. While others of the order went out to succor the ill, the newly ordained cardinal secluded himself within the Cathedral of Rumusque, busily scheming to acquire the property of dying nobles, promising them spiritual rewards if they signed over their terrestrial domains. As the plague receded to a few stubborn pockets, his behavior came to the attention of the greater order, which found him guilty of heresy and sentenced him to serve in the plague ward, ensorcelled with spells that would ensure him a slow and lingering illness. But they had not counted on his natural immunity. Rotund'jere caught the pox, but instead of dying, found it feeding his power, transforming him into a veritable plague-mage, a Pope of Pestilence. Proclaiming himself Necrophos, he travels the world, spreading plague wherever he goes, and growing in terrible power with every village his pestilential presence obliterates.","",36,"","",1,0,"",1,"en",0,,,,,""
"hero_master",,"sniper",1,"2026-07-29","hero_master","Sniper","# Sniper

Sniper is an Agility hero with a ranged attack. Primary attribute: Agility. Attack type: Ranged. Roles: Carry, Nuker.

## Roles

- **Carry** — scales with items and becomes the main damage dealer late game
- **Nuker** — deals large burst spell damage

## Base stats

- Primary attribute: Agility
- Attack type: Ranged
- Base Strength 19 (+2 per level)
- Base Agility 27 (+3.2 per level)
- Base Intelligence 15 (+2.6 per level)
- Health regen 0.25
- Mana regen 0
- Base armor 0
- Base damage 13-19
- Attack range 550
- Base attack time 100
- Attack point 0.17
- Projectile speed 3000
- Move speed 285
- Turn rate 0.7
- Vision 1800 day / 1400 night

## Popularity

- Public games picked 783,474 times, won 392,147 (50.1% win rate)
- Professional games: 2 picks, 2 bans, 50.0% win rate

## Abilities

Sniper has 6 abilities: Shrapnel, Headshot, Take Aim, Concussive Grenade, Keen Scope, Assassinate.

### Shrapnel

Sniper's ability **Shrapnel**, type Active, targeting AOE, Point Target, Magical damage.

Consumes a charge to launch a ball of shrapnel that showers the target area in explosive pellets. Enemies are subject to damage and slowed movement. Reveals the targeted area. Shrapnel charges restore every 35 seconds.

- Mana cost: 75
- Cooldown: 0
- Pierces spell immunity: No
- Dispellable: No
- Charge Restore Time: 35
- Movement Slow: -12%/-18%/-24%/-30%
- Radius: 400/425/450/475
- Damage: 30/45/60/75
- Duration: 10
- Damage Delay: 1.2
- Slow Duration: 2
- Max Charges: 3
- Cast Range: 1800
- Cast Time: 0.3

_Kardel's modular rifle also fires incendiary rounds, useful for assaulting entrenched locations._

### Headshot

Sniper's ability **Headshot**, type Passive, targeting Passive, Physical damage.

Sniper increases his accuracy, giving him a chance to deal 20 extra damage and knock back his enemies. Knockback distance increases based on how close the enemy is to Sniper. Headshots briefly slow enemy movement and attack speed by -100%.

- Pierces spell immunity: No
- Damage: 20/50/80/110
- Chance: 40%
- Max Knockback Distance: 50
- Slow: -100
- Slow Duration: 0.2/0.3/0.4/0.5

_Taking potshots at steepstalkers in his childhood has been thoroughly refined into perfect leads on enemy combatants._

### Take Aim

Sniper's ability **Take Aim**, type Active, targeting No Target.

Passively increases Sniper's attack range by 160.

On cast, Sniper gains increased vision, Headshot chance, and attack range. Slows you by 65% for the duration and restricts your vision to a frontal cone.

- Mana cost: 50
- Cooldown: 20/18/16/14
- Dispellable: Yes
- Duration: 3
- Slow: 65
- Headshot Chance: 100%
- Active Bonus Attack Range: 75/150/225/300
- Passive Attack Range Bonus: 160/240/320/400
- Bonus Vision: 500/750/1000/1250
- View Restrict: 140

_Kardel always takes it upon himself to stay as far from harm as he can while still performing his role - taking perfect aim._

### Concussive Grenade

Sniper's ability **Concussive Grenade**, type Active, targeting Point Target, AOE, Magical damage.

Launches a grenade at the target area, dealing damage to enemies and knocking them and Sniper back. Enemies affected are disarmed and have their movement slowed after the knockback.

- Mana cost: 50
- Cooldown: 10
- Pierces spell immunity: No
- Dispellable: Yes
- Damage: 200
- Cast Range: 600
- Radius: 375
- Move Slow: 50%
- Slow Duration: 3
- Knockback Height: 100
- Knockback Distance: 475
- Knockback Duration: 0.4
- Self Push: 1
- Cast Time: 0.1

_ATTN: IN CASE OF DANGER PULL PIN_

### Keen Scope

Sniper's ability **Keen Scope**, type Passive, targeting Passive, innate.

Sniper’s attacks deal bonus damage for every 100 units of distance Sniper is from the target.

- Bonus Damage: 1.50%
- Bonus Damage Distance: 100

### Assassinate

Sniper's ability **Assassinate**, type Active, targeting Unit Target, Magical damage.

Sniper locks onto a target enemy unit and, after a short aiming duration, fires a devastating shot that deals Sniper's attack damage plus bonus damage at long range and mini-stuns the target. Whenever Sniper kills an enemy hero, Assassinate is refreshed.

- Mana cost: 175
- Cooldown: 20/15/10
- Pierces spell immunity: No
- Dispellable: No
- Damage: 300/400/500
- Projectile Speed: 2500
- Cooldown Reduction On Kill: 0/5/10
- Attack Factor Tooltip: 100
- Cast Range: 3000
- Aim Duration: 2

_In order to fulfill the prophecy and return to his home town, Kardel must make another shot as perfect as the one on the day of his ancient test._

## Lore

Kardel Sharpeye was born deep in the mountains of Knollen where, since time immemorial, Keen Folk have survived by hunting the strange, cliff-dwelling steepstalkers above their village, shooting them from a distance and collecting the carcasses where they fell. Sharpeye was among the best of these strange mountain keens for whom projectile weapons are but another appendage, and to shoot is as natural as to touch. On his day of summoning, when he was to gain full standing in his village, Sharpeye took the ancient test: a single shot from the valley floor to strike a beast down from the cliffs. To miss was to be dishonored. With his entire village standing vigil, Sharpeye took his shot. A steepstalker fell; the crowd cheered. But when the carcass was collected, the village grew silent, for the elders found that the bullet had pierced its glittering central eye then fallen to be clenched in the steepstalker's mandibles. This ominous sign was the literal opening of a dark prophecy, foretelling both greatness and exile for the gunman who made such a shot. Sharpeye the Sniper was thus, by his own skill, condemned to make his way apart from his people--and unwelcome back among them until he has fulfilled the remainder of the prophecy by attaining legendary stature on a field of battle.","",35,"","",1,0,"",1,"en",0,,,,,""
"hero_master",,"tinker",1,"2026-07-29","hero_master","Tinker","# Tinker

Tinker is an Intelligence hero with a ranged attack. Primary attribute: Intelligence. Attack type: Ranged. Roles: Carry, Nuker, Pusher.

## Roles

- **Carry** — scales with items and becomes the main damage dealer late game
- **Nuker** — deals large burst spell damage
- **Pusher** — pressures and destroys enemy towers quickly

## Base stats

- Primary attribute: Intelligence
- Attack type: Ranged
- Base Strength 19 (+2.3 per level)
- Base Agility 17 (+1.4 per level)
- Base Intelligence 30 (+3.3 per level)
- Health regen 0.5
- Mana regen 0.5
- Base armor 2
- Base damage 22-28
- Attack range 500
- Base attack time 100
- Attack point 0.35
- Projectile speed 900
- Move speed 305
- Vision 1800 day / 800 night

## Popularity

- Public games picked 195,396 times, won 90,865 (46.5% win rate)
- Professional games: 1 picks, 3 bans, 0.0% win rate

## Abilities

Tinker has 7 abilities: Laser, March of the Machines, Deploy Turrets, Warp Flare, Keen Conveyance, Rearm, Eureka!.

### Laser

Tinker's ability **Laser**, type Active, targeting Unit Target, Pure damage.

Fires an intense energy beam, damaging and blinding the target. Blinded targets miss all physical attacks.

- Mana cost: 95/105/115/125
- Cooldown: 19/18/17/16
- Pierces spell immunity: No
- Dispellable: Yes
- Blind Miss Rate: 100%
- Blind Duration: 3/3.5/4/4.5
- Laser Damage: 75/150/225/300
- Splash Pct: 100
- Cast Range: 600
- Cast Time: 0.4

_Boush perfected this rock cutting laser in his subterranean laboratory, never considering its combat utility._

### March of the Machines

Tinker's ability **March of the Machines**, type Active, targeting AOE, Point Target, Magical damage.

Enlists an army of robotic minions to destroy enemy units in an area around Tinker.

- Mana cost: 100/120/140/160
- Cooldown: 35/33/31/29
- Pierces spell immunity: No
- Radius: 900
- Collision Radius: 50
- Splash Radius: 150
- Duration: 6
- Speed: 400
- Machines Per Sec: 24
- Distance: 1800
- Damage: 13/22/31/40
- Cast Range: 300
- Cast Time: 0.53

_Even though the laboratory has since been sealed off, the ability to radio in robotic drones is still in working order._

### Deploy Turrets

Tinker's ability **Deploy Turrets**, type Active, targeting Point Target, AOE, Magical damage.

- Mana cost: 100/120/140/160
- Cooldown: 24/22/20/18
- Pierces spell immunity: No
- Drop Aoe Radius: 250
- Turret Placement Radius: 70
- Cast Delay: 0.5
- Drop Knockback Duration: 0.1
- Drop Knockback Duration Tinker: 0.3
- Enemy Knockback: 100
- Tinker Knockback: 400
- Drop Count: 1
- Drop Interval: 0.22
- Drop Spread Pct: 100
- Turrets Per Drop: 3
- Impact Damage: 40/80/120/160
- Missile Damage: 20/40/60/80
- Missile Speed: 1350
- Turret Hp: 40/80/120/160
- Turret Range: 650/700/750/800
- Missile Range: 750/800/850/900
- Missile Width: 70
- Turret Duration: 4.5
- Attack Interval: 1.5
- Missile Attack Rate Tooltip: 20
- Missile Splash Radius: 200
- Missile Splash Damage: 50%

### Warp Flare

Tinker's ability **Warp Flare**, type Active, targeting Unit Target, Hidden, Magical damage.

Throws a flare towards an enemy, dealing damage, teleporting them away, rooting them and reducing their Cast and Attack Range for 2 seconds.

The target is teleported further the closer they are to Tinker.

- Mana cost: 80
- Cooldown: 15
- Pierces spell immunity: No
- Dispellable: Yes
- Damage: 150
- Max Distance: 2000
- Warp Distance Factor: 0.6
- Warp Distance Pct Tooltip: 60
- Cast/Attack Range Reduction: 40%
- Debuff Duration: 2
- Cast Range: 700
- Cast Time: 0.2

_Tinker's deadliest weapon instantly turns an enemy into space dust. Research to resolve the annoying 'perfect copy' side effect... is ongoing._

### Keen Conveyance

Tinker's ability **Keen Conveyance**, type Active, targeting Point Target, Channeled.

CHANNELED - Teleport to a target friendly structure. Level 2 allows teleporting to friendly units and Level 3 to friendly heroes.

- Mana cost: 75
- Cooldown: 50
- Minimun Distance: 70
- Maximum Distance: 800
- Vision Radius: 200
- Channel Time: 3
- Channel Time: 3
- Additional Starting Cooldown: 20
- Creep Teleport Level: 2
- Hero Teleport Level: 3
- Outpost Channel Time: 4
- Jungle Outpost Channel Time: 4

_As Boush likes to say, 'There is nothing the arcane can accomplish that the curious mind cannot reproduce given time. And proper funding, of course.'_

### Rearm

Tinker's ability **Rearm**, type Active, targeting No Target, Channeled.

CHANNELED - Resets the cooldown on Tinker's abilities.

- Mana cost: 100/150/200
- Cooldown: 5.5/5/4.5
- Time To Rearm: 2.75/2/1.25

_A new battery here, another set of rockets there, Boush continually improves on existing technology._

### Eureka!

Tinker's ability **Eureka!**, type Passive, targeting Passive, innate.

Tinker gains 1% item cooldown reduction per 3 Intelligence, up to a maximum of 60%.

- Int Per One Cdr: 3
- One Percent Tooltip: 1
- Max Cdr: 60

## Lore

Boush the Tinker's diminutive race is known for its intelligence, its cunning, and its prickly relationship with magic. As a matter of pride, they survive by their wits, and use only those powers of nature that may be unlocked through rational methodologies. Even this forbearance has led to a great deal of trouble, as Boush can attest. Once a key investigator of natural law, Boush the Tinker led a vast intellectual investigation into the workings of nature, founding a subterranean laboratory in the rumored, mist-wreathed wastes of the Violet Plateau. While scorning mages for the dangers they visit upon the world, Boush and his Tinker associates haughtily wrenched open a portal to some realm beyond comprehension and ushered in some nightmares of their own. A black mist rose from the cavernous interior of the Violet Plateau, shrouding it in permanent darkness from which sounds of horror perpetually emanate. Boush escaped with only his wits and the contraptions he carried, the sole Tinker to survive the Violet Plateau Incident.","",34,"","",1,0,"",1,"en",0,,,,,""
"hero_master",,"enigma",1,"2026-07-29","hero_master","Enigma","# Enigma

Enigma is an Universal hero with a ranged attack. Primary attribute: Universal. Attack type: Ranged. Roles: Disabler, Initiator, Pusher.

## Roles

- **Disabler** — has stuns, silences or other crowd control
- **Initiator** — starts team fights on favourable terms
- **Pusher** — pressures and destroys enemy towers quickly

## Base stats

- Primary attribute: Universal
- Attack type: Ranged
- Base Strength 21 (+2.5 per level)
- Base Agility 14 (+1 per level)
- Base Intelligence 19 (+3.6 per level)
- Health regen 0.25
- Mana regen 0.5
- Base armor 1
- Base damage 19-25
- Attack range 500
- Base attack time 100
- Attack point 0.4
- Projectile speed 900
- Move speed 280
- Vision 1800 day / 800 night

## Popularity

- Public games picked 142,333 times, won 70,384 (49.5% win rate)
- Professional games: 2 picks, 9 bans, 100.0% win rate

## Abilities

Enigma has 5 abilities: Malefice, Demonic Summoning, Midnight Pulse, Event Horizon, Black Hole.

### Malefice

Enigma's ability **Malefice**, type Active, targeting Unit Target, Magical damage.

Focuses Enigma's power on a target, causing it to take damage and become repeatedly stunned for multiple instances. An instance strikes every 2 seconds.

- Mana cost: 100/110/120/130
- Cooldown: 20/18/16/14
- Pierces spell immunity: No
- Dispellable: Yes
- Tick Rate: 2
- Stun Duration: 0.3/0.5/0.7/0.9
- Shard Bonus Stun Duration Tooltip: 0.30
- Damage Per Instance: 55/70/85/100
- Instances: 3
- Cast Range: 450/500/550/600
- Cast Time: 0.3

_Strange gravities pull at the core of those who would oppose you, holding them in place._

### Demonic Summoning

Enigma's ability **Demonic Summoning**, type Active, targeting Point Target, Physical damage.

Summons three fragments of Enigma himself at the cost of health. The eidolons health is increased by 3% of Enigma's current health. These eidolons are all under Enigma's control, and repeated successful attacks cause them to multiply. When this happens, the eidolons have their health restored.

- Mana cost: 70/80/90/100
- Cooldown: 45/40/35/30
- Spawn Count: 3
- Attacks To Multiply: 6
- Eidolon Hp: 180/200/220/240
- Life Extension: 2
- Eidolon Damage: 16/28/40/52
- Eidolon Damage Spread: 4
- Eidelon Base Movespeed: 280/310/340/370
- Creep Max Level: 4
- Eidolon Magic Resistance: 30%/40%/50%/60%
- Eidolon Attack Range: 425/450/475/500
- Allied Damage Pct: 45
- Self Modelscale: -40
- Spawn Offset: 100
- Current Health Pct: 3
- Eidolon Xp Bounty: 10
- Eidolon Gold Bounty Min: 17
- Eidolon Gold Bounty Max: 20
- Non Splitting Bounty Reduction: 50
- Damage Threshold: 375
- Damage Reset Interval: 7
- Cast Range: 400
- Duration: 40
- Cast Time: 0.3

_Enigma is capable of drawing aspects of himself from other dimensions - the result is a trio of dark eidolons that hunt the corporeal plane._

### Midnight Pulse

Enigma's ability **Midnight Pulse**, type Active, targeting AOE, Point Target, Magical damage.

Steeps an area in dark resonance, dealing 5 + a percentage of the enemies current HP as damage.

- Mana cost: 65/90/115/140
- Cooldown: 40/35/30/25
- Pierces spell immunity: Yes
- Radius: 600
- Base Damage: 5/10/15/20
- Current Health As Damage: 4%/6%/8%/10%
- Duration: 9/10/11/12
- Tick Rate: 0.5
- Cast Range: 700
- Cast Time: 0.1

_A section of the world slowly descends into the void._

### Event Horizon

Enigma's ability **Event Horizon**, type Passive, targeting Passive, Hidden, innate.

Units in a 600 radius moving away from Enigma have a movespeed penalty.

- Dispellable: No
- Radius: 600
- Movement Slow: 5%
- Vision Cone: 0.08715

### Black Hole

Enigma's ability **Black Hole**, type Active, targeting AOE, Point Target, Channeled, Pure damage.

CHANNELED - Summons a vortex that sucks in nearby enemy units. Enemies affected by Black Hole cannot move, attack, or cast spells.

- Mana cost: 300/400/500
- Cooldown: 180/170/160
- Pierces spell immunity: Yes
- Damage Per Second: 100/150/200
- Radius: 420
- Pull Speed: 30
- Tick Rate: 0.1
- Duration: 4
- Vision Radius: 800
- Pull Rotate Speed: 0.25
- Animation Rate: 0.2
- Cast Range: 275
- Channel Time: 4
- Cast Time: 0.3

_The ground trembles as Enigma channels his ultimate vortex of destruction, a singularity with the power to end worlds._

## Lore

Nothing is known of Enigma's background. There are only stories and legends, most of them apocryphal, passed down through the ages. In truth, Enigma is a mystery for whom the only true biography is description: he is a universal force, a consumer of worlds. He is a being of the void, at times corporeal, other times ethereal. A beast between the planes. There are stories that say he was once a great alchemist who tried to unlock the secrets of the universe and was cursed for his arrogance. Other legends tell that he is an ancient being of strange gravity, the abyss personified--a twisted voice from out the original darkness, before the first light in the universe. And there are older legends that say he is the first collapsed star, a black hole grown complicated and sentient--his motivations unknowable, his power inexorable, a force of destruction unleashed upon existence itself.","",33,"","",1,0,"",1,"en",0,,,,,""
"hero_master",,"riki",1,"2026-07-29","hero_master","Riki","# Riki

Riki is an Agility hero with a melee attack. Primary attribute: Agility. Attack type: Melee. Roles: Carry, Escape, Disabler.

## Roles

- **Carry** — scales with items and becomes the main damage dealer late game
- **Escape** — has mobility to leave dangerous situations
- **Disabler** — has stuns, silences or other crowd control

## Base stats

- Primary attribute: Agility
- Attack type: Melee
- Base Strength 18 (+2 per level)
- Base Agility 30 (+2.4 per level)
- Base Intelligence 14 (+1.3 per level)
- Health regen 2.5
- Mana regen 0
- Base armor 0
- Base damage 22-26
- Attack range 150
- Base attack time 90
- Attack point 0.3
- Projectile speed 900
- Move speed 315
- Vision 1800 day / 800 night

## Popularity

- Public games picked 219,978 times, won 114,040 (51.8% win rate)

## Abilities

Riki has 5 abilities: Smoke Screen, Blink Strike, Tricks of the Trade, Backstab, Cloak and Dagger.

### Smoke Screen

Riki's ability **Smoke Screen**, type Active, targeting AOE, Point Target.

Throws down a smoke bomb, silencing enemies and causing them to miss attacks.

- Mana cost: 75
- Cooldown: 15/14/13/12
- Pierces spell immunity: No
- Dispellable: No
- Duration: 6
- Radius: 425
- Miss Rate: 40%/50%/60%/70%
- Cast Range: 550
- Cast Time: 0.2

_Since his escape during the night of his betrayal, Riki has valued the use of a simple smoke screen to confuse his opponents._

### Blink Strike

Riki's ability **Blink Strike**, type Active, targeting Unit Target, Physical damage.

Teleports behind the target unit, momentarily slowing them by 100% and attacking them with bonus damage if it is an enemy.

- Mana cost: 50/55/60/65
- Cooldown: 13/10/7/4
- Pierces spell immunity: Yes
- Cast Range: 600/700/800/900
- Bonus Damage: 25/35/45/55
- Slow Duration: 0.75
- Slow Pct Tooltip: 100
- Cast Time: 0.3

_The Stealth Assassin's agile movement makes him impossible to escape._

### Tricks of the Trade

Riki's ability **Tricks of the Trade**, type Active, targeting Point Target, AOE, Channeled, Physical damage.

CHANNELED - Riki phases out of the world and periodically strikes 2 random enemy units from behind in an area around him. He has fixed attack damage while phased out.

- Mana cost: 65
- Cooldown: 21/18/15/12
- Pierces spell immunity: Yes
- Cast Range: 400
- Radius: 425
- Attack Intervals: 4
- Speed Per Attack: 180
- Interval Targets: 2
- Attack Damage: 25/50/75/100
- Creep Agility Multiplier: 1
- Duration: 2
- Cast Time: 0.3

_The Stealth Assassin is not afraid to fight dirty, and specializes in attacking his opponents from behind._

### Backstab

Riki's ability **Backstab**, type Passive, targeting Passive, Hidden, Physical damage, innate.

Every time Riki strikes his enemy from behind, he deals additional bonus damage equal to a multiple of his Agility.

- Agility Multiplier: 0.55
- Ally Multiplier: 30
- Backstab Angle: 105

### Cloak and Dagger

Riki's ability **Cloak and Dagger**, type Passive, targeting Passive.

Riki fades into the shadows, becoming invisible until he attacks. Hero kills and assists grant additional experience.

- Pierces spell immunity: Yes
- Dispellable: No
- Fade Delay: 4/3/2
- Bonus Xp Hero Kill: 130/260/390
- Bonus Xp Assist: 100

_Riki comes for you._

## Lore

Riki was born middle child to the great dynasty of Tahlin. With an older brother groomed for the throne, and a younger brother coddled and kept, Riki, the small middle son, seemed born for the art of invisibility. It was an art he cultivated, and one which ultimately saved his life on the night that his people were betrayed and his family slaughtered. Of all the royal line, he alone escaped, small and agile, unassuming, using smoke as cover. He cut his way out of the royal grounds, using the advantage of surprise, quietly slitting the throats of one enemy warrior after another. Now free of his royal responsibilities, Riki uses his talents in service to a new trade: Stealth Assassin. He silences his enemies, sharpening his skills, hoping to one day take revenge on those who killed his family and robbed him of his birthright.","",32,"","",1,0,"",1,"en",0,,,,,""
"hero_master",,"lich",1,"2026-07-29","hero_master","Lich","# Lich

Lich is an Intelligence hero with a ranged attack. Primary attribute: Intelligence. Attack type: Ranged. Roles: Support, Nuker.

## Roles

- **Support** — protects allies, buys utility items and controls vision
- **Nuker** — deals large burst spell damage

## Base stats

- Primary attribute: Intelligence
- Attack type: Ranged
- Base Strength 20 (+2.1 per level)
- Base Agility 17 (+1.7 per level)
- Base Intelligence 28 (+3.4 per level)
- Health regen 0.5
- Mana regen -1
- Base armor -1
- Base damage 24-33
- Attack range 550
- Base attack time 100
- Attack point 0.46
- Projectile speed 900
- Move speed 290
- Turn rate 0.7
- Vision 1800 day / 800 night

## Popularity

- Public games picked 383,719 times, won 200,308 (52.2% win rate)
- Professional games: 5 picks, 2 bans, 60.0% win rate

## Abilities

Lich has 6 abilities: Frost Blast, Frost Shield, Sinister Gaze, Ice Spire, Sacrifice, Chain Frost.

### Frost Blast

Lich's ability **Frost Blast**, type Active, targeting Unit Target, AOE, Magical damage.

Blasts the target enemy unit with damaging frost, dealing area damage and slowing movement and attack rates for 4 seconds. The primary target receives both base and area damage.

- Mana cost: 110/120/130/140
- Cooldown: 7
- Pierces spell immunity: No
- Dispellable: Yes
- Radius: 200
- Movement Slow: -25%
- Attack Slow: -30/-40/-50/-60
- Base Damage: 40/80/120/160
- Area Damage: 80/120/160/200
- Cast Range: 575/600/625/650
- Duration: 4
- Cast Time: 0.3

_Frost-mage Ethreain has not forgotten even the simplest of ice manipulation._

### Frost Shield

Lich's ability **Frost Shield**, type Active, targeting Unit Target, Magical damage.

Applies a magical frost shield around the target, reducing damage from attacks against it. While the shield is active, ice magic will affect nearby enemy units every 1 seconds, dealing minor damage and slowing them.

- Mana cost: 100/110/120/130
- Cooldown: 30/25/20/15
- Dispellable: Yes
- Damage Reduction: 45%/50%/55%/60%
- Slow: 20%/25%/30%/35%
- Slow Duration: 0.5
- Damage: 18/32/46/60
- Interval: 1
- Radius: 600
- Buff Duration: 4/5/6/7
- Charge Restore Time: 30/25/20/15
- Cast Range: 800
- Cast Time: 0.2

_First conceived of to protect him in his mortal years, the frost magic that Ethreain weaves around himself has only grown colder with time._

### Sinister Gaze

Lich's ability **Sinister Gaze**, type Active, targeting Unit Target, Channeled.

CHANNELED - Hypnotizes an enemy unit, causing it to move towards a point between the two of you and drains a percentage of its current mana.

- Mana cost: 25
- Cooldown: 24/22/20/18
- Pierces spell immunity: No
- Dispellable: Yes
- Channel Time: 1.10/1.4/1.7/2
- Channel Duration: 1.10/1.4/1.7/2
- Distance Moved: 32%/38%/44%/50%
- Mana Drain Per Second: 25%
- Cast Range: 600

_Mind the cold..._

### Ice Spire

Lich's ability **Ice Spire**, type Active, targeting Point Target, AOE, Hidden.

Creates an Ice Spire at the target spot, slowing enemies around it. Can take 4 hero hits or 8 creep hits and when destroyed it will create a Frost Blast around it.

Chain Frost can be cast on the Spire and can bounce to the Spire and damage the spire by 1 hero attack if there are no other enemies in range.

Lich can cast Frost Shield on the Spire. Each Frost Shield tick will heal the spire by 1 hero attack.

- Mana cost: 150
- Cooldown: 25
- Pierces spell immunity: No
- Dispellable: No
- Movement Slow: -25%
- Effect Radius: 550
- Max Hero Attacks: 4
- Max Creep Attacks: 8
- Duration: 15
- Slow Duration: 0.5
- Cast Range: 750
- Cast Time: 0.3

_The waters within the Black Pool remain liquid far below the point of freezing and immediately crystallize when removed._

### Sacrifice

Lich's ability **Sacrifice**, type Active, targeting Unit Target, innate.

Sacrifice an allied creep to convert its current health into mana for Lich and give Lich its experience bounty.

Begins the game on cooldown and with no charges.

- Cooldown: 0
- Max Charges: 2
- Charge Restore Time: 120
- Current Health Converted: 42%
- Experience Bounty: 69%
- Cast Range: 700
- Cast Time: 0.4

### Chain Frost

Lich's ability **Chain Frost**, type Active, targeting Unit Target, Magical damage.

Releases an orb of frost that bounces between nearby enemy units up to 10 times, slowing and damaging each time it hits. Each bounce increases the damage for the subsequent bounces. Chain Frost lingers on its last target if it fails to bounce and can bounce again if new targets become available.

- Mana cost: 180/300/420
- Cooldown: 100/80/60
- Pierces spell immunity: No
- Dispellable: Yes
- Damage Each Bounce: 250/400/550
- Incremental Damage: 15/20/25
- Jumps: 10
- Bounce Range: 550
- Movement Slow: -65%
- Attack Slow: -65
- Slow Duration: 2.5
- Initial Projectile Speed: 1050
- Projectile Speed: 850
- Vision Radius: 800
- Linger Duration: 2
- Cast Range: 750
- Cast Time: 0.3

_Almost universally considered the ultimate in frost magic, Ethreain's orb of frozen death strikes fear into those who dare stand against him._

## Lore

In life, the frost-mage Ethreain (not yet a Lich) had used the threat of destructive ice to enslave entire kingdoms. His subjects, aided by a few desperate magicians, eventually grew bold enough to ambush him. Armed with enough charmed rope to bind him forever, they tied the frost mage to adamant weights and dropped him in a pool known chiefly for being bottomless. It wasn't. He only fell for a year or so before an outcrop snagged him. There he rested, dead but undecaying, until the geomancer Anhil thought to verify the legend of the supposedly bottomless Black Pool. Anhil's plumbline snarled with the ropes that bound the drowned magician, and up he hauled an unexpected prize. Thinking that by rendering the dead undead, he could question the Lich about the properties of the pool, he removed the bindings and commenced a simple rite of resurrection. Even the descendants of Ethreain's enemies were long forgotten by time, so there were none to warn Anhil against imprudence. But he learned the error of his judgment almost immediately, as Lich threw off the shackles and consumed him.","",31,"","",1,0,"",1,"en",0,,,,,""
"hero_master",,"witch-doctor",1,"2026-07-29","hero_master","Witch Doctor","# Witch Doctor

Witch Doctor is an Intelligence hero with a ranged attack. Primary attribute: Intelligence. Attack type: Ranged. Roles: Support, Nuker, Disabler.

## Roles

- **Support** — protects allies, buys utility items and controls vision
- **Nuker** — deals large burst spell damage
- **Disabler** — has stuns, silences or other crowd control

## Base stats

- Primary attribute: Intelligence
- Attack type: Ranged
- Base Strength 20 (+2.1 per level)
- Base Agility 13 (+1.4 per level)
- Base Intelligence 22 (+3.1 per level)
- Health regen 0.25
- Mana regen 0
- Base armor 0
- Base damage 26-36
- Attack range 550
- Base attack time 100
- Attack point 0.4
- Projectile speed 1200
- Move speed 300
- Vision 1800 day / 800 night

## Popularity

- Public games picked 564,070 times, won 292,337 (51.8% win rate)
- Professional games: 7 picks, 1 ban, 57.1% win rate

## Abilities

Witch Doctor has 6 abilities: Paralyzing Cask, Voodoo Restoration, Maledict, Voodoo Switcheroo, Gris-Gris, Death Ward.

### Paralyzing Cask

Witch Doctor's ability **Paralyzing Cask**, type Active, targeting Unit Target, Magical damage.

Launches a cask of paralyzing powder that ricochets between enemy units, stunning and damaging those it hits. Damage increases each bounce.

- Mana cost: 80/100/120/140
- Cooldown: 20/18/16/14
- Pierces spell immunity: No
- Dispellable: Strong Dispels Only
- Stun Duration: 0.8
- Creep Duration: 0.8
- Base Damage: 55/70/85/100
- Bounce Range: 575
- Bounces: 3/4/5/6
- Speed: 1200
- Bounce Delay: 0.1
- Bonus Damage Per Bounce: 20
- Creep Damage Pct: 100
- Cast Range: 600
- Cast Time: 0.2

_The Witch Doctor recycles the bones of fallen friends and foes, using the powder as part of his arsenal of charms and alchemy._

### Voodoo Restoration

Witch Doctor's ability **Voodoo Restoration**, type Active, targeting No Target, Magical damage.

Witch Doctor focuses his magic to heal nearby allied units, costing Witch Doctor mana every second Voodoo Restoration is active.

- Mana cost: 25
- Cooldown: 0
- Pierces spell immunity: Yes
- Dispellable: No
- Mana Per Sec: 9/12/15/18
- Radius: 650
- Heal: 20/30/40/50
- Heal Interval: 0.33
- Does Heal All Allies: 1

_Zharvakko's hocus pocus is not limited only to hexxing his opponents and is quite adept at curing ailments._

### Maledict

Witch Doctor's ability **Maledict**, type Active, targeting AOE, Point Target, Magical damage.

Curses all enemy Heroes and player-controlled units in a small area, causing them to take a set amount of damage each second, as well as bursts of damage every 4 seconds based on how much health they have lost since the curse began.

- Mana cost: 105/110/115/120
- Cooldown: 30/26/22/18
- Pierces spell immunity: No
- Dispellable: No
- Radius: 200
- Lost Health Burst Damage: 16%/24%/32%/40%
- Bonus Damage Threshold: 100
- Ticks: 3
- Duration: 12
- Spread Speed: 1200
- Cast Range: 600
- Cast Time: 0.35

_Certain voodoo magics can make an enemy regret engaging the Witch Doctor._

### Voodoo Switcheroo

Witch Doctor's ability **Voodoo Switcheroo**, type Active, targeting No Target, Hidden.

Turns Witch Doctor into a Death Ward briefly with reduced attack speed. He is hidden during this time.

- Mana cost: 200
- Cooldown: 50
- Dispellable: No
- Duration: 2.5
- Attack Speed Reduction: 45
- Cast Time: 0.1

### Gris-Gris

Witch Doctor's ability **Gris-Gris**, type Passive, targeting Passive, innate.

Witch Doctor gets a Gris-Gris, an item that cannot be dropped or placed in the backpack. When the owner dies, 100% of the gold lost from death is added to the item, and will be refunded when the item is consumed. The value of the Gris-Gris is increased by 1 every 3s. 

 Right-click to consume and permanently remove the item.

- Death Gold Lost Reduction Pct Tooltip: 100
- Gold Tick Interval Tooltip: 3

### Death Ward

Witch Doctor's ability **Death Ward**, type Active, targeting Point Target, Channeled, Pure damage.

CHANNELED - Summons a deadly ward to attack enemy heroes within its attack range. Lasts a maximum of 8 seconds. Death Ward has 50% bonus accuracy.

- Mana cost: 200
- Cooldown: 100/90/80
- Pierces spell immunity: Yes
- Damage: 60/90/120
- Attack Range: 600/625/650
- Bonus Attack Range: 0/25/50
- Bonus Accuracy: 50
- Initial Target Count: 1
- Cast Range: 500
- Channel Time: 8
- Cast Time: 0.35

_Witch Doctor performs a ritualistic dance, one that haunts the dreams of those who live to recount it._

## Lore

A wiry silhouette hitches forward--uneven of feature and limb, bizarre of gait, relentlessly criss-crossing the battlefield in search of that vital weak point where his talents can do most good, and most harm. Whether broken or mismade it is not clear, but still, none can doubt the power carried in his twisted physique. A long staff thumps the earth as Zharvakko the Witch Doctor advances, deploying a terrifying arsenal of fetishes, hexes and spells. It is a body of magical knowledge learned and perfected over several lifetimes in the island highlands of Arktura, now wielded with precision accuracy against his enemies. Zharvakko can be your best friend or your worst enemy--healing allies and laying waste to all who oppose him.","",30,"","",1,0,"",1,"en",0,,,,,""
"hero_master",,"tidehunter",1,"2026-07-29","hero_master","Tidehunter","# Tidehunter

Tidehunter is a Strength hero with a melee attack. Primary attribute: Strength. Attack type: Melee. Roles: Initiator, Durable, Disabler, Nuker, Carry.

## Roles

- **Initiator** — starts team fights on favourable terms
- **Durable** — survives extended fights, high effective health
- **Disabler** — has stuns, silences or other crowd control
- **Nuker** — deals large burst spell damage
- **Carry** — scales with items and becomes the main damage dealer late game

## Base stats

- Primary attribute: Strength
- Attack type: Melee
- Base Strength 26 (+3.7 per level)
- Base Agility 15 (+1.5 per level)
- Base Intelligence 20 (+1.7 per level)
- Health regen 0.25
- Mana regen 0.5
- Base armor 0
- Base damage 25-31
- Attack range 150
- Base attack time 100
- Attack point 0.6
- Projectile speed 900
- Move speed 300
- Vision 1800 day / 800 night

## Popularity

- Public games picked 309,226 times, won 154,104 (49.8% win rate)
- Professional games: 5 picks, 5 bans, 60.0% win rate

## Abilities

Tidehunter has 5 abilities: Gush, Kraken Shell, Anchor Smash, Dead in the Water, Ravage.

### Gush

Tidehunter's ability **Gush**, type Active, targeting Unit Target, Magical damage.

Summons a gush of water to damage an enemy unit, reducing their movement speed and armor.

- Mana cost: 100
- Cooldown: 12
- Pierces spell immunity: No
- Dispellable: Yes
- Damage: 100/160/220/280
- Projectile Speed: 2500
- Slow: -40%
- Armor Reduction: 3/4/5/6
- Cast Range: 700
- Debuff Duration: 4.5
- Cast Time: 0.3

_During his championship of the Sunken Isles, Leviathan gained mastery over the open sea._

### Kraken Shell

Tidehunter's ability **Kraken Shell**, type Active, targeting No Target, Instant Cast.

Thickens Tidehunter's hide to passively block a portion of any incoming physical attack damage. Reduced block amount versus creeps. The hide also removes negative status effects if the damage taken crosses a threshold.

Can be activated to double the block amount at the cost of 40% movement speed. Lasts 4s.

DISPEL TYPE: Strong Dispel

- Mana cost: 45
- Cooldown: 30
- Dispellable: No
- Damage Block: 15/35/55/75
- Creep Penalty: 50%
- Active Pct Effectiveness: 200
- Active Move Speed Penalty Pct: 40
- Active Duration: 4
- Damage Cleanse Threshold: 600/550/500/450
- Damage Reset Interval: 7

_Claddish navymen tell tales of a mighty sea-faring beast that suffered spear and sword but continued to lay waste to the fleet._

### Anchor Smash

Tidehunter's ability **Anchor Smash**, type Active, targeting No Target, Physical damage.

Tidehunter swings his mighty anchor to attack and deal bonus damage to nearby enemies and reduce their attack damage. The radius of Anchor Smash is Tidehunter's attack range plus 225 units.

- Mana cost: 40/45/50/55
- Cooldown: 7/6/5/4
- Pierces spell immunity: No
- Dispellable: Yes
- Attack Bonus Damage: 50/100/150/200
- Damage Reduction: -25%/-30%/-35%/-40%
- Duration: 6
- Additional Range: 225
- Cast Time: 0.4

_Stolen from one of Admiral Kunkka's flagships, Leviathan's heavy anchor proves useful as a melee weapon._

### Dead in the Water

Tidehunter's ability **Dead in the Water**, type Active, targeting Unit Target, Magical damage.

Tidehunter attaches a heavy anchor to an enemy hero. The hero is leashed while attached to the anchor. Attempting to move more than 350 units away from the anchor forces the hero to 100 move speed, dragging the anchor behind them. The anchor can be destroyed with 4 hero attacks.

- Mana cost: 110
- Cooldown: 35
- Pierces spell immunity: No
- Dispellable: No
- Attacks To Destroy: 4
- Anchor Drag Speed: 100
- Chain Length: 350
- Anchor Duration: 10
- Projectile Speed: 1000
- Cast Range: 350
- Cast Time: 0.3

_Anchors Aweigh!_

### Ravage

Tidehunter's ability **Ravage**, type Active, targeting No Target, Magical damage.

Slams the ground, causing tentacles to erupt in all directions, damaging and stunning all nearby enemy units.

- Mana cost: 125/225/325
- Cooldown: 150/145/140
- Pierces spell immunity: No
- Dispellable: Strong Dispels Only
- Radius: 1250
- Speed: 725
- Duration: 2/2.2/2.4
- Cast Time: 0.3

_Calling to the abyssal god Maelrawn has resulted in entire armadas being lost at sea._

## Lore

The Tidehunter known as Leviathan was once the champion of the Sunken Isles, but his motives are as mysterious as those of his people. We all know the importance of the Drylanders' shipping lanes, how empires may rise and fall according to who controls the open water. Far less is known of the submarine lanes, and how the warring tribes of the Meranthic Diaspora have carved out habitations through endless undersea skirmishes. In the fragile treaties between the Mer and Men, we can glimpse the extent of the drowned empires, but their politics appear complex and opaque. It would seem that Leviathan tired of such petty strife, and set off on his own, loyal only to his abyssal god, Maelrawn the Tentacular. He stalks the shallows now in search of men or meranths who stray into his path, and with a particular loathing for Admiral Kunkka, who has long been his nemesis for reasons lost in the deepest trenches of the sea.","",29,"","",1,0,"",1,"en",0,,,,,""
"hero_master",,"slardar",1,"2026-07-29","hero_master","Slardar","# Slardar

Slardar is a Strength hero with a melee attack. Primary attribute: Strength. Attack type: Melee. Roles: Carry, Durable, Initiator, Disabler, Escape.

## Roles

- **Carry** — scales with items and becomes the main damage dealer late game
- **Durable** — survives extended fights, high effective health
- **Initiator** — starts team fights on favourable terms
- **Disabler** — has stuns, silences or other crowd control
- **Escape** — has mobility to leave dangerous situations

## Base stats

- Primary attribute: Strength
- Attack type: Melee
- Base Strength 21 (+3.4 per level)
- Base Agility 17 (+2.1 per level)
- Base Intelligence 15 (+1.5 per level)
- Health regen 0.5
- Mana regen 0
- Base armor 2
- Base damage 30-38
- Attack range 150
- Base attack time 100
- Attack point 0.36
- Move speed 300
- Vision 1800 day / 800 night

## Popularity

- Public games picked 299,173 times, won 149,688 (50.0% win rate)
- Professional games: 9 picks, 10 bans, 44.4% win rate

## Abilities

Slardar has 5 abilities: Guardian Sprint, Slithereen Crush, Bash of the Deep, Seaborn Sentinel, Corrosive Haze.

### Guardian Sprint

Slardar's ability **Guardian Sprint**, type Active, targeting No Target, Instant Cast.

Slardar slithers ahead, moving significantly faster and passing through units. Slardar has 100% slow resistance for the first 2.5s. The slow resistance gradually fades over the remaining sprint duration.

- Mana cost: 25
- Cooldown: 33/28/23/18
- Dispellable: Yes
- Bonus Move Speed: 10%/18%/26%/34%
- Duration: 10
- Speed Burst Max Duration: 2.5
- Slow Resistance Tooltip: 100

_As Slardar has made the transition from the Deeps, it has been necessary to use his powerful tail for sprinting instead of swimming._

### Slithereen Crush

Slardar's ability **Slithereen Crush**, type Active, targeting No Target, Physical damage.

Slams the ground, leaving a puddle of water, and stunning and damaging nearby enemy units. After the stun, the affected units are slowed.

- Mana cost: 100
- Cooldown: 8.5/8/7.5/7
- Pierces spell immunity: No
- Dispellable: Strong Dispels Only
- Radius: 325
- Movement Slow: -20%/-25%/-30%/-35%
- Attack Slow: -20/-25/-30/-35
- Slow Duration: 3/4/5/6
- Stun Duration: 0.8
- Puddle Duration: 7
- Puddle Radius: 325
- Damage: 75/150/225/300
- Cast Time: 0.25

_A swift crush of might and water breaks even the toughest of defenses._

### Bash of the Deep

Slardar's ability **Bash of the Deep**, type Passive, targeting Passive, Physical damage.

After 3 attacks, your next attack will bash the target.

- Pierces spell immunity: Yes
- Dispellable: Strong Dispels Only
- Bonus Damage: 35/90/145/200
- Bash Duration: 1
- Attack Count: 3

_Thieves of the wealth of the Deep Ones meet the brutality of the Slithereen Guard in melee combat._

### Seaborn Sentinel

Slardar's ability **Seaborn Sentinel**, type Passive, targeting Passive, innate.

Slardar gains bonus movement speed, health regeneration, attack damage, and armor while in a puddle, trail, or river.

- Bonus Move Speed: 18%
- Hp Regen: 1.75
- Bonus Armor: 1.8
- Bonus Attack Damage: 11.4%
- Scepter Puddle Radius Tooltip: 75
- Scepter Puddle Duration Increase Tooltip: 5

### Corrosive Haze

Slardar's ability **Corrosive Haze**, type Active, targeting Unit Target.

Reduces enemy armor to amplify physical damage and provides True Sight and vision of the targeted unit, revealing invisibility. The enemy unit leaves a trail of water behind it.

- Mana cost: 25
- Cooldown: 5
- Pierces spell immunity: Yes
- Dispellable: Yes
- Armor Reduction: -8/-14/-20
- Duration: 18
- Trail Radius: 100
- Trail Duration: 7
- Cast Range: 900
- Cast Time: 0.3

_Even the strongest armor counts for little when left to the brine of the sea._

## Lore

Slardar is a Slithereen, one of the Deep Ones, guardian of a vast network of sunken cities and the ancient riches buried within them. In the lightless gulf of the deepest ocean abysses, the Slithereen Guard patrols secret treasure rooms, ever vigilant against the subaqueous thieves sent into the deeps by covetous dryland sorcerers. He is utterly loyal, and his taciturn nature hides deep knowledge of the most secret places of the sea. He rises to the shallows in spite of the pain caused him by brightness, to commit reconnaissance, to make sure no one is conspiring against the depths, and sometimes in relentless pursuit of the rare few who manage to steal off with an item from the Sunken Treasury. Because he has spent his whole life at great pressure, under tremendous weight of the sea, Slardar the Slithereen Guard is a creature of immense power.","",28,"","",1,0,"",1,"en",0,,,,,""
"hero_master",,"shadow-shaman",1,"2026-07-29","hero_master","Shadow Shaman","# Shadow Shaman

Shadow Shaman is an Intelligence hero with a ranged attack. Primary attribute: Intelligence. Attack type: Ranged. Roles: Support, Pusher, Disabler, Nuker, Initiator.

## Roles

- **Support** — protects allies, buys utility items and controls vision
- **Pusher** — pressures and destroys enemy towers quickly
- **Disabler** — has stuns, silences or other crowd control
- **Nuker** — deals large burst spell damage
- **Initiator** — starts team fights on favourable terms

## Base stats

- Primary attribute: Intelligence
- Attack type: Ranged
- Base Strength 20 (+2.3 per level)
- Base Agility 16 (+1.6 per level)
- Base Intelligence 23 (+3.5 per level)
- Health regen 1
- Mana regen 0
- Base armor 2
- Base damage 40-47
- Attack range 400
- Base attack time 100
- Attack point 0.3
- Projectile speed 900
- Move speed 285
- Vision 1800 day / 800 night

## Popularity

- Public games picked 577,648 times, won 299,355 (51.8% win rate)
- Professional games: 3 picks, 0 bans, 66.7% win rate

## Abilities

Shadow Shaman has 6 abilities: Ether Shock, Hex, Shackles, Fowl Play, Urnaconda, Mass Serpent Ward.

### Ether Shock

Shadow Shaman's ability **Ether Shock**, type Active, targeting Unit Target, Magical damage.

Creates a cone of ethereal energy that strikes multiple enemy units.

- Mana cost: 90/105/120/135
- Cooldown: 14/12/10/8
- Pierces spell immunity: No
- Start Radius: 200
- End Radius: 300
- End Distance: 600
- Targets: 3/5/7/9
- Damage: 125/190/255/320
- Cast Range: 600
- Cast Time: 0.3

_Originally used to open shows with the travelling con-man, Rhasta's lightning display shocks adversaries in more ways than one._

### Hex

Shadow Shaman's ability **Hex**, type Active, targeting Unit Target.

Transforms an enemy unit into a harmless creature, disabling their attacks and abilities.

- Mana cost: 130/150/170/190
- Cooldown: 24/20/16/12
- Pierces spell immunity: No
- Dispellable: Strong Dispels Only
- Movespeed: 100
- Duration: 2/2.3/2.6/2.9
- Cast Range: 550

_Rhasta often ended performances by turning himself into a chicken - now, the humiliation is shared._

### Shackles

Shadow Shaman's ability **Shackles**, type Active, targeting Unit Target, Channeled, Magical damage.

CHANNELED - Magically binds an enemy unit so that it cannot move or attack, absorbing their life energy over time.

- Mana cost: 125/140/155/170
- Cooldown: 14/13/12/11
- Pierces spell immunity: No
- Dispellable: Strong Dispels Only
- Cast Range: 450
- Tick Interval: 0.1
- Total Damage/Heal: 100/160/220/280
- Max Duration: 2.4/3/3.6/4.2
- Heal Percentage: 100
- Channel Time: 2.4/3/3.6/4.2
- Cast Time: 0.3

_A self-defense incantation, Rhasta developed shackles after his master was slain in the Bleeding Hills._

### Fowl Play

Shadow Shaman's ability **Fowl Play**, type Passive, targeting Passive, innate.

When taking lethal damage, Shadow Shaman receives a strong dispel and survives as a 1 HP chicken with increased movement speed. Incoming damage is reduced to zero for a short duration and additional chickens are created to confuse the enemy. Cooldown resets when Shadow Shaman respawns.

DISPEL TYPE: Strong Dispel

- Cooldown: 120
- Duration: 3
- Movespeed Bonus: 5%
- Total Chickens: 1
- Damage Reduction Duration: 1
- Damage Reduction Pct: 100
- Levels Per Chicken: 6
- Invuln Duration: 0.1
- Ally Chicken Images Take Damage Percent: 200

_Rhasta had to learn early on how to stay one step ahead of those who (rightfully or wrongfully) wished him harm._

### Urnaconda

Shadow Shaman's ability **Urnaconda**, type Active, targeting Point Target, AOE.

Throw a snake jar at the target location, damaging all enemies in the AoE and creating a Massive Serpent Ward that has 4x the base Serpent Ward damage and health there that lasts 15s.

- Mana cost: 140
- Cooldown: 50
- Pierces spell immunity: Yes
- Ward Duration: 15
- Speed: 1000
- Impact Radius: 225
- Impact Damage: 275
- Megaward Multiplier Tooltip: 4
- Cast Range: 650
- Cast Time: 0.3

### Mass Serpent Ward

Shadow Shaman's ability **Mass Serpent Ward**, type Active, targeting Point Target, AOE, Physical damage.

Summons 10 Serpent Wards to attack enemy units and structures. The Wards are immune to magic. Creeps deal half damage to the Serpent Ward.

- Mana cost: 200/350/550
- Cooldown: 110/105/100
- Pierces spell immunity: Yes
- Ward Count: 10
- Duration: 45
- Spawn Radius: 150
- Hits To Destroy: 2
- Ward Health: 4
- Ward Damage: 50/85/120
- Mega Ward Multiplier Damage: 4
- Mega Ward Multiplier Health: 4
- Mega Ward Health: 8
- Mega Ward Damage: 200/340/480
- Mega Ward Model Scale Multiplier: 2
- Cast Range: 550
- Cast Time: 0.3

_Snake charming was a big part of the Shadow Shaman's act; now Rhasta can empower the snakes to do his bidding._

## Lore

Born in the Bleeding Hills, Rhasta was just a starving youngling when picked up by a travelling con-man. For two pins of copper, the old con-man would tell your fortune. For three, he'd castrate your pig, for five, he'd circumcise your sons. For a good meal, he'd don his shaman garb, read from his ancient books, and lay a curse upon your enemies. His strange new youngling, part hill troll, part...something else, worked as assistant and lent an air of the exotic to the con-man's trade. Always one step ahead of cheated customers, one town ahead of a pursuing patronage, the two trekked across the blighted lands until one day the con-man realized that the little youngling could actually do what he only pretended at. His ward had a gift--a gift that customers valued. And so the youngling Rhasta was thrust before the crowds, and the trade-name Shadow Shaman was born. The two continued from town to town, conjuring for money as Shadow Shaman's reputation grew. Eventually, the pair's duplicitous past caught up with them, and they were ambushed by a mob of swindled ex-clients. The con-man was slain, and for the first time, Rhasta used his powers for darkness, massacring the attackers. He buried his beloved master, and now uses his powers to destroy any who would seek to do him harm.","",27,"","",1,0,"",1,"en",0,,,,,""
"hero_master",,"lion",1,"2026-07-29","hero_master","Lion","# Lion

Lion is an Intelligence hero with a ranged attack. Primary attribute: Intelligence. Attack type: Ranged. Roles: Support, Disabler, Nuker, Initiator.

## Roles

- **Support** — protects allies, buys utility items and controls vision
- **Disabler** — has stuns, silences or other crowd control
- **Nuker** — deals large burst spell damage
- **Initiator** — starts team fights on favourable terms

## Base stats

- Primary attribute: Intelligence
- Attack type: Ranged
- Base Strength 18 (+2.4 per level)
- Base Agility 15 (+1.7 per level)
- Base Intelligence 19 (+3.5 per level)
- Health regen 0.5
- Mana regen 0
- Base armor 0
- Base damage 29-35
- Attack range 600
- Base attack time 115
- Attack point 0.43
- Projectile speed 900
- Move speed 290
- Vision 1800 day / 800 night

## Popularity

- Public games picked 922,049 times, won 448,919 (48.7% win rate)
- Professional games: 13 picks, 4 bans, 53.8% win rate

## Abilities

Lion has 5 abilities: Earth Spike, Hex, Mana Drain, To Hell and Back, Finger of Death.

### Earth Spike

Lion's ability **Earth Spike**, type Active, targeting Point Target, Unit Target, Magical damage.

Rock spikes burst from the earth along a straight path. Enemy units are hurled into the air, then are stunned and take damage when they fall.

- Mana cost: 90/110/130/150
- Cooldown: 14/13/12/11
- Pierces spell immunity: No
- Dispellable: Strong Dispels Only
- Cast Range: 650
- Damage: 105/170/235/300
- Width: 140
- Stun Duration: 1.3/1.6/1.9/2.2
- Length Buffer: 275
- Speed: 2800
- Cast Time: 0.3

_The Demon Witch exercises his demonic covenant, opening a fissure from hell._

### Hex

Lion's ability **Hex**, type Active, targeting Unit Target.

Transforms an enemy unit into a harmless beast, with all special abilities disabled.

- Mana cost: 110/140/170/200
- Cooldown: 24/20/16/12
- Pierces spell immunity: No
- Dispellable: Strong Dispels Only
- Duration: 2/2.4/2.8/3.2
- Movespeed: 120
- Cast Range: 575/600/625/650

_Lion is compelled to share his transfiguration, twisting the essence of those who oppose him._

### Mana Drain

Lion's ability **Mana Drain**, type Active, targeting Unit Target, Channeled.

CHANNELED - Channels magical energy, taking mana and slowing enemies over time. If the enemy has no mana remaining, the slow is increased by 15%. 

 Can target allies to give them mana and movement speed at a 50% rate.

- Mana cost: 0
- Cooldown: 15/12/9/6
- Pierces spell immunity: No
- Dispellable: No
- Channel Time: 5
- Mana Per Second: 20/40/60/120
- Break Distance: 1100
- Tick Interval: 0.1
- Movement Slow/Bonus: 15%/20%/25%/30%
- Movespeed Bonus When Empty Pct: 15
- Ally Pct: 50
- Cast Range: 850
- Channel Time: 5.1
- Cast Time: 0.3

_Lesser magi are nothing more than a source of magical restoration for the Demon Witch._

### To Hell and Back

Lion's ability **To Hell and Back**, type Passive, targeting Passive, innate.

Lion gains 20% debuff duration after killing or assisting in a Hero kill while that Hero is dead.

Lion gains 20% spell amplification for 90s after respawning or resurrecting or until he gets a kill or assist.

- Dispellable: No
- Duration: 90
- Damage Window: 3
- Spell Amp: 20
- Debuff Amp: 20

### Finger of Death

Lion's ability **Finger of Death**, type Active, targeting Unit Target, AOE, Magical damage.

Rips at an enemy unit, trying to turn it inside-out, dealing massive damage to the target.

After using Finger of Death, Lion's hand becomes empowered, allowing him to use a cleaving melee attack with 250 range with bonus movement speed.

Finger of Death gains permanent bonus damage for it and the fist for each enemy Hero it or the fist kills. 

The melee attack may be disabled by setting the ability to Alt Cast.

- Mana cost: 200/400/600
- Cooldown: 110/70/30
- Pierces spell immunity: No
- Damage: 600/725/850
- Damage Per Kill: 25
- Grace Period: 3
- Damage Delay: 0.25
- Melee Duration: 20
- Melee Bonus Move Speed: 30
- Punch Attack Range: 250
- Melee Bonus Damage: 20/30/40
- Cleave Damage: 25%
- Cleave Starting Width: 150
- Cleave Ending Width: 350
- Cleave Distance: 650
- Cast Range: 900
- Cast Time: 0.3

_Lion's disfigured hand is also the source of his greatest power, capable of flooding victims with malefic force._

## Lore

Once a Grandmaster of the Demon Witch tradition of sorcery, Lion earned fame among his brethren for fighting on the side of light and righteousness. But adulation corrupts. With powers surpassed only by his ambition, the mage was seduced by a demon and turned to evil, trading his soul for prestige. After committing horrible crimes that marred his soul, he was abandoned. The demon betrayed him, striking better deals with his enemies. Such was Lion's rage that he followed the demon back to hell and slew it, ripping it limb from limb, taking its demonic hand for his own. However, such demonoplasty comes at a cost. Lion was transfigured by the process, his body transformed into something unrecognizable. He rose from hell, rage incarnate, slaying even those who had once called him master, and laying waste to the lands where he had once been so adored. He survives now as the sole practitioner of the Demon Witch tradition, and those who present themselves as acolytes or students are soon relieved of their mana and carried off by the faintest gust of wind.","",26,"","",1,0,"",1,"en",0,,,,,""
"hero_master",,"lina",1,"2026-07-29","hero_master","Lina","# Lina

Lina is an Intelligence hero with a ranged attack. Primary attribute: Intelligence. Attack type: Ranged. Roles: Support, Carry, Nuker, Disabler.

## Roles

- **Support** — protects allies, buys utility items and controls vision
- **Carry** — scales with items and becomes the main damage dealer late game
- **Nuker** — deals large burst spell damage
- **Disabler** — has stuns, silences or other crowd control

## Base stats

- Primary attribute: Intelligence
- Attack type: Ranged
- Base Strength 20 (+2.4 per level)
- Base Agility 23 (+2.4 per level)
- Base Intelligence 30 (+4 per level)
- Health regen 0.25
- Mana regen 0
- Base armor 0
- Base damage 21-29
- Attack range 670
- Base attack time 100
- Attack point 0.65
- Projectile speed 1000
- Move speed 290
- Vision 1800 day / 800 night

## Popularity

- Public games picked 640,452 times, won 316,414 (49.4% win rate)
- Professional games: 27 picks, 16 bans, 55.6% win rate

## Abilities

Lina has 6 abilities: Dragon Slave, Light Strike Array, Fiery Soul, Flame Cloak, Slow Burn, Laguna Blade.

### Dragon Slave

Lina's ability **Dragon Slave**, type Active, targeting Unit Target, Point Target, Magical damage.

Lina channels the breath of a dragon, sending out a wave of fire that scorches every enemy in its path.

- Mana cost: 90/100/110/120
- Cooldown: 11/10/9/8
- Pierces spell immunity: No
- Damage: 65/125/185/245
- Dragon Slave Speed: 1200
- Dragon Slave Width Initial: 275
- Dragon Slave Width End: 200
- Dragon Slave Distance: 1075
- Cast Range: 1075
- Duration: 0.6875
- Cast Time: 0.35

_In the scorched barren of Misrule, Lina learned to manipulate the fiery breath of the Desert Wyrm as a form of entertainment._

### Light Strike Array

Lina's ability **Light Strike Array**, type Active, targeting Point Target, AOE, Magical damage.

Summons a column of flames that damages and stuns enemies.

- Mana cost: 100/110/120/130
- Cooldown: 13/11/9/7
- Pierces spell immunity: No
- Dispellable: Strong Dispels Only
- Radius: 250
- Cast Delay: 0.5
- Stun Duration: 1.2/1.6/2/2.4
- Damage: 80/125/170/215
- Cast Range: 700
- Cast Time: 0.45

_Lina's essence allows her to focus the sun's energies, causing air to combust at will._

### Fiery Soul

Lina's ability **Fiery Soul**, type Passive, targeting Passive.

Grants bonus attack and movement speed each time Lina hits an enemy with a spell. Stacks with itself. Lasts 18 seconds.

- Dispellable: No
- Attack Speed Bonus: 8/16/24/32
- Move Speed Bonus: 1%/1.5%/2%/2.5%
- Max Stacks: 7
- Duration: 18

_Dancing flames embody Lina's playful nature, bringing out her true blazing self._

### Flame Cloak

Lina's ability **Flame Cloak**, type Active, targeting Instant Cast, No Target.

Grants Lina unobstructed movement and increases her spell damage and magic resistance. Grants max fiery soul stacks on activation.

- Mana cost: 50
- Cooldown: 25
- Dispellable: No
- Duration: 7
- Magic Resistance: 35%
- Spell Amp: 35%
- Visualzdelta: 100
- Zchangespeed: 350

_A natural defense equally suited to keeping anything from unwanted sisters to snarling hellbeasts at bay._

### Slow Burn

Lina's ability **Slow Burn**, type Passive, targeting Passive, Magical damage, innate.

Lina's abilities deal an additional 64% damage as burn damage over 4s.

- Impact Damage Pct: 100
- Burn Damage Pct: 64
- Burn Duration: 4

### Laguna Blade

Lina's ability **Laguna Blade**, type Active, targeting Unit Target, Magical damage.

Fires off a bolt of lightning at a single enemy unit, dealing massive damage.

- Mana cost: 150/300/450
- Cooldown: 70/60/50
- Pierces spell immunity: No
- Damage: 400/580/760
- Damage Delay: 0.25
- Cast Range: 750
- Cast Time: 0.3

_The air around Lina becomes so intensely torrid that it scorches a foe that comes too close with white-hot lightning._

## Lore

The sibling rivalries between Lina the Slayer, and her younger sister Rylai, the Crystal Maiden, were the stuff of legend in the temperate region where they spent their quarrelsome childhoods together. Lina always had the advantage, however, for while Crystal was guileless and naive, Lina's fiery ardor was tempered by cleverness and conniving. The exasperated parents of these incompatible offspring went through half a dozen homesteads, losing one to fire, the next to ice, before they realized life would be simpler if the children were separated. As the oldest, Lina was sent far south to live with a patient aunt in the blazing Desert of Misrule, a climate that proved more than comfortable for the fiery Slayer. Her arrival made quite an impression on the somnolent locals, and more than one would-be suitor scorched his fingers or went away with singed eyebrows, his advances spurned. Lina is proud and confident, and nothing can dampen her flame.","",25,"","",1,0,"",1,"en",0,,,,,""
"hero_master",,"kunkka",1,"2026-07-29","hero_master","Kunkka","# Kunkka

Kunkka is a Strength hero with a melee attack. Primary attribute: Strength. Attack type: Melee. Roles: Carry, Support, Disabler, Initiator, Durable, Nuker.

## Roles

- **Carry** — scales with items and becomes the main damage dealer late game
- **Support** — protects allies, buys utility items and controls vision
- **Disabler** — has stuns, silences or other crowd control
- **Initiator** — starts team fights on favourable terms
- **Durable** — survives extended fights, high effective health
- **Nuker** — deals large burst spell damage

## Base stats

- Primary attribute: Strength
- Attack type: Melee
- Base Strength 24 (+3.6 per level)
- Base Agility 14 (+1.6 per level)
- Base Intelligence 18 (+1.8 per level)
- Health regen 0.75
- Mana regen 0
- Base armor 2
- Base damage 30-36
- Attack range 150
- Base attack time 100
- Attack point 0.4
- Projectile speed 900
- Move speed 315
- Vision 1800 day / 800 night

## Popularity

- Public games picked 185,919 times, won 91,629 (49.3% win rate)
- Professional games: 1 picks, 2 bans, 0.0% win rate

## Abilities

Kunkka has 7 abilities: Torrent, Tidebringer, X Marks the Spot, Admiral's Rum, Tidal Wave, Ghostship, Return.

### Torrent

Kunkka's ability **Torrent**, type Active, targeting AOE, Point Target, Magical damage.

Summons a rising torrent that, after a short delay, hurls enemy units into the sky, stunning, dealing damage and slowing movement speed.

- Mana cost: 90
- Cooldown: 16/14/12/10
- Pierces spell immunity: No
- Dispellable: Yes
- Radius: 250
- Move Slow: -40%
- Slow Duration: 1/2/3/4
- Stun Duration: 1.4
- Delay: 1.6
- Damage: 110/180/250/320
- Damage Tick Interval: 0.2
- Cast Range: 1300
- Cast Time: 0.4

_An ancestral rush of water explodes from the center of the world, called upon by the Admiral._

### Tidebringer

Kunkka's ability **Tidebringer**, type Active, targeting Unit Target, Autocast, Attack Modifier, Physical damage.

Kunkka's legendary sword grants increased damage and cleaves a large area of effect in front of him for a single strike.

- Cooldown: 13/10/7/4
- Cleave Starting Width: 150
- Cleave Ending Width: 500/550/600/650
- Cleave Range: 650/775/900/1025
- Damage Bonus: 35/70/105/140
- Cleave Damage: 150%
- Cast Range: 150

_A lost Claddish soul inhabits Kunkka's trusty Tidebringer, empowering it to destroy demons of the Cataract._

### X Marks the Spot

Kunkka's ability **X Marks the Spot**, type Active, targeting Unit Target.

Targets a friendly or enemy Hero, marks their position with an X, and returns them to it after several seconds. Kunkka can trigger the return at any time during the duration. Lasts twice as long on allied heroes.

- Mana cost: 50
- Cooldown: 24/20/16/12
- Pierces spell immunity: No
- Dispellable: No
- Enemy Delay: 3
- Allied Delay: 6
- Fow Range: 400
- Fow Duration: 5.94
- Movespeed Bonus: 15
- Ghostship Absorb: 35
- Cast Range: 550/700/850/1000
- Cast Time: 0.4

_The Admiral's set of arcane abilities includes some that can be used for battle as well as entertainment._

### Admiral's Rum

Kunkka's ability **Admiral's Rum**, type Passive, targeting Passive, innate.

- Cooldown: 50.5
- Damage Threshold: 65
- Ghostship Absorb: 18
- Buff Duration: 5
- Movespeed Bonus: 7.75

### Tidal Wave

Kunkka's ability **Tidal Wave**, type Active, targeting Point Target, Hidden, Magical damage.

Releases a Tidal Wave that spawns behind Kunkka. Deals damage and drags enemies along it. Enemies cannot attack while being dragged.

- Mana cost: 75
- Cooldown: 12
- Pierces spell immunity: No
- Dispellable: Yes
- Speed: 700
- Radius: 750
- Damage: 180
- Drag Duration: 1
- Wave Distance: 1800
- Knockback Distance: 600
- Cast Range: 1050
- Cast Time: 0.2

_A good sailor knows the timing of the tides like the back of his hand._

### Ghostship

Kunkka's ability **Ghostship**, type Active, targeting Point Target, Magical damage.

Summons a ghostly ship that sails through the battle before smashing apart, damaging and stunning all enemies caught near the wreckage.

Allied heroes touched by the Ghostship are given a 2x strong swig of The Admiral's Rum.

- Mana cost: 125/175/225
- Cooldown: 90/80/70
- Pierces spell immunity: No
- Dispellable: No
- Impact Delay: 3.1
- Range: 2000
- Width: 450
- Stun Duration: 1.2
- Ghostship Speed: 650
- Rum Factor: 2
- Num Cannon Volleys: 3
- Base Cannon Rotation: 20
- Rotation Per Cannon: 12
- Initial Cannon Offset: -150
- Distance Between Cannons: 75
- Cast Range: 1000
- Cast Time: 0.3

_The final ship of the Claddish Navy is nothing but a phantom, but it is all too real to the enemies of the Admiral._

### Return

Kunkka's ability **Return**, type Active, targeting Hidden, No Target.

Returns the marked hero to the X.

- Mana cost: 0
- Cooldown: 1
- Pierces spell immunity: No

## Lore

As The Admiral of the mighty Claddish Navy, Kunkka was charged with protecting the isles of his homeland when the demons of the Cataract made a concerted grab at the lands of men. After years of small sorties, and increasingly bold and devastating attacks, the demon fleet flung all its carnivorous ships at the Trembling Isle. Desperate, the Suicide-Mages of Cladd committed their ultimate rite, summoning a host of ancestral spirits to protect the fleet. Against the demons, this was just barely enough to turn the tide. As Kunkka watched the demons take his ships down one by one, he had the satisfaction of wearing away their fleet with his ancestral magic. But at the battle's peak, something in the clash of demons, men and atavistic spirits must have stirred a fourth power that had been slumbering in the depths. The waves rose up in towering spouts around the few remaining ships, and Maelrawn the Tentacular appeared amid the fray. His tendrils wove among the ships, drawing demon and human craft together, churning the water and wind into a raging chaos. What happened in the crucible of that storm, none may truly say. The Cataract roars off into the void, deserted by its former denizens. Kunkka is now The Admiral of but one ship, a ghostly rig which endlessly replays the final seconds of its destruction. Whether he died in that crash is anyone's guess. Not even Tidehunter, who summoned Maelrawn, knows for sure.","",23,"","",1,0,"",1,"en",0,,,,,""
"hero_master",,"zuus",1,"2026-07-29","hero_master","Zeus","# Zeus

Zeus is an Intelligence hero with a ranged attack. Primary attribute: Intelligence. Attack type: Ranged. Roles: Nuker, Carry.

## Roles

- **Nuker** — deals large burst spell damage
- **Carry** — scales with items and becomes the main damage dealer late game

## Base stats

- Primary attribute: Intelligence
- Attack type: Ranged
- Base Strength 21 (+2.1 per level)
- Base Agility 11 (+1.2 per level)
- Base Intelligence 23 (+3.3 per level)
- Health regen 0.25
- Mana regen 0
- Base armor 1
- Base damage 30-40
- Attack range 380
- Base attack time 100
- Attack point 0.35
- Projectile speed 1100
- Move speed 305
- Vision 1800 day / 800 night

## Popularity

- Public games picked 742,048 times, won 382,834 (51.6% win rate)
- Professional games: 3 picks, 5 bans, 66.7% win rate

## Abilities

Zeus has 7 abilities: Arc Lightning, Lightning Bolt, Heavenly Jump, Nimbus, Lightning Hands, Thundergod's Wrath, Static Field.

### Arc Lightning

Zeus's ability **Arc Lightning**, type Active, targeting Unit Target, Magical damage.

Hurls a bolt of lightning that leaps through nearby enemy units that deal damage.

- Mana cost: 85/90/95/100
- Cooldown: 1.6
- Pierces spell immunity: No
- Damage: 105/130/155/180
- Jump Radius: 450
- Jumps: 5/7/9/11
- Jump Delay: 0.25
- Cast Range: 800
- Cast Time: 0.2

_Arc Lightning is Zeus' favorite spell to use against puny mortals._

### Lightning Bolt

Zeus's ability **Lightning Bolt**, type Active, targeting Unit Target, Point Target, Magical damage.

Calls down a bolt of lightning to strike an enemy unit, causing damage and a mini-stun. When cast, Lightning Bolt briefly provides unobstructed vision and True Sight around the target in a 600 radius. Can be cast on the ground, affecting the closest enemy hero in 325 range.

- Mana cost: 120/125/130/135
- Cooldown: 6
- Pierces spell immunity: No
- Damage: 140/220/300/380
- True Sight Radius: 600
- Sight Radius: 600
- Sight Radius Night: 600
- Sight Duration: 5
- Spread Aoe: 325
- Ministun Duration: 0.35
- Cast Range: 700/750/800/850
- Cast Time: 0.3

_A shocking punishment for rebellious heathen._

### Heavenly Jump

Zeus's ability **Heavenly Jump**, type Active, targeting No Target, Instant Cast, Magical damage.

Zeus performs a Heavenly Jump, leaping forward and shocking the closest visible nearby enemy (prioritizing heroes), dealing damage as well as reducing their movement and attack speed. Zeus gets 900 unobstructed vision around him for 3 seconds.

- Mana cost: 50/60/70/80
- Cooldown: 26/22/18/14
- Pierces spell immunity: No
- Dispellable: Yes
- Damage: 25/50/75/100
- Leap Distance: 375/450/525/600
- Hop Duration: 0.5
- Hop Height: 250
- Shock Range: 700/800/900/1000
- Vision Radius: 900
- Vision Duration: 3
- Duration: 1.4
- Move Speed Slow: 80
- Attack Speed Slow: 100
- Targets: 1
- Charge Restore Time: 26/22/18/14

_Though temporarily barred from the heavens, Zeus can still manage a measure of godly flight._

### Nimbus

Zeus's ability **Nimbus**, type Active, targeting Point Target, AOE, Hidden, Magical damage.

Creates a storm cloud anywhere on the map that automatically casts Lightning Bolt on nearby enemies.

- Mana cost: 275
- Cooldown: 45
- Pierces spell immunity: No
- Duration: 30
- Lightning Bolt Base Cooldown: 2.5
- Radius: 450
- Hits To Destroy: 8
- Creep Hits To Destroy: 16
- Cloud Bounty Tooltip: 125
- Cast Time: 0.2

### Lightning Hands

Zeus's ability **Lightning Hands**, type Active, targeting Attack Modifier, Magical damage.

Zeus gains bonus attack speed and his attacks create Arc Lightnings that deal a percentage of its damage. Can be toggled off to stop this effect.

- Mana cost: 0
- Cooldown: 0
- Pierces spell immunity: No
- Dispellable: Yes
- Bonus Attack Speed: 30
- Arc Lightning Damage: 50
- Arc Lightning Damage Illusion Pct: 20

_A helping hand from Aghanim lets the fallen Lord of Heaven tap into some of his old strengths._

### Thundergod's Wrath

Zeus's ability **Thundergod's Wrath**, type Active, targeting No Target, Magical damage.

Strikes all enemy heroes with a bolt of lightning, dealing damage no matter where they may be. Provides True Sight around each hero before they are struck.

- Mana cost: 250/375/500
- Cooldown: 130
- Pierces spell immunity: No
- True Sight Radius: 600
- Sight Radius Night: 600
- Duration: 3
- Damage: 300/475/650
- Cast Time: 0.4

_The Lord of Heaven smites all who oppose him, near or far._

### Static Field

Zeus's ability **Static Field**, type Passive, targeting Passive, Hidden, Magical damage, innate.

Zeus shocks any enemy that he attacks or is hit by his abilities, causing damage equal to a percentage of their current health.

- Pierces spell immunity: No
- Damage: 3.45

_The air crackles with static when the Thundergod walks the world._

## Lore

Lord of Heaven, father of gods, Zeus treats all the Heroes as if they are his rambunctious, rebellious children. After being caught unnumbered times in the midst of trysts with countless mortal women, his divine wife finally gave him an ultimatum: 'If you love mortals so much, go and become one. If you can prove yourself faithful, then return to me as my immortal husband. Otherwise, go and die among your creatures.' Zeus found her logic (and her magic) irrefutable, and agreed to her plan. He has been on his best behavior ever since, being somewhat fonder of immortality than he is of mortals. But to prove himself worthy of his eternal spouse, he must continue to pursue victory on the field of battle.","",22,"","",1,0,"",1,"en",0,,,,,""
"hero_master",,"windrunner",1,"2026-07-29","hero_master","Windranger","# Windranger

Windranger is an Universal hero with a ranged attack. Primary attribute: Universal. Attack type: Ranged. Roles: Carry, Support, Disabler, Escape, Nuker.

## Roles

- **Carry** — scales with items and becomes the main damage dealer late game
- **Support** — protects allies, buys utility items and controls vision
- **Disabler** — has stuns, silences or other crowd control
- **Escape** — has mobility to leave dangerous situations
- **Nuker** — deals large burst spell damage

## Base stats

- Primary attribute: Universal
- Attack type: Ranged
- Base Strength 18 (+2.6 per level)
- Base Agility 17 (+2.1 per level)
- Base Intelligence 18 (+3.2 per level)
- Health regen 0.25
- Mana regen 0.25
- Base armor 0
- Base damage 24-36
- Attack range 600
- Base attack time 90
- Attack point 0.4
- Projectile speed 1250
- Move speed 285
- Turn rate 0.8
- Vision 1800 day / 800 night

## Popularity

- Public games picked 536,983 times, won 258,949 (48.2% win rate)
- Professional games: 14 picks, 12 bans, 42.9% win rate

## Abilities

Windranger has 7 abilities: Shackleshot, Powershot, Windrun, Gale Force, Focus Fire Cancel, Focus Fire, Tailwind.

### Shackleshot

Windranger's ability **Shackleshot**, type Active, targeting Unit Target.

Shackles the target to an enemy unit or tree in a line directly behind it. If no unit or tree is present, the stun duration is reduced to 0.6.

- Mana cost: 70/80/90/100
- Cooldown: 16/14/12/10
- Pierces spell immunity: No
- Dispellable: Strong Dispels Only
- Fail Stun Duration: 0.6
- Shackle Duration: 1.75/2.25/2.75/3.25
- Shackle Distance: 575
- Arrow Speed: 1650
- Shackle Count: 1
- Shackle Angle: 23
- Cast Range: 800
- Cast Time: 0.15

_Windranger's variety of bow skills includes an arrow with thick ropes attached to encumber any escaping target._

### Powershot

Windranger's ability **Powershot**, type Active, targeting Point Target, Channeled, Magical damage.

CHANNELED - Windranger charges her bow for up to 1 second for a single powerful shot, which deals more damage the longer it is charged. The arrow damages and slows enemies' movement speed along its path. For each enemy that Powershot hits, its damage and slow is reduced.

- Mana cost: 90/100/110/120
- Cooldown: 12/11/10/9
- Pierces spell immunity: No
- Damage: 170/270/370/470
- Slow: 22%/28%/34%/40%
- Slow Duration: 3
- Reduction Per Unit: 15%
- Arrow Width: 125
- Range: 3000
- Arrow Speed: 3000
- Tree Width: 50
- Vision Radius: 400
- Vision Duration: 3.34
- Cast Range: 3000
- Channel Time: 1

_During her early years of training, Lyralei learned to fire powerful arrows that cleaved even trees to reach their targets._

### Windrun

Windranger's ability **Windrun**, type Active, targeting No Target, Instant Cast.

Increases movement speed and adds evasion from all physical attacks.

- Mana cost: 50
- Cooldown: 14/13/12/11
- Pierces spell immunity: No
- Dispellable: Yes
- Move Speed Bonus: 50%
- Evasion: 100%
- Duration: 3/4/5/6
- Cast Time: 0.3

_Lyralei enchants gusts of winds to fight incoming attacks._

### Gale Force

Windranger's ability **Gale Force**, type Active, targeting Point Target, Hidden.

Vector Targeted. Summons a strong wind that pushes all enemies in the target area towards the target direction.

- Mana cost: 125
- Cooldown: 25
- Pierces spell immunity: No
- Duration: 3
- Wind Speed: 240
- Radius: 900
- Cast Range: 1200
- Cast Time: 0.2

_At last Lyralei has learned to call upon the might of her true birthright._

### Focus Fire Cancel

Windranger's ability **Focus Fire Cancel**, type Active, targeting Hidden, No Target.

End your Focus Fire early.

### Focus Fire

Windranger's ability **Focus Fire**, type Active, targeting Unit Target.

Windranger channels the wind to gain 0 additional attack speed against a single enemy unit or structure, though with a reduction to her attack damage. Extra damage from secondary item effects is not reduced.

- Mana cost: 75/100/125
- Cooldown: 50/40/30
- Pierces spell immunity: Yes
- Dispellable: No
- Duration: 20
- Bonus Attack Speed: 350/425/500
- Damage Reduction: -25%
- Focusfire Fire On The Move: 1
- Process Procs: 1
- Unfocused Cancel Initial Cooldown: 0.5
- Cast Range: 600

_Lyralei's ability to bombard opponents with a flurry of arrows is unparalleled - even at the expense of accuracy._

### Tailwind

Windranger's ability **Tailwind**, type Passive, targeting Passive, Hidden, innate.

Using an ability conjures a stacking Tailwind that gives Windranger a brief burst of movement speed. Movement speed bonus gradually starts fading halfway through the Tailwind duration.

Passively increases Windranger's max movement speed.

- Dispellable: Yes
- Move Speed Bonus Per Stack: 35%
- Duration: 2.5
- Max Movespeed: 600

## Lore

The western forests guard their secrets well. One of these is Lyralei, master archer of the wood, and favored godchild of the wind. Known now as Windranger, Lyralei's family was killed in a storm on the night of her birth--their house blown down by the gale, contents scattered to the winds. Only the newborn survived among the debris field of death and destruction. In the quiet after the storm, the wind itself took notice of the lucky infant crying in the grass. The wind pitied the child and so lifted her into the sky and deposited her on a doorstep in a neighboring village. In the years that followed, the wind returned occasionally to the child's life, watching from a distance while she honed her skills. Now, after many years of training, Windranger fires her arrows true to their targets. She moves with blinding speed, as if hastened by a wind ever at her back. With a flurry of arrows, she slaughters her enemies, having become, nearly, a force of nature herself.","",21,"","",1,0,"",1,"en",0,,,,,""
"hero_master",,"vengefulspirit",1,"2026-07-29","hero_master","Vengeful Spirit","# Vengeful Spirit

Vengeful Spirit is an Agility hero with a ranged attack. Primary attribute: Agility. Attack type: Ranged. Roles: Support, Initiator, Disabler, Nuker, Escape.

## Roles

- **Support** — protects allies, buys utility items and controls vision
- **Initiator** — starts team fights on favourable terms
- **Disabler** — has stuns, silences or other crowd control
- **Nuker** — deals large burst spell damage
- **Escape** — has mobility to leave dangerous situations

## Base stats

- Primary attribute: Agility
- Attack type: Ranged
- Base Strength 20 (+2.6 per level)
- Base Agility 23 (+3 per level)
- Base Intelligence 19 (+1.5 per level)
- Health regen 0.25
- Mana regen 0
- Base armor 0
- Base damage 28-34
- Attack range 400
- Base attack time 100
- Attack point 0.33
- Projectile speed 1500
- Move speed 300
- Vision 1800 day / 800 night

## Popularity

- Public games picked 482,660 times, won 256,519 (53.1% win rate)
- Professional games: 2 picks, 1 ban, 50.0% win rate

## Abilities

Vengeful Spirit has 5 abilities: Magic Missile, Wave of Terror, Vengeance Aura, Retribution, Nether Swap.

### Magic Missile

Vengeful Spirit's ability **Magic Missile**, type Active, targeting Unit Target, Magical damage.

Fires a magic missile at an enemy unit, stunning and dealing damage.

- Mana cost: 90/95/100/105
- Cooldown: 14/13/12/11
- Pierces spell immunity: No
- Dispellable: Strong Dispels Only
- Magic Missile Speed: 1350
- Stun Duration: 1.2/1.4/1.6/1.8
- Damage: 100/180/260/340
- Cast Range: 650
- Bounce Range Pct: 75
- Cast Time: 0.3

_A simple Skywrath technique, the magic missile is Shendel's primary tool for vengeance._

### Wave of Terror

Vengeful Spirit's ability **Wave of Terror**, type Active, targeting Point Target, Magical damage.

Vengeful Spirit lets loose a wicked cry, weakening the total attack damage and armor of enemies, and giving vision of the path ahead.

- Mana cost: 40
- Cooldown: 16/14/12/10
- Pierces spell immunity: No
- Dispellable: Yes
- Damage: 60/80/100/120
- Wave Speed: 2000
- Wave Width: 325
- Armor Reduction: -3/-4/-5/-6
- Attack Damage Reduction: 10%/15%/20%/25%
- Vision Aoe: 350
- Vision Duration: 4
- Cast Range: 1400
- Debuff Duration: 8
- Cast Time: 0.3

_Shendel's haunting voice hints at her approaching vindication._

### Vengeance Aura

Vengeful Spirit's ability **Vengeance Aura**, type Passive, targeting Passive.

Vengeful Spirit's presence increases the damage of nearby friendly heroes. Vengeful Spirit herself receives 25% extra bonus.

- Cooldown: 0
- Pierces spell immunity: Yes
- Base Damage Bonus: 10%/15%/20%/25%
- Self Multiplier: 25%
- Radius: 1200
- Cast Range: 1200

_Although they may not share her undying passion for revenge, allies do draw on her fanaticism in combat._

### Retribution

Vengeful Spirit's ability **Retribution**, type Passive, targeting Passive, innate.

Vengeful Spirit is considered both a ranged and a melee attacker to gain the respective bonuses.

When killed by an enemy hero, Vengeful Spirit deals 20% bonus damage to her killer until their next death. Only one debuff can exist at a time.

- Dispellable: No
- Bonus Damage: 20

### Nether Swap

Vengeful Spirit's ability **Nether Swap**, type Active, targeting Unit Target, Magical damage.

Instantaneously swaps positions with a target Hero, friend or enemy. Nether Swap interrupts channeling abilities on the target. Enemy Swapped units take damage. Vengeful Spirit and allied swapped units gain a barrier equal to the damage dealt.

- Mana cost: 100/150/200
- Cooldown: 46/38/30
- Pierces spell immunity: Yes
- Dispellable: Yes
- Shield Duration: 10
- Damage/Shield: 150/300/450
- Cast Range: 850/975/1100
- Cast Time: 0.4

_Martyrdom is a small price to pay for vengeance._

## Lore

Even the most contented Skywrath is an ill-tempered creature, naturally inclined to seek revenge for the slightest insult. But Vengeful Spirit is the essence of vengeance. Once a proud and savage Skywrath scion, Shendelzare was first in succession for the Ghastly Eyrie until a sister's treachery robbed her of her birthright. Snared in an assassin's net, Shendelzare tore free only at the cost of her wings, limping away in the ultimate humiliation: On foot. With her wings broken, she knew the Skywrath would never accept her as ruler; and in the highest roost of the Eyrie, inaccessible except by winged flight, her sister was untouchable. Unwilling to live as a flightless cripple, and desiring revenge far more than earthly power, the fallen princess drove a bargain with the goddess Scree'Auk: She surrendered her broken body for an imperishable form of spirit energy, driven by vengeance, capable of doing great damage in the material plane. She may spend eternity flightless, but she will have her revenge.","",20,"","",1,0,"",1,"en",0,,,,,""
"hero_master",,"tiny",1,"2026-07-29","hero_master","Tiny","# Tiny

Tiny is a Strength hero with a melee attack. Primary attribute: Strength. Attack type: Melee. Roles: Carry, Nuker, Pusher, Initiator, Durable, Disabler.

## Roles

- **Carry** — scales with items and becomes the main damage dealer late game
- **Nuker** — deals large burst spell damage
- **Pusher** — pressures and destroys enemy towers quickly
- **Initiator** — starts team fights on favourable terms
- **Durable** — survives extended fights, high effective health
- **Disabler** — has stuns, silences or other crowd control

## Base stats

- Primary attribute: Strength
- Attack type: Melee
- Base Strength 30 (+4.2 per level)
- Base Agility 0 (+0 per level)
- Base Intelligence 17 (+2.2 per level)
- Health regen 2
- Mana regen 0
- Base armor 0
- Base damage 31-37
- Attack range 150
- Base attack time 90
- Attack point 0.4
- Projectile speed 900
- Move speed 275
- Vision 1800 day / 800 night

## Popularity

- Public games picked 237,334 times, won 106,418 (44.8% win rate)
- Professional games: 17 picks, 12 bans, 29.4% win rate

## Abilities

Tiny has 7 abilities: Avalanche, Toss, Tree Grab, Tree Volley, Insurmountable, Grow, Tree Throw.

### Avalanche

Tiny's ability **Avalanche**, type Active, targeting AOE, Point Target, Magical damage.

Bombards an area with rocks, continously doing small intervals of damage and stun to enemy units.

- Mana cost: 105/120/135/150
- Cooldown: 23/20/17/14
- Pierces spell immunity: No
- Dispellable: Strong Dispels Only
- Cast Range: 600
- Radius: 325/340/355/370
- Tick Interval: 0.3
- Avalanche Duration: 1.5
- Tick Count: 5
- Stun Duration: 0.3
- Projectile Speed: 1200
- Avalanche Damage: 90/180/270/360

_Inanimate rock becomes animate when called by the Stone Giant._

### Toss

Tiny's ability **Toss**, type Active, targeting Unit Target, AOE, Magical damage.

Grabs the nearest unit in a 300 radius around Tiny, ally or enemy, and launches it at the target unit or rune to deal damage where they land.

- Mana cost: 125
- Cooldown: 20/17/14/11
- Duration: 1.1
- Grab Radius: 300
- Radius: 275
- Damage: 90/180/270/360
- Cast Range: 800/900/1000/1100

_Tiny's gargantuan stature allows him to catapult even the sturdiest of warriors._

### Tree Grab

Tiny's ability **Tree Grab**, type Active, targeting Unit Target, Physical damage.

Grabs a tree and causes Tiny to have bonus range, damage, and a splashing attack for a limited number of attacks. The tree can be thrown, to deal your attack to a unit at a distance.

- Mana cost: 40/35/30/25
- Cooldown: 16/13/10/7
- Pierces spell immunity: Yes
- Dispellable: No
- Number Of Attacks: 5/6/7/8
- Bonus Base Damage: 10/20/30/40
- Bonus Building Damage: 30%/40%/50%/60%
- Attack Range: 300
- Splash Width: 200
- Splash Range: 400
- Splash Damage: 70%/80%/90%/100%
- Cast Range: 200
- Cast Time: 0.2

### Tree Volley

Tiny's ability **Tree Volley**, type Active, targeting Channeled, Point Target, AOE, Hidden, Physical damage.

CHANNELED - Tiny channels to throw random trees within range towards the targeted area. Deals Tiny's attack with Tree Throw bonuses.

- Mana cost: 150
- Cooldown: 17
- Pierces spell immunity: Yes
- Speed: 1000
- Range: 1200
- Target Radius: 400
- Tree Grab Radius: 700
- Throw Interval: 0.5
- Cast Range: 1200
- Max Channel Time: 2.5
- Cast Time: 0.2

_Sticks thrown from stones are like to shatter many bones._

### Insurmountable

Tiny's ability **Insurmountable**, type Passive, targeting Passive, Hidden, innate.

Tiny gains Status and Slow Resistance from Strength. Slow Resistance also reduces the impact of Attack Speed slows.

- Dispellable: No
- Strength To Slow Resist: 15%
- Strength To Status Resist: 10%

### Grow

Tiny's ability **Grow**, type Passive, targeting Passive, Physical damage.

Tiny gains craggy mass, increasing his attack damage, movement speed and armor, and toss power while slowing his attack speed.

- Bonus Armor: 5/10/15
- Bonus Damage: 60/120/180
- Attack Speed Reduction: -35%
- Toss Bonus Damage: 50/200/350
- Movement Speed Bonus: 10/20/30

_Watching a hill become a mountain is awe-inspiring - especially if the mountain begins laying waste to adversaries._

### Tree Throw

Tiny's ability **Tree Throw**, type Active, targeting Unit Target, Point Target, Hidden, Physical damage.

Throws the tree at the target unit, proccing your attack on it and splashing damage around the target.

- Pierces spell immunity: No
- Speed: 900
- Cast Range: 1000
- Bonus Damage: 10/20/30/40
- Splash Radius: 275
- Cast Range: 1000
- Cast Time: 0.2

_Even enemies can share in Tiny's arbor ardor._

## Lore

Coming to life as a chunk of stone, Tiny's origins are a mystery on which he continually speculates. He is a Stone Giant now, but what did he used to be? A splinter broken from a Golem's heel? A shard swept from a gargoyle-sculptor's workshop? A fragment of the Oracular Visage of Garthos? A deep curiosity drives him, and he travels the world tirelessly seeking his origins, his parentage, his people. As he roams, he gathers weight and size; the forces that weather lesser rocks, instead cause Tiny to grow and ever grow.","",19,"","",1,0,"",1,"en",0,,,,,""
"hero_master",,"sven",1,"2026-07-29","hero_master","Sven","# Sven

Sven is a Strength hero with a melee attack. Primary attribute: Strength. Attack type: Melee. Roles: Carry, Disabler, Initiator, Durable, Nuker.

## Roles

- **Carry** — scales with items and becomes the main damage dealer late game
- **Disabler** — has stuns, silences or other crowd control
- **Initiator** — starts team fights on favourable terms
- **Durable** — survives extended fights, high effective health
- **Nuker** — deals large burst spell damage

## Base stats

- Primary attribute: Strength
- Attack type: Melee
- Base Strength 24 (+3.5 per level)
- Base Agility 18 (+2.2 per level)
- Base Intelligence 16 (+1.5 per level)
- Health regen 0.75
- Mana regen 0
- Base armor 0
- Base damage 37-39
- Attack range 150
- Base attack time 110
- Attack point 0.4
- Move speed 325
- Vision 1800 day / 800 night

## Popularity

- Public games picked 255,879 times, won 128,732 (50.3% win rate)
- Professional games: 2 picks, 0 bans, 50.0% win rate

## Abilities

Sven has 5 abilities: Storm Hammer, Great Cleave, Warcry, God's Strength, Wrath of God.

### Storm Hammer

Sven's ability **Storm Hammer**, type Active, targeting Unit Target, AOE, Magical damage.

Sven unleashes his magical gauntlet that deals damage and stuns enemy units in a small area around the target.

- Mana cost: 110
- Cooldown: 21/18/15/12
- Pierces spell immunity: No
- Dispellable: Strong Dispels Only
- Cast Range: 600
- Bolt Speed: 1000
- Stun Duration: 1/1.25/1.5/1.75
- Radius: 250/270/290/310
- Vision Radius: 225
- Scepter Bonus Damage: 180
- Cast Time: 0.2

_The Rogue Knight's iron gauntlet, taken from the school of his father, strikes his foes to their core._

### Great Cleave

Sven's ability **Great Cleave**, type Passive, targeting Passive.

Sven strikes with great force, cleaving all nearby enemy units with his attack.

- Pierces spell immunity: Yes
- Cleave Starting Width: 150
- Cleave Ending Width: 270/300/330/360
- Cleave Distance: 400/500/600/700
- Cleave Damage: 60%/70%/80%/90%
- Strength Bonus: 00

_The Vigil Knights still seek to reclaim the stolen Outcast Blade from Sven, a weapon capable of cutting wide swaths through lesser warriors._

### Warcry

Sven's ability **Warcry**, type Active, targeting No Target, Instant Cast.

Sven's Warcry heartens his allied heroes for battle, increasing their armor and movement speed. Lasts 8 seconds.

- Mana cost: 30/35/40/45
- Cooldown: 36/32/28/24
- Pierces spell immunity: Yes
- Dispellable: Yes
- Bonus Speed: 6%/9%/12%/15%
- Bonus Armor: 5/8/11/14
- Radius: 700
- Duration: 8

_Calling a few lines from the Vigil Codex fortifies Sven's obedience to his rogue code. So poetic!_

### God's Strength

Sven's ability **God's Strength**, type Active, targeting No Target.

Sven channels his rogue strength, granting bonus damage and slow resistance for 30 seconds.

- Mana cost: 100/125/150
- Cooldown: 110/105/100
- Dispellable: No
- Bonus Damage: 110%/150%/190%
- Slow Resistance: 40%
- Duration: 30
- Cast Time: 0.3

_With the strength that shattered the Sacred Helm, the Rogue Knight stands unopposed in melee combat._

### Wrath of God

Sven's ability **Wrath of God**, type Passive, targeting Passive, Hidden, innate.

Sven gains additional attack damage from Strength.

- Damage Per Strength: 0.08

## Lore

Sven is the bastard son of a Vigil Knight, born of a Pallid Meranth, raised in the Shadeshore Ruins. With his father executed for violating the Vigil Codex, and his mother shunned by her wild race, Sven believes that honor is to be found in no social order, but only in himself. After tending his mother through a lingering death, he offered himself as a novice to the Vigil Knights, never revealing his identity. For thirteen years he studied in his father's school, mastering the rigid code that declared his existence an abomination. Then, on the day that should have been his In-Swearing, he seized the Outcast Blade, shattered the Sacred Helm, and burned the Codex in the Vigil's Holy Flame. He strode from Vigil Keep, forever solitary, following his private code to the last strict rune. Still a knight, yes...but a Rogue Knight. He answers only to himself.","",18,"","",1,0,"",1,"en",0,,,,,""
"hero_master",,"storm-spirit",1,"2026-07-29","hero_master","Storm Spirit","# Storm Spirit

Storm Spirit is an Intelligence hero with a ranged attack. Primary attribute: Intelligence. Attack type: Ranged. Roles: Carry, Escape, Nuker, Initiator, Disabler.

## Roles

- **Carry** — scales with items and becomes the main damage dealer late game
- **Escape** — has mobility to leave dangerous situations
- **Nuker** — deals large burst spell damage
- **Initiator** — starts team fights on favourable terms
- **Disabler** — has stuns, silences or other crowd control

## Base stats

- Primary attribute: Intelligence
- Attack type: Ranged
- Base Strength 21 (+2 per level)
- Base Agility 22 (+2.6 per level)
- Base Intelligence 23 (+3.7 per level)
- Health regen 0.5
- Mana regen 0
- Base armor 1
- Base damage 24-34
- Attack range 480
- Base attack time 115
- Attack point 0.5
- Projectile speed 1100
- Move speed 285
- Turn rate 0.8
- Vision 1800 day / 800 night

## Popularity

- Public games picked 244,800 times, won 115,329 (47.1% win rate)
- Professional games: 11 picks, 14 bans, 63.6% win rate

## Abilities

Storm Spirit has 5 abilities: Static Remnant, Electric Vortex, Overload, Ball Lightning, Galvanized.

### Static Remnant

Storm Spirit's ability **Static Remnant**, type Active, targeting No Target, Magical damage.

Creates an explosively charged image of Storm Spirit that walks to the target position and lasts for 12 seconds. Will detonate and deal damage if an enemy unit comes near it.

- Mana cost: 70/80/90/100
- Cooldown: 3.5
- Pierces spell immunity: No
- Static Remnant Radius: 235
- Radius: 300
- Static Remnant Delay: 0.75
- Damage: 100/160/220/280
- Is Point Targeted: +1
- Cast Range: 800
- Remnant Speed: 300
- Vision Radius: 100
- Static Remnant Vision Radius Night: 100
- Duration: 12

_Raijin Thunderkeg's duality allows him to admire himself in shocking fashion._

### Electric Vortex

Storm Spirit's ability **Electric Vortex**, type Active, targeting Unit Target.

A vortex that pulls an enemy unit to Storm Spirit's location.

- Mana cost: 60/70/80/90
- Cooldown: 20/18/16/14
- Pierces spell immunity: No
- Dispellable: Strong Dispels Only
- Pull Distance: 180/220/260/300
- Electric Vortex Pull Tether Range: 1200
- Electric Vortex Self Slow: -50
- Electric Vortex Self Slow Duration: 3
- Duration: 1.1/1.4/1.7/2
- Cast Range: 300
- Cast Time: 0.3

_Raijin's thunderous, boisterous energy often draws others into an electrifying situation._

### Overload

Storm Spirit's ability **Overload**, type Passive, targeting Passive, Magical damage.

Casting a spell creates an electrical charge, which is released in a burst on Storm's next attack, dealing damage and slowing nearby enemies.

- Pierces spell immunity: No
- Dispellable: Yes
- Radius: 300
- Movement Slow: -80%
- Attack Slow: -90
- Damage: 25/50/75/100
- Duration: 0.8

_Pow!  Zip!  Zap!_

### Ball Lightning

Storm Spirit's ability **Ball Lightning**, type Active, targeting Point Target, Magical damage.

Storm Spirit becomes volatile electricity, charging across the battlefield until he depletes his mana or reaches his target. The activation mana cost is 25+7.5% of his total mana pool, and the cost per 100 units traveled is 10+0.65% of his total mana pool. Damage is expressed in damage per 100 units traveled.

- Mana cost: 30
- Pierces spell immunity: No
- Ball Lightning Initial Mana Percentage: 7.5
- Ball Lightning Initial Mana Base: 25
- Speed: 1400/1850/2300
- Radius: 200
- Ball Lightning Travel Cost Base: 10
- Mana Drain Per 100 Units: 0.65%
- Ball Lightning Vision Radius: 400
- Blocker Duration: 5
- Scepter Remnant Interval: 300
- Cast Time: 0.3

_The Storm is coming in._

### Galvanized

Storm Spirit's ability **Galvanized**, type Passive, targeting Passive, innate.

Storm Spirit gains a charge of 0.2 mana regeneration per kill, and a charge every 3 levels. Loses 2 charges per death. Additionally every time he gains a charge he also gains 0.1 Mana Regen permanently.

- Dispellable: No
- Perma Mp Per Kill: 0.1
- Mp Per Kill: 0.2
- Radius: 1200
- Charges Per Death: 2
- Level Divisor: 3

## Lore

Storm Spirit is literally a force of nature--the wild power of wind and weather, bottled in human form. And a boisterous, jovial, irrepressible form it is! As jolly as a favorite uncle, he injects every scene with crackling energy. But it was not always thus, and there was tragedy in his creation. Generations ago, in the plains beyond the Wailing Mountains, a good people lay starving in drought and famine. A simple elementalist, Thunderkeg by name, used a forbidden spell to summon the spirit of the storm, asking for rain. Enraged at this mortal's presumption, the Storm Celestial known as Raijin lay waste to the land, scouring it bare with winds and flood. Thunderkeg was no match for the Celestial--at least until he cast a suicidal spell that forged their fates into one: he captured the Celestial in the cage of his own body. Trapped together, Thunderkeg's boundless good humor fused with Raijin's crazed energy, creating the jovial Raijin Thunderkeg, a Celestial who walks the world in physical form.","",17,"","",1,0,"",1,"en",0,,,,,""
"hero_master",,"sand-king",1,"2026-07-29","hero_master","Sand King","# Sand King

Sand King is an Universal hero with a melee attack. Primary attribute: Universal. Attack type: Melee. Roles: Initiator, Disabler, Support, Nuker, Escape.

## Roles

- **Initiator** — starts team fights on favourable terms
- **Disabler** — has stuns, silences or other crowd control
- **Support** — protects allies, buys utility items and controls vision
- **Nuker** — deals large burst spell damage
- **Escape** — has mobility to leave dangerous situations

## Base stats

- Primary attribute: Universal
- Attack type: Melee
- Base Strength 23 (+2.3 per level)
- Base Agility 19 (+2 per level)
- Base Intelligence 17 (+2 per level)
- Health regen 0.25
- Mana regen 0
- Base armor 1
- Base damage 19-29
- Attack range 150
- Base attack time 110
- Attack point 0.53
- Projectile speed 900
- Move speed 290
- Vision 1800 day / 800 night

## Popularity

- Public games picked 166,904 times, won 81,229 (48.7% win rate)

## Abilities

Sand King has 5 abilities: Burrowstrike, Sand Storm, Stinger, Caustic Finale, Epicenter.

### Burrowstrike

Sand King's ability **Burrowstrike**, type Active, targeting Point Target, Magical damage.

Sand King burrows into the ground and tunnels forward, damaging and stunning enemy units above him as he resurfaces. Adds Caustic Finale poison to heroes hit

 Can be put on alt-cast to immediately cast in the desired direction, without walking towards the targeted location.

- Mana cost: 100/110/120/130
- Cooldown: 14/13/12/11
- Pierces spell immunity: No
- Dispellable: Strong Dispels Only
- Burrow Width: 150
- Stun Duration: 1.2/1.4/1.6/1.8
- Burrow Speed: 2000
- Burrow Anim Time: 0.52
- Cast Range: 550/625/700/775

_Crixalis often lies in wait, burrowing under the surface to ambush his adversaries._

### Sand Storm

Sand King's ability **Sand Storm**, type Active, targeting No Target, Magical damage.

Sand King creates a fearsome sandstorm that damages enemy units and grants Sand King Invisibility while he is in it. The effect ends when Sand King leaves the area.

- Mana cost: 85
- Cooldown: 40/34/28/22
- Pierces spell immunity: No
- Dispellable: No
- Damage Tick Rate: 0.2
- Duration: 16/20/24/28
- Radius: 475/550/625/700
- Damage Per Second: 30/50/70/90
- Fade Delay: 0.7

_Some say Crixalis is a mirage; his carapace appearing then vanishing between the whirling sands of the Scintillant Waste._

### Stinger

Sand King's ability **Stinger**, type Active, targeting Point Target, AOE, Physical damage.

Sand King strikes an area, performing an attack on all enemies in the area of effect, dealing extra damage to each. Enemies within an innermost radius of 125 take 40% extra damage. Applies Caustic Finale and a slow to all enemies hit.

- Mana cost: 35/40/45/50
- Cooldown: 15/12/9/6
- Radius: 230/250/270/290
- Inner Radius: 125
- Inner Radius Bonus Damage Pct: 40
- Bonus Damage: 50/75/100/125
- Slow Duration: 5
- Movement Speed Slow: 10%/12%/14%/16%
- Cast Range: 200
- Cast Time: 0.4

_Crixalis is certainly capable of mercy, but the soul of the sand finds few foes worth sparing._

### Caustic Finale

Sand King's ability **Caustic Finale**, type Passive, targeting Passive, Hidden, Magical damage, innate.

Sand King's attacks inject a venom that causes enemy units to violently explode when they die that does a flat amount of damage and an additional amount based on the dying units max health.

- Pierces spell immunity: No
- Dispellable: Yes
- Explode Radius: 400
- Base Damage: 17
- Max Health Damage: 2.5%
- Duration: 4.5

_An injection from Crixalis makes one brittle and as dry as the arid wastes, subject to implosive demise._

### Epicenter

Sand King's ability **Epicenter**, type Active, targeting No Target, Magical damage.

After a cast point of 2 seconds, Sand King sends a disturbance into the earth, causing it to shudder violently. All enemies caught within range will take damage and become slowed. Each subsequent pulse increases the radius of damage dealt.

- Mana cost: 150/225/300
- Cooldown: 120/110/100
- Pierces spell immunity: No
- Dispellable: No
- Pulses: 12/16/20
- Damage Per Pulse: 60/70/80
- Base Radius: 450
- Incremental Radius: 13
- Movement Slow: -30%/-40%/-50%
- Attack Slow: -30/-40/-50
- Shard Interval: 3
- Debuff Duration: 3
- Epicenter Duration: 6
- Cast Time: 2

_Many an explorer was lost to the quicksands of the Scintillant Waste._

## Lore

The sands of the Scintillant Waste are alive and sentient--the whole vast desert speaks to itself, thinking thoughts only such a vastness can conceive. But when it needs must find a form to communicate with those of more limited scope, it frees a fragment of itself, and fills a carapace of magic armor formed by the cunning Djinn of Qaldin. This essential identity calls itself Crixalis, meaning 'Soul of the Sand,' but others know it as Sand King. Sand King takes the form of a huge arachnid, inspired by the Scintillant Waste's small but ubiquitous denizens; and this is a true outward expression of his ferocious nature. Guardian, warrior, ambassador--Sand King is all of these things, inseparable from the endless desert that gave him life.","",16,"","",1,0,"",1,"en",0,,,,,""
"hero_master",,"razor",1,"2026-07-29","hero_master","Razor","# Razor

Razor is an Agility hero with a ranged attack. Primary attribute: Agility. Attack type: Ranged. Roles: Carry, Durable, Nuker, Pusher.

## Roles

- **Carry** — scales with items and becomes the main damage dealer late game
- **Durable** — survives extended fights, high effective health
- **Nuker** — deals large burst spell damage
- **Pusher** — pressures and destroys enemy towers quickly

## Base stats

- Primary attribute: Agility
- Attack type: Ranged
- Base Strength 22 (+2.8 per level)
- Base Agility 24 (+2.8 per level)
- Base Intelligence 21 (+2.2 per level)
- Health regen 1
- Mana regen 0
- Base armor 0
- Base damage 23-25
- Attack range 475
- Base attack time 100
- Attack point 0.3
- Projectile speed 2000
- Move speed 280
- Vision 1800 day / 800 night

## Popularity

- Public games picked 231,125 times, won 115,357 (49.9% win rate)
- Professional games: 2 picks, 1 ban, 0.0% win rate

## Abilities

Razor has 5 abilities: Plasma Field, Static Link, Storm Surge, Unstable Current, Eye of the Storm.

### Plasma Field

Razor's ability **Plasma Field**, type Active, targeting No Target, Instant Cast, Magical damage.

Releases a wave of energetic plasma that grows in power as it expands, but also zaps on contraction, slowing and dealing damage to enemy units caught in its path. Damage and slow increases with distance from Razor. The Plasma Field hits each unit twice, once each direction.

- Mana cost: 125
- Cooldown: 13/12/11/10
- Pierces spell immunity: No
- Dispellable: Yes
- Damage Min: 35/40/45/50
- Damage Max: 80/115/150/185
- Radius: 700
- Total Ability Time: 2.2
- Slow Min: 5%
- Slow Max: 25%/30%/35%/40%
- Slow Duration: 1.5

_The Lightning Revenant rules the Underscape with plasmatic power._

### Static Link

Razor's ability **Static Link**, type Active, targeting Unit Target.

Creates a charged link between Razor and an enemy Hero, stealing damage from the target and giving it to Razor. Allows Razor to attack while moving with the link active.

- Mana cost: 65
- Cooldown: 44/36/28/20
- Pierces spell immunity: Yes
- Dispellable: No
- Link Duration: 10
- Buff Duration: 12/14/16/18
- Damage Drain Rate: 6/12/18/24
- Drain Range Buffer: 250
- Radius: 200
- Speed: 900
- Vision Duration: 3.34
- Cast Range: 550
- Cast Time: 0.3

_Razor's polarity channels electricity into his being, draining the power of his opposition._

### Storm Surge

Razor's ability **Storm Surge**, type Passive, targeting Passive, Magical damage.

There's a chance when attacked, and always when targeted with a spell, to release a forked lightning that strikes the target and other nearby enemies, prioritizing the unit type of the attacker, dealing damage and slowing movement speed.

- Chance To Strike: 20%
- Targets Hit: 3
- Damage: 50/90/130/170
- Movement Slow: 25%/30%/35%/40%
- Slow Duration: 1
- Strike Search Area: 700
- Strike Cooldown: 2.5

_Merely approaching the Lightning Revenant is rewarded with shock therapy._

### Unstable Current

Razor's ability **Unstable Current**, type Passive, targeting Passive, innate.

### Eye of the Storm

Razor's ability **Eye of the Storm**, type Active, targeting No Target, Instant Cast, Physical damage.

A powerful lightning storm strikes out at the enemy unit with the lowest health, dealing damage and reducing armor.

- Mana cost: 100/150/200
- Cooldown: 80/70/60
- Pierces spell immunity: Yes
- Dispellable: No
- Radius: 500
- Duration: 30
- Strike Interval: 0.7/0.6/0.5
- Armor Reduction: 1
- Damage: 60/75/90

_Ride the lightning._

## Lore

Among the emblematic powers that populate the Underscape, Razor the Lightning Revenant is one of the most feared. With his whip of lightning, he patrols the Narrow Maze, that treacherous webwork of passages by which the souls of the dead are sorted according to their own innate intelligence, cunning and persistence. Drifting above the Maze, Razor looks down on the baffled souls below, and delivers jolts of scalding electricity that both punish and quicken the souls as they decide their own fates, hurrying on toward luminous exits or endlessly dark pits. Razor is the eternal embodiment of a dominating power, abstract and almost clinical in his application of power. Yet he has a lordly air that suggests he takes a sardonic satisfaction in his work.","",15,"","",1,0,"",1,"en",0,,,,,""
"hero_master",,"pudge",1,"2026-07-29","hero_master","Pudge","# Pudge

Pudge is a Strength hero with a melee attack. Primary attribute: Strength. Attack type: Melee. Roles: Disabler, Initiator, Durable, Nuker.

## Roles

- **Disabler** — has stuns, silences or other crowd control
- **Initiator** — starts team fights on favourable terms
- **Durable** — survives extended fights, high effective health
- **Nuker** — deals large burst spell damage

## Base stats

- Primary attribute: Strength
- Attack type: Melee
- Base Strength 25 (+3 per level)
- Base Agility 11 (+1.4 per level)
- Base Intelligence 16 (+1.8 per level)
- Health regen 2.5
- Mana regen 0
- Base armor 0
- Base damage 45-51
- Attack range 175
- Base attack time 100
- Attack point 0.5
- Move speed 280
- Turn rate 0.7
- Vision 1800 day / 800 night

## Popularity

- Public games picked 1,028,498 times, won 529,219 (51.5% win rate)
- Professional games: 5 picks, 1 ban, 80.0% win rate

## Abilities

Pudge has 5 abilities: Meat Hook, Rot, Meat Shield, Flesh Heap, Dismember.

### Meat Hook

Pudge's ability **Meat Hook**, type Active, targeting Point Target, Pure damage.

Launches a bloody hook toward a unit or location. The hook will snag the first unit it encounters, dragging the unit back to Pudge, killing it if it's a non-ancient creep and dealing damage if it is an enemy otherwise.

- Mana cost: 120
- Cooldown: 18/16/14/12
- Pierces spell immunity: Yes
- Damage: 150/220/290/360
- Hook Speed: 1600
- Hook Width: 100
- Cast Range: 1300
- Vision Radius: 500
- Vision Duration: 4
- Reveal Duration: 00
- Self Stun Duration Percent: 65
- Cast Time: 0.3

_The Butcher's hook is a symbolic nightmare, its curved blade a frightening reminder of his slaughterous intent._

### Rot

Pudge's ability **Rot**, type Active, targeting No Target, Magical damage.

A toxic cloud that deals intense damage and slows movement--harming not only enemy units but Pudge himself.

- Pierces spell immunity: No
- Radius: 250
- Rot Tick: 0.2
- Move Slow: -14%/-20%/-26%/-32%
- Damage: 30/60/90/120

_A foul odor precedes a toxic, choking gas, emanating from the Butcher's putrid, ever-swelling mass._

### Meat Shield

Pudge's ability **Meat Shield**, type Active, targeting No Target, Instant Cast.

Pudge covers himself with a layer of flesh that blocks damage of any type taken from any source.

- Mana cost: 65/70/75/80
- Cooldown: 20/19/18/17
- Dispellable: No
- Damage Block: 8/14/20/26
- Duration: 4/5/6/7

_The Butcher gives new meaning to the words 'meat shield.'_

### Flesh Heap

Pudge's ability **Flesh Heap**, type Passive, targeting Hidden, Passive, innate.

Pudge's skin thickens permanently every time he kills an enemy Hero, gaining 2 bonus Strength for each stack.

- Flesh Heap Strength Buff Amount: 2
- Flesh Heap Range: 450

### Dismember

Pudge's ability **Dismember**, type Active, targeting Unit Target, Channeled, Magical damage.

CHANNELED - Pudge chows down on an enemy unit, disabling it and dealing damage over time. Damage is increased by Pudge's Strength and heals him for the total amount. Pudge pulls the unit at a rate of 75 units, up to a minimum of 125 range.

- Mana cost: 100/130/170
- Cooldown: 30/25/20
- Pierces spell immunity: Yes
- Dispellable: Strong Dispels Only
- Damage Per Second: 80/100/120
- Strength Multiplier: 0.3/0.6/0.9
- Ticks: 6
- Pull Units Per Second: 75
- Pull Distance Limit: 125
- Animation Rate: 1.5
- Duration: 2.75
- Cast Range: 200
- Cast Time: 0.3

_'When I'm through with these vermin, they'll be fit for a pie!'_

## Lore

In the Fields of Endless Carnage, far to the south of Quoidge, a corpulent figure works tirelessly through the night--dismembering, disembowelling, piling up the limbs and viscera of the fallen that the battlefield might be clear by dawn. In this cursed realm, nothing can decay or decompose; no corpse may ever return to the earth from which it sprang, no matter how deep you dig the grave. Flocked by carrion birds who need him to cut their meals into beak-sized chunks, Pudge the Butcher hones his skills with blades that grow sharper the longer he uses them. Swish, swish, thunk. Flesh falls from the bone; tendons and ligaments part like wet paper. And while he always had a taste for the butchery, over the ages, Pudge has developed a taste for its byproduct as well. Starting with a gobbet of muscle here, a sip of blood there...before long he was thrusting his jaws deep into the toughest of torsos, like a dog gnawing at rags. Even those who are beyond fearing the Reaper, fear the Butcher.","",14,"","",1,0,"",1,"en",0,,,,,""
"hero_master",,"puck",1,"2026-07-29","hero_master","Puck","# Puck

Puck is an Intelligence hero with a ranged attack. Primary attribute: Intelligence. Attack type: Ranged. Roles: Initiator, Disabler, Escape, Nuker.

## Roles

- **Initiator** — starts team fights on favourable terms
- **Disabler** — has stuns, silences or other crowd control
- **Escape** — has mobility to leave dangerous situations
- **Nuker** — deals large burst spell damage

## Base stats

- Primary attribute: Intelligence
- Attack type: Ranged
- Base Strength 17 (+2.4 per level)
- Base Agility 14 (+2.3 per level)
- Base Intelligence 23 (+3.8 per level)
- Health regen 0.5
- Mana regen 0.5
- Base armor 0
- Base damage 22-30
- Attack range 550
- Base attack time 100
- Attack point 0.5
- Projectile speed 900
- Move speed 290
- Turn rate 0.9
- Vision 1800 day / 800 night

## Popularity

- Public games picked 146,894 times, won 69,025 (47.0% win rate)
- Professional games: 13 picks, 57 bans, 46.2% win rate

## Abilities

Puck has 6 abilities: Illusory Orb, Waning Rift, Phase Shift, Ethereal Jaunt, Puckish, Dream Coil.

### Illusory Orb

Puck's ability **Illusory Orb**, type Active, targeting Point Target, Magical damage.

Vector Targeted. Puck launches a magic orb that travels along the path, damaging enemy units along the way. The orb deals an additional 3% of its impact damage every 0.5s in its area of effect, but if it exceeds the max cast range it will be destroyed.

 At any point, Puck may teleport to the orb's location using Ethereal Jaunt.

 Can be put on alt-cast to launch the Orb straight ahead.

- Mana cost: 90/100/110/120
- Cooldown: 11/10/9/8
- Pierces spell immunity: No
- Radius: 225
- Max Distance: 1950
- Speed: 750
- Orb Vision: 450
- Vision Duration: 2.5
- Impact Damage: 70/140/210/280
- Warning Sound Time: 0.25
- Curve Orb: 1
- Curve Orb Duration Multiplier: 100
- Curve Orb Max Acceleration: 0.0015
- Curve Orb Pullback Bonus Launch Speed: 0.25
- Curve Strength: 0.6
- Vector Reticle Distance: 200
- Damage Over Time Pct: 3
- Damage Interval: 0.5
- Max Orb Duration: 5.2
- Cast Range: 1950
- Cast Time: 0.1

_The playful Faerie Dragon delights in confusing others, vanishing and reappearing where unexpected._

### Waning Rift

Puck's ability **Waning Rift**, type Active, targeting Point Target, AOE, Magical damage.

Puck teleports to the target location and releases a burst of faerie dust that deals damage and silences enemy units nearby.

- Mana cost: 100/110/120/130
- Cooldown: 16/15/14/13
- Pierces spell immunity: No
- Dispellable: Yes
- Radius: 400
- Duration: 2/2.5/3/3.5
- Damage: 60/120/180/240
- Max Distance: 350
- Cast Time: 0.1

_With a mischievous grin, Puck spreads its enchanted powder which disrupts magical flow._

### Phase Shift

Puck's ability **Phase Shift**, type Active, targeting No Target, Channeled.

CHANNELED - Puck briefly shifts into another dimension where it is immune from harm.

- Mana cost: 0
- Cooldown: 8/7.5/7/6.5
- Duration: 1/1.75/2.5/3.25
- Channel Time: 1/1.75/2.5/3.25
- Cast Time: 0.01

_With a quip and flash, Puck returns to the alien dimension from whence it came._

### Ethereal Jaunt

Puck's ability **Ethereal Jaunt**, type Active, targeting No Target.

Teleports Puck to a flying Illusory Orb.

_The Orb is an egg of potential, traveling along its own timeline._

### Puckish

Puck's ability **Puckish**, type Passive, targeting Passive, innate.

Whenever Puck disjoints an attack, it restores 3% of its max health and mana. Dodging a targeted spell projectile restores 3x that amount. Does not apply to attacks by Towers.

- Mana And Health Restore Pct: 3
- Dodged Spell Multiplier: 3

### Dream Coil

Puck's ability **Dream Coil**, type Active, targeting AOE, Point Target, Magical damage.

Creates a coil of volatile magic that latches onto enemy Heroes, damaging and leashing them. If the enemy hero stretches the coil by moving too far away, it snaps, stunning and dealing additional damage.

- Mana cost: 125/175/225
- Cooldown: 75
- Pierces spell immunity: No
- Dispellable: No
- Coil Duration: 5/5.5/6
- Break Radius: 600
- Stun Duration: 0.5
- Initial Damage: 175/250/325
- Break Stun Duration: 1.5/2/2.5
- Break Damage: 200/300/400
- Coil Radius: 375
- Cast Range: 750
- Cast Time: 0.1

_The Faerie Dragon sows confusion by forcing its enemies to vividly dream about their own mortality._

## Lore

While Puck seems at first glance a mischievous, childish character, this quality masks an alien personality. The juvenile form of a Faerie Dragon, a creature that lives for eons, Puck spends countless millennia in its childish form. So while it is technically true that Puck is juvenile, it will continue to be so when the cities of the present age have sloughed away into dust. Its motives are therefore inscrutable, and what appears to be play may in fact hide a darker purpose. Its endless fondness for mischief is the true indicator of Puck's true nature.","",13,"","",1,0,"",1,"en",0,,,,,""
"hero_master",,"phantom-lancer",1,"2026-07-29","hero_master","Phantom Lancer","# Phantom Lancer

Phantom Lancer is an Agility hero with a melee attack. Primary attribute: Agility. Attack type: Melee. Roles: Carry, Escape, Pusher, Nuker.

## Roles

- **Carry** — scales with items and becomes the main damage dealer late game
- **Escape** — has mobility to leave dangerous situations
- **Pusher** — pressures and destroys enemy towers quickly
- **Nuker** — deals large burst spell damage

## Base stats

- Primary attribute: Agility
- Attack type: Melee
- Base Strength 21 (+2.2 per level)
- Base Agility 26 (+3.4 per level)
- Base Intelligence 21 (+1.8 per level)
- Health regen 2
- Mana regen 0
- Base armor 0
- Base damage 26-36
- Attack range 225
- Base attack time 110
- Attack point 0.5
- Projectile speed 900
- Move speed 285
- Vision 1800 day / 800 night

## Popularity

- Public games picked 374,475 times, won 193,259 (51.6% win rate)
- Professional games: 4 picks, 11 bans, 75.0% win rate

## Abilities

Phantom Lancer has 5 abilities: Spirit Lance, Doppelganger, Phantom Rush, Illusory Armaments, Juxtapose.

### Spirit Lance

Phantom Lancer's ability **Spirit Lance**, type Active, targeting Unit Target, Magical damage.

Sends a magical spirit lance to a target enemy unit that damages and slows, while summoning an illusory phantom to attack the unit.

- Mana cost: 120
- Cooldown: 10/9/8/7
- Pierces spell immunity: No
- Dispellable: Yes
- Lance Damage: 100/160/220/280
- Lance Speed: 1000
- Slow Duration: 3
- Movement Slow: -14%/-21%/-28%/-35%
- Illusion Duration: 3.5/5/6.5/8
- Illusion Damage Out Pct: -85
- Illusion Damage: 15%
- Illusion Damage In Pct: 300
- Illusion Damage Taken: 400%
- Fake Lance Distance: 675
- Cast Range: 600/650/700/750
- Cast Time: 0.3

_Azwraith's proficiency at spearing his family's meal of fish is proving quite useful in the battlefield._

### Doppelganger

Phantom Lancer's ability **Doppelganger**, type Active, targeting Point Target, AOE.

Phantom Lancer briefly vanishes from the battlefield. After 1 second, Phantom Lancer and any of his nearby illusions reappear at a random position within the targeted location, along with two additional doppelgangers. Extends duration of all illusions. The two added doppelgangers have different properties: one takes normal damage and deals none, while the other takes 500% bonus damage and deals -80% less damage.

DISPEL TYPE: Basic Dispel

- Mana cost: 70
- Cooldown: 22/18/14/10
- Illusion 1 Damage Out Pct: -100
- Illusion 2 Damage Out Pct: -80
- Illusion 2 Damage In Pct: 500
- Target Area Size: 325
- Illusion Gather Range: 900
- Reappear Delay: 1
- Doppelganger Duration: 8
- Illusion Duration Extension: 2
- Illusion 2 Amount: 1
- Cast Range: 575
- Cast Time: 0.1

_Dread Magus Vorn's death imbued the Phantom Lancer with the ability to bend and fracture all spectrums of light._

### Phantom Rush

Phantom Lancer's ability **Phantom Rush**, type Active, targeting Instant Cast, No Target, Physical damage.

When targeting an enemy for an attack, Phantom Lancer quickly charges into range, gaining increased movement speed and evasion.

- Cooldown: 15/11/7/3
- Dispellable: Yes
- Min Rush Distance: 275
- Max Rush Distance: 600/675/750/825
- Bonus Speed: 800
- Evasion: 20%/30%/40%/50%

_Azwraith knows that on the field of battle, speed can mean everything._

### Illusory Armaments

Phantom Lancer's ability **Illusory Armaments**, type Passive, targeting Hidden, Passive, innate.

Whenever an illusion of Phantom Lancer is created, its outgoing damage cannot go below a fixed value for 3 seconds.

- Min Damage: 17%
- Duration: 3

### Juxtapose

Phantom Lancer's ability **Juxtapose**, type Passive, targeting Passive.

Phantom Lancer has a chance to fracture his presence on an attack, creating an illusion of himself. Illusions also have a chance to fracture further. Illusions created from Phantom Lancer last for 8 seconds, while illusions created from other illusions last 4 seconds.

- Mana cost: undefined
- Cooldown: undefined
- Max Illusions: 6/8/10
- Hero Trigger Chance: 40%/45%/50%
- Illusion Trigger Chance: 9%
- Illusion Duration: 8
- Illusion From Illusion Duration: 4
- Illusion Damage Out Pct: -85
- Illusion Damage: 15%
- Illusion Damage In Pct: 500
- Illusion Damage Taken: 600%

_Each of Azwraith's lance attacks feels like two from a normal warrior; or three; or four..._

## Lore

The remote village of Pole had no knowledge of the wars raging in the heart of the kingdom. For them, the quiet of spear fishing, and a family meal were all that a full life required. Yet war came for them nonetheless. Joining the able-bodied conscripts as they filed passed their homes, the humble lancer Azwraith vowed to bring peace to his kingdom, and in so doing, his people. Placed with his kin in the vanguard of the final assault against the Dread Magus Vorn, the cost to his fellows was absolute. As the charging force battled toward the fortress, Azwraith alone among his kind remained standing, and he alone was able to infiltrate the keep. Focused and infuriated by the slaughter of his brothers, Azwraith bested each of the wizard's deadly traps and conjured guardians. Soon the simple fisherman arrived at Vorn's tower sanctum. The pair dueled through the night, pike to staff, as chaos raged below, and with a deafening cry Azwraith pierced his enemy. But the wizard did not simply expire; he exploded into uncountable shards of light, penetrating his killer with power. As the dust settled and the smoke of combat began to clear, Azwraith found himself standing among a throng of his kin. Each seemed to be dressed as he was, each seemed armed as he was, and he could sense that each thought as he did. Aware that his allies were approaching, he willed these phantoms to hide themselves, and one by one they began to vanish into nothingness. As the soldiers came upon the sanctum, they found the warrior that had bested the wizard. When they approached their champion, the lancer vanished. The pikeman who had stood before them was no more than another phantom.","",12,"","",1,0,"",1,"en",0,,,,,""
"hero_master",,"nevermore",1,"2026-07-29","hero_master","Shadow Fiend","# Shadow Fiend

Shadow Fiend is an Agility hero with a ranged attack. Primary attribute: Agility. Attack type: Ranged. Roles: Carry, Nuker.

## Roles

- **Carry** — scales with items and becomes the main damage dealer late game
- **Nuker** — deals large burst spell damage

## Base stats

- Primary attribute: Agility
- Attack type: Ranged
- Base Strength 19 (+2.7 per level)
- Base Agility 25 (+3.6 per level)
- Base Intelligence 18 (+2.2 per level)
- Health regen 0.25
- Mana regen 0.3
- Base armor 0
- Base damage 16-22
- Attack range 525
- Base attack time 100
- Attack point 0.5
- Projectile speed 1200
- Move speed 305
- Turn rate 0.9
- Vision 1800 day / 800 night

## Popularity

- Public games picked 647,488 times, won 313,712 (48.5% win rate)
- Professional games: 18 picks, 58 bans, 33.3% win rate

## Abilities

Shadow Fiend has 7 abilities: Shadowraze, Shadowraze, Shadowraze, Feast of Souls, Presence of the Dark Lord, Requiem of Souls, Necromastery.

### Shadowraze

Shadow Fiend's ability **Shadowraze**, type Active, targeting No Target, Magical damage.

Shadow Fiend razes the ground directly in front of him, dealing damage to enemy units in the area, dealing bonus damage based on his current Necromastery Soul amount. Adds a stacking damage amplifier on the target that causes the enemy to take bonus Shadowraze damage per stack.

- Mana cost: 75
- Cooldown: 9
- Pierces spell immunity: No
- Dispellable: Yes
- Base Damage: 85/150/215/280
- Shadowraze Radius: 250
- Range: 200
- Shadowraze Cooldown: 3
- Bonus Per Stack: 35/50/65/80
- Stack Duration: 7
- Bonus Damage Per Soul: 3
- Cast Time: 0.55

_Nevermore's trademark for harvesting souls._

### Shadowraze

Shadow Fiend's ability **Shadowraze**, type Active, targeting No Target, Magical damage.

Shadow Fiend razes the ground a short distance away from him, dealing damage to enemy units in the area, dealing bonus damage based on his current Necromastery Soul amount. Adds a stacking damage amplifier on the target that causes the enemy to take bonus Shadowraze damage per stack.

- Mana cost: 75
- Cooldown: 9
- Pierces spell immunity: No
- Dispellable: Yes
- Base Damage: 85/150/215/280
- Shadowraze Radius: 250
- Range: 450
- Shadowraze Cooldown: 3
- Bonus Per Stack: 35/50/65/80
- Stack Duration: 7
- Bonus Damage Per Soul: 3
- Cast Time: 0.55

_Nevermore's trademark for harvesting souls._

### Shadowraze

Shadow Fiend's ability **Shadowraze**, type Active, targeting No Target, Magical damage.

Shadow Fiend razes the ground a longer distance away from him, dealing damage to enemy units in the area, dealing bonus damage based on his current Necromastery Soul amount. Adds a stacking damage amplifier on the target that causes the enemy to take bonus Shadowraze damage per stack.

- Mana cost: 75
- Cooldown: 9
- Pierces spell immunity: No
- Dispellable: Yes
- Base Damage: 85/150/215/280
- Shadowraze Radius: 250
- Range: 700
- Shadowraze Cooldown: 3
- Bonus Per Stack: 35/50/65/80
- Stack Duration: 7
- Bonus Damage Per Soul: 3
- Cast Time: 0.55

_Nevermore's trademark for harvesting souls._

### Feast of Souls

Shadow Fiend's ability **Feast of Souls**, type Active, targeting No Target, Instant Cast.

Shadow Fiend gains Bonus Movement and Attack Speed for 8 seconds. For the duration of the effect, every 0.5s he collects souls from 2 enemies in a 600 radius. After the effect is over, he loses the souls whose owners are still alive, retaining the rest for 8s, after which souls that are over the Necromastery max stack count are also lost.

 Can only collect souls once from each individual enemy.

- Mana cost: 60/65/70/75
- Cooldown: 21
- Dispellable: Yes
- Bonus Attack Speed: 35/50/65/80
- Bonus Move Speed: 4%/6%/8%/10%
- Cast Speed Pct: 100
- Duration: 8
- Max Collection Targets: 4/6/8/10
- Soul Collection Per Interval: 2
- Soul Collection Radius: 600
- Soul Collection Interval: 0.5
- Souls Per Hero: 3
- Souls Per Creep: 1
- Linger Duration: 8

_For Nevermore, there's as much delight in the harvest as there is in the feast._

### Presence of the Dark Lord

Shadow Fiend's ability **Presence of the Dark Lord**, type Passive, targeting Passive.

Shadow Fiend's presence reduces the armor of nearby enemies.

- Pierces spell immunity: Yes
- Armor Reduction: -2.5/-4/-5.5/-7
- Radius: 1200
- Cast Range: 1200

_Even being near Nevermore eats away at one's soul._

### Requiem of Souls

Shadow Fiend's ability **Requiem of Souls**, type Active, targeting No Target, Magical damage.

Shadow Fiend gathers up to 20 of his captured souls to release them as lines of demonic energy. Units near Shadow Fiend when the souls are released can be damaged by several lines of energy. Any unit damaged by Requiem of Souls will be feared and have its movement speed and magic resistance reduced for 0.6 seconds for each line hit up to a maximum of 2.15. Lines of energy are created for every soul captured through Necromastery. 

 Requiem of Souls is automatically cast whenever Shadow Fiend dies, regardless of its cooldown.

- Mana cost: 150/175/200
- Cooldown: 120/110/100
- Pierces spell immunity: No
- Dispellable: Yes
- Requiem Radius: 1000
- Movement Reduction: -20%/-25%/-30%
- Magic Resist Reduction: -5%/-10%/-15%
- Fear Duration Per Soul Hit: 0.6
- Fear Duration Max: 2.15
- Requiem Soul Conversion: 1
- Requiem Line Width Start: 125
- Requiem Line Width End: 300
- Requiem Line Speed: 700
- Soul Death Release: 0.5
- Max Soul Release: 20
- Cast Delay: 1.67

_The captured souls of those past slain are released to ravage their former allies._

### Necromastery

Shadow Fiend's ability **Necromastery**, type Passive, targeting Passive, Hidden, innate.

Shadow Fiend steals the soul from units he kills, gaining 1.35 bonus damage per soul. Hero kills grant 4 souls. On death, he releases 30% of them from bondage.

- Damage Per Soul: 1.35
- Base Max Souls: 20
- Souls Per Kill: 1
- Souls Per Hero Kill: 4
- Necromastery Soul Release: 0.7
- Soul Release Tooltip: 30

_Harvested souls swirl in and out of the Abysm, empowering the Shadow Fiend to increase the size of his collection._

## Lore

It is said that Nevermore the Shadow Fiend has the soul of a poet, and in fact he has thousands of them. Over the ages he has claimed the souls of poets, priests, emperors, beggars, slaves, philosophers, criminals and (naturally) heroes; no sort of soul escapes him. What he does with them is unknown. No one has ever peered into the Abysm whence Nevermore reaches out like an eel from among astral rocks. Does he devour them one after another? Does he mount them along the halls of an eldritch temple, or pickle the souls in necromantic brine? Is he merely a puppet, pushed through the dimensional rift by a demonic puppeteer? Such is his evil, so intense his aura of darkness, that no rational mind may penetrate it. Of course, if you really want to know where the stolen souls go, there's one sure way to find out: Add your soul to his collection. Or just wait for Nevermore.","",11,"","",1,0,"",1,"en",0,,,,,""
"hero_master",,"morphling",1,"2026-07-29","hero_master","Morphling","# Morphling

Morphling is an Agility hero with a ranged attack. Primary attribute: Agility. Attack type: Ranged. Roles: Carry, Escape, Durable, Nuker, Disabler.

## Roles

- **Carry** — scales with items and becomes the main damage dealer late game
- **Escape** — has mobility to leave dangerous situations
- **Durable** — survives extended fights, high effective health
- **Nuker** — deals large burst spell damage
- **Disabler** — has stuns, silences or other crowd control

## Base stats

- Primary attribute: Agility
- Attack type: Ranged
- Base Strength 23 (+2.6 per level)
- Base Agility 24 (+3.9 per level)
- Base Intelligence 19 (+1.8 per level)
- Health regen 0.5
- Mana regen 0
- Base armor -1
- Base damage 12-21
- Attack range 350
- Base attack time 100
- Attack point 0.5
- Projectile speed 1300
- Move speed 285
- Turn rate 0.7
- Vision 1800 day / 800 night

## Popularity

- Public games picked 141,805 times, won 66,829 (47.1% win rate)
- Professional games: 2 picks, 2 bans, 100.0% win rate

## Abilities

Morphling has 7 abilities: Waveform, Adaptive Strike, Ebb and Flow, Attribute Shift (Agility Gain), Attribute Shift (Strength Gain), Morph, Morph Replicate.

### Waveform

Morphling's ability **Waveform**, type Active, targeting Point Target, Magical damage.

Morphling dissolves into liquid and surges forward, damaging enemy units in his path. Morphling is invulnerable during Waveform.

- Mana cost: 115
- Cooldown: 21/18/15/12
- Pierces spell immunity: No
- Speed: 1250
- Width: 200
- Cast Range: 700/775/850/925
- Cast Time: 0.25

_A torrential flood takes enemies by force._

### Adaptive Strike

Morphling's ability **Adaptive Strike**, type Active, targeting Unit Target, Magical damage.

Launches a surge of water toward an enemy unit, stunning them, knocking them back, and dealing base damage plus additional damage based on Morphling's agility times a multiplier. If Morphling's agility is 50% higher than strength, the maximum agility multiplier is used.

Knockback distance and stun duration are based on Morphling's strength. If his strength is 50% higher than his agility, the maximum knockback distance and stun duration is used.

- Mana cost: 40/50/60/70
- Cooldown: 17/14/11/8
- Pierces spell immunity: No
- Base Damage: 50/70/90/110
- Damage Min Agi Multiplier: 0.5
- Damage Max Agi Multiplier: 1/1.5/2/2.5
- Stun Min: 0.5
- Stun Max: 1.4/1.8/2.2/2.6
- Knockback Min: 50
- Knockback Max: 350
- Knockback Duration: 0.5
- Projectile Speed: 1150
- Cast Range: 600/675/750/825
- Cast Time: 0.25

_The Morphling calls upon his elements to crush his opponents with waves._

### Ebb and Flow

Morphling's ability **Ebb and Flow**, type Passive, targeting Passive, Hidden, innate.

Morphling receives bonus cast range and slow resistance based on his current Strength, and attack range and movement speed based on his current Agility. These bonuses persist if he is morphed into another hero.

- Dispellable: No
- Swell Up Duration: 1.5
- Swell Down Duration: 1
- Swell Duration: 5.2
- Max Swell Duration: 2.7
- Model Scale: 40
- Stats Pct: 25
- Agility To Attack Range: 25%
- Agility To Movement Speed: 15%
- Strength To Cast Range: 25%
- Strength To Slow Resistance: 25%
- Model Scale Max: 20

### Attribute Shift (Agility Gain)

Morphling's ability **Attribute Shift (Agility Gain)**, type Active, targeting No Target.

Morphling shifts its form, pulling points from Strength and pouring them into Agility at a rate of 4. The process is reversible.

- Cooldown: 0
- Points Per Tick: 1
- Morph Rate: 4/8/12/16
- Mana Cost Per Second: 10

_Shifting water makes it difficult to discern the nature of Morphling._

### Attribute Shift (Strength Gain)

Morphling's ability **Attribute Shift (Strength Gain)**, type Active, targeting No Target.

Morphling shifts its form, pulling points from Agility and pouring them into Strength at a rate of 4. The process is reversible.

- Cooldown: 0
- Points Per Tick: 1
- Morph Rate: 4/8/12/16
- Mana Cost Per Second: 10

_Shifting water makes it difficult to discern the nature of Morphling._

### Morph

Morphling's ability **Morph**, type Active, targeting Unit Target.

Morphling changes his form to match the targeted enemy, gaining their basic abilities and changing his primary attribute based on his target. Can be toggled for the duration of the ability.

- Mana cost: 50
- Cooldown: 140/100/60
- Pierces spell immunity: Yes
- Dispellable: No
- Duration: 24
- Cast Range: 700/850/1000
- Cast Time: 0.25

_Staring into Morphling produces a reflection that mimics the beholder._

### Morph Replicate

Morphling's ability **Morph Replicate**, type Active, targeting No Target, Hidden, Instant Cast.

Toggles Morphling's form between his own and the replicated enemy.

- Mana cost: 0
- Cooldown: 2
- Dispellable: No

## Lore

For dark eons the comet circled. Held in thrall to a distant sun, bound by gravity's inexorable pull, the massive ball of ice careened through the blackness between worlds, made strange by its dark journey. On the eve of the ancient war of the Vloy, it punched down through the sky and lit a glowing trail across the night, a sign both armies took for an omen. The frozen ball melted in a flash of boiling heat, as below two forces enjoined in battle across the border of a narrow river. Thus freed from its icy stasis, the Morphling was born into conflict, an elemental power at one with the tides of the ocean, capricious and unconstrained. He entered the fight, instinctively taking the form of the first general who dared set foot across the water, and then struck him dead. As the motley warriors clashed, he shifted from form to form throughout the battle, instantly absorbing the ways of these strange creatures--now a footsoldier, now an archer, now the cavalryman--until, by the time the last soldier fell, Morphling had played every part. The battle's end was his beginning.","",10,"","",1,0,"",1,"en",0,,,,,""
"hero_master",,"mirana",1,"2026-07-29","hero_master","Mirana","# Mirana

Mirana is an Agility hero with a ranged attack. Primary attribute: Agility. Attack type: Ranged. Roles: Carry, Support, Escape, Nuker, Disabler.

## Roles

- **Carry** — scales with items and becomes the main damage dealer late game
- **Support** — protects allies, buys utility items and controls vision
- **Escape** — has mobility to leave dangerous situations
- **Nuker** — deals large burst spell damage
- **Disabler** — has stuns, silences or other crowd control

## Base stats

- Primary attribute: Agility
- Attack type: Ranged
- Base Strength 20 (+2.2 per level)
- Base Agility 26 (+3.1 per level)
- Base Intelligence 22 (+1.9 per level)
- Health regen 0.25
- Mana regen 0.4
- Base armor -2
- Base damage 22-28
- Attack range 630
- Base attack time 100
- Attack point 0.35
- Projectile speed 900
- Move speed 285
- Vision 1800 day / 800 night

## Popularity

- Public games picked 325,477 times, won 166,151 (51.0% win rate)
- Professional games: 15 picks, 1 ban, 46.7% win rate

## Abilities

Mirana has 5 abilities: Starstorm, Sacred Arrow, Leap, Celestial Quiver, Moonlight Shadow.

### Starstorm

Mirana's ability **Starstorm**, type Active, targeting No Target, Magical damage.

Calls down a wave of meteors to damage nearby enemy units. The closest enemy unit to Mirana in a 675 radius will be struck a second time.

- Mana cost: 80/90/100/110
- Cooldown: 12
- Pierces spell immunity: No
- Damage: 75/150/225/300
- Second Meteor Damage: 80%
- Radius: 675
- Starfall Secondary Radius: 675
- Duration: 10
- Cast Time: 0.4

_The Goddess breaks the strata to empower her Princess in the time of need._

### Sacred Arrow

Mirana's ability **Sacred Arrow**, type Active, targeting Point Target, Magical damage.

Fires a long-range arrow with deadly precision, which stuns and damages the first enemy unit it strikes. The stun duration ranges from 0.01 to 2.6 seconds, with bonus damage up to 180 added, based on the distance the arrow travels to its target. Instantly kills the first non-ancient creep it hits.

- Mana cost: 90
- Cooldown: 19/18/17/16
- Pierces spell immunity: No
- Dispellable: Strong Dispels Only
- Arrow Speed: 900
- Arrow Width: 115
- Range: 3000
- Arrow Max Stunrange: 1500
- Minimum Stun: 0.01
- Maximum Stun: 2.6/3.4/4.2/5
- Maximum Bonus Damage: 180
- Arrow Vision: 400
- Cast Range: 3000
- Duration: 3.11
- Cast Time: 0.5

_Lunar energies make the Princess of the Moon's arrows more deadly than most._

### Leap

Mirana's ability **Leap**, type Active, targeting No Target.

Mirana leaps forward into battle, empowering herself with a ferocious roar that grants bonus attack and movement speed. Speed bonus lasts 5 seconds.

- Mana cost: 50
- Cooldown: 0
- Dispellable: Yes
- Distance: 650
- Leap Speed: 1300
- Leap Acceleration: 6000
- Movement Bonus: 6%/12%/18%/24%
- Attack Speed Bonus: 25/50/75/100
- Leap Bonus Duration: 5
- Charge Restore Time: 45/35/25/15
- Max Charges: 2

_None can fail to recognize Mirana's iconic white beast in the heat of battle._

### Celestial Quiver

Mirana's ability **Celestial Quiver**, type Active, targeting Unit Target, Autocast, Attack Modifier, Magical damage, innate.

When a charge is available, Mirana's next attack will deal bonus magic damage.

- Max Charges: 2
- Bonus Damage: 5
- Cast Range: 630
- Charge Restore Time: 6

### Moonlight Shadow

Mirana's ability **Moonlight Shadow**, type Active, targeting No Target.

Turns Mirana and all allied heroes invisible and grants bonus movement speed. Mirana gains bonus outgoing damage during the duration. If a hero is revealed, invisibility will restore after the fade delay as long as Moonlight Shadow's duration has not expired.

- Mana cost: 125
- Cooldown: 120/110/100
- Pierces spell immunity: Yes
- Dispellable: No
- Fade Delay: 2.5/2/1.5
- Duration: 18
- Movement Speed: 9%/12%/15%
- Self Outgoing Damage Bonus: 9%/12%/15%
- Cast Time: 0.5

_Her tenure with Selemene allows Mirana to eclipse the ground, wrapping her allies in a cloak of shadows._

## Lore

Born to a royal family, a blood princess next in line for the Solar Throne, Mirana willingly surrendered any claim to mundane land or titles when she dedicated herself completely to the service of Selemene, Goddess of the Moon. Known ever since as Princess of the Moon, Mirana prowls the sacred Nightsilver Woods searching for any who would dare poach the sacred luminous lotus from the silvery pools of the Goddess's preserve. Riding on her enormous feline familiar, she is poised, proud and fearless, attuned to the phases of the moon and the wheeling of the greater constellations. Her bow, tipped with sharp shards of lunar ore, draws on the moon's power to charge its arrows of light.","",9,"","",1,0,"",1,"en",0,,,,,""
"hero_master",,"juggernaut",1,"2026-07-29","hero_master","Juggernaut","# Juggernaut

Juggernaut is an Agility hero with a melee attack. Primary attribute: Agility. Attack type: Melee. Roles: Carry, Pusher, Escape.

## Roles

- **Carry** — scales with items and becomes the main damage dealer late game
- **Pusher** — pressures and destroys enemy towers quickly
- **Escape** — has mobility to leave dangerous situations

## Base stats

- Primary attribute: Agility
- Attack type: Melee
- Base Strength 20 (+2 per level)
- Base Agility 32 (+2.8 per level)
- Base Intelligence 14 (+1.4 per level)
- Health regen 0.5
- Mana regen 0
- Base armor 0
- Base damage 22-24
- Attack range 150
- Base attack time 110
- Attack point 0.33
- Move speed 300
- Vision 1800 day / 800 night

## Popularity

- Public games picked 606,450 times, won 313,589 (51.7% win rate)

## Abilities

Juggernaut has 6 abilities: Blade Fury, Healing Ward, Blade Dance, Swiftslash, Bladeform, Omnislash.

### Blade Fury

Juggernaut's ability **Blade Fury**, type Active, targeting No Target, Instant Cast, Magical damage.

Causes a bladestorm of destructive force around Juggernaut, rendering him debuff immune with 80% magic resistance and dealing damage every 0.2s to nearby enemy units. Applies a strong dispel at the end of the spin.

- Mana cost: 110
- Cooldown: 30/26/22/18
- Pierces spell immunity: No
- Dispellable: No
- Damage Per Second: 85/115/145/175
- Damage Rate: 0.2
- Radius: 260
- Duration: 5
- Immunity Resist: 80

_Yurnero's renowned katana techniques are feared by warriors and sorcerors alike._

### Healing Ward

Juggernaut's ability **Healing Ward**, type Active, targeting AOE, Point Target.

Summons a Healing Ward which heals all nearby allied units, based on their max health. The Healing Ward moves at 325 movement speed after being summoned. Lasts 18 seconds.

- Mana cost: 120
- Cooldown: 60
- Pierces spell immunity: Yes
- Max Health Per Second: 2%/3%/4%/5%
- Radius: 400
- Healing Ward Movespeed Tooltip: 325
- Hits To Destroy: 1
- Cast Range: 350
- Duration: 18/20/22/24
- Cast Time: 0.3

_Of the rituals learned at the Isle of Masks, tending wounds with a bit of voodoo magic has proven to be quite useful._

### Blade Dance

Juggernaut's ability **Blade Dance**, type Passive, targeting Passive.

Gives Juggernaut a chance to deal critical damage with Blade Fury and on each attack.

- Critical Chance: 35%
- Critical Damage: 140%/160%/180%/200%

_The last remnant of his heritage's commitment to bladework, Yurnero ensures that the style is remembered._

### Swiftslash

Juggernaut's ability **Swiftslash**, type Active, targeting Unit Target, Physical damage.

Performs a short Omnislash for 1 seconds.

- Mana cost: 150
- Cooldown: 25
- Pierces spell immunity: Yes
- Dispellable: No
- Duration: 1
- Cast Range: 450
- Cast Time: 0.3

_A briefer onslaught for those less deserving of the honor._

### Bladeform

Juggernaut's ability **Bladeform**, type Passive, targeting Passive, innate.

Juggernaut gains a stack of Bladeform every 2s that Juggernaut does not take damage. Each stack grants bonus base Agility and Movement Speed. Stacks fade after 2s upon taking any damage.

- Max Stacks: 10
- Stack Gain Time: 2
- Base Agility Per Stack: 2.5%
- Movement Speed Per Stack: 1%
- Linger Duration: 2

### Omnislash

Juggernaut's ability **Omnislash**, type Active, targeting Unit Target, Physical damage.

Juggernaut leaps towards the target enemy units, and then slashes the target and other nearby enemy units at an increased attack rate. Juggernaut is invulnerable for the duration.

DISPEL TYPE: Basic Dispel

- Mana cost: 200/275/350
- Cooldown: 120
- Pierces spell immunity: Yes
- Dispellable: No
- Slashes Rate Multiplier: 1.4
- Bonus Damage: 25/30/35
- Bonus Attack Speed: 40
- Duration: 3/3.25/3.5
- Slash Jump Radius: 425
- Cast Range: 450
- Cast Time: 0.3

_'The fruits of discipline; with practice comes strength.'_

## Lore

No one has ever seen the face hidden beneath the mask of Yurnero the Juggernaut. It is only speculation that he even has one. For defying a corrupt lord, Yurnero was exiled from the ancient Isle of Masks--a punishment that saved his life. The isle soon after vanished beneath the waves in a night of vengeful magic. He alone remains to carry on the Isle's long Juggernaut tradition, one of ritual and swordplay. The last practitioner of the art, Yurnero's confidence and courage are the result of endless practice; his inventive bladework proves that he has never stopped challenging himself. Still, his motives are as unreadable as his expression. For a hero who has lost everything twice over, he fights as if victory is a foregone conclusion.","",8,"","",1,0,"",1,"en",0,,,,,""
"hero_master",,"earthshaker",1,"2026-07-29","hero_master","Earthshaker","# Earthshaker

Earthshaker is a Strength hero with a melee attack. Primary attribute: Strength. Attack type: Melee. Roles: Support, Initiator, Disabler, Nuker.

## Roles

- **Support** — protects allies, buys utility items and controls vision
- **Initiator** — starts team fights on favourable terms
- **Disabler** — has stuns, silences or other crowd control
- **Nuker** — deals large burst spell damage

## Base stats

- Primary attribute: Strength
- Attack type: Melee
- Base Strength 22 (+3.7 per level)
- Base Agility 12 (+1.4 per level)
- Base Intelligence 18 (+2.1 per level)
- Health regen 1
- Mana regen 0
- Base armor 2
- Base damage 27-37
- Attack range 150
- Base attack time 100
- Attack point 0.467
- Move speed 315
- Turn rate 0.9
- Vision 1800 day / 800 night

## Popularity

- Public games picked 523,341 times, won 262,845 (50.2% win rate)
- Professional games: 3 picks, 3 bans, 33.3% win rate

## Abilities

Earthshaker has 5 abilities: Fissure, Enchant Totem, Aftershock, Echo Slam, Slugger.

### Fissure

Earthshaker's ability **Fissure**, type Active, targeting Point Target, Magical damage.

Slams the ground with a mighty totem, creating an impassable ridge of stone while stunning and damaging enemy units along its line.

- Mana cost: 115/120/125/130
- Cooldown: 18/17/16/15
- Pierces spell immunity: No
- Dispellable: Strong Dispels Only
- Cast Range: 1600
- Fissure Duration: 6.5/7/7.5/8
- Fissure Radius: 225
- Stun Duration: 1/1.2/1.4/1.6
- Damage: 100/160/220/280
- Free Pathing Application Radius: 150
- Fissure Max Distance Moved: 300
- Cast Time: 0.69

_The Nishian totem splits the world to its core with tectonic force._

### Enchant Totem

Earthshaker's ability **Enchant Totem**, type Active, targeting No Target.

Empowers Earthshaker's totem, causing it to deal extra damage and have 100 bonus attack range on the next attack.

- Mana cost: 45/55/65/75
- Cooldown: 5
- Dispellable: Yes
- Bonus: 100%/200%/300%/400%
- Scepter Height: 950
- Scepter Height Arcbuffer: 100
- Scepter Acceleration Z: 4000
- Scepter Acceleration Horizontal: 3000
- Scepter Leap Duration: 0.8
- Bonus Attack Range: 100
- Duration: 14
- Cast Time: 0.5

_Raigor's gorilla strength can destroy mountains._

### Aftershock

Earthshaker's ability **Aftershock**, type Passive, targeting Passive, Magical damage.

Causes the earth to shake underfoot, adding additional damage and stuns to nearby enemy units when Earthshaker casts his abilities.

- Pierces spell immunity: No
- Dispellable: Strong Dispels Only
- Radius: 350
- Damage: 65/90/115/140
- Duration: 1/1.1/1.2/1.3

_The earth trembles beneath the mighty footsteps of Raigor._

### Echo Slam

Earthshaker's ability **Echo Slam**, type Active, targeting No Target, Magical damage.

Shockwaves travel through the ground, damaging enemy units. Each enemy hit causes an echo to damage nearby units. Real heroes cause two echoes.

- Mana cost: 150/200/250
- Cooldown: 130/120/110
- Pierces spell immunity: No
- Radius: 700
- Echo Slam Echo Search Range: 700
- Echo Slam Echo Range: 700
- Echo Damage: 70/90/110
- Initial Damage: 100/140/180

_Tectonic plates crack, mountains fold, and foes are crushed by the Echo Slam._

### Slugger

Earthshaker's ability **Slugger**, type Passive, targeting Passive, innate.

Enemies killed with Enchant Totem or Earthshaker's other abilities are sent flying, dealing damage to enemies they hit.

- Dispellable: No
- Projectile Body On Kill: 1
- Projectile Body Initial Impact Radius: 225
- Speed: 1600
- Distance: 1200
- Projectile Body Width Creep: 175
- Projectile Body Width Hero: 175
- Projectile Body Vision: 175
- Damage (Creeps): 27
- Damage (Heroes): 135
- Flying Enemy'S Max Health As Damage: 7%

## Lore

Like a golem or gargoyle, Earthshaker was one with the earth but now walks freely upon it. Unlike those other entities, he created himself through an act of will, and serves no other master. In restless slumbers, encased in a deep seam of stone, he became aware of the life drifting freely above him. He grew curious. During a season of tremors, the peaks of Nishai shook themselves loose of avalanches, shifting the course of rivers and turning shallow valleys into bottomless chasms. When the land finally ceased quaking, Earthshaker stepped from the settling dust, tossing aside massive boulders as if throwing off a light blanket. He had shaped himself in the image of a mortal beast, and named himself Raigor Stonehoof. He bleeds now, and breathes, and therefore he can die. But his spirit is still that of the earth; he carries its power in the magical totem that never leaves him. And on the day he returns to dust, the earth will greet him as a prodigal son.","",7,"","",1,0,"",1,"en",0,,,,,""
"hero_master",,"drow-ranger",1,"2026-07-29","hero_master","Drow Ranger","# Drow Ranger

Drow Ranger is an Agility hero with a ranged attack. Primary attribute: Agility. Attack type: Ranged. Roles: Carry, Disabler, Pusher.

## Roles

- **Carry** — scales with items and becomes the main damage dealer late game
- **Disabler** — has stuns, silences or other crowd control
- **Pusher** — pressures and destroys enemy towers quickly

## Base stats

- Primary attribute: Agility
- Attack type: Ranged
- Base Strength 16 (+1.9 per level)
- Base Agility 22 (+2.8 per level)
- Base Intelligence 15 (+1.4 per level)
- Health regen 0.25
- Mana regen 0
- Base armor 0
- Base damage 27-34
- Attack range 625
- Base attack time 100
- Attack point 0.5
- Projectile speed 1250
- Move speed 310
- Turn rate 0.7
- Vision 1800 day / 800 night

## Popularity

- Public games picked 614,493 times, won 313,563 (51.0% win rate)
- Professional games: 17 picks, 33 bans, 47.1% win rate

## Abilities

Drow Ranger has 6 abilities: Frost Arrows, Gust, Multishot, Glacier, Precision Aura, Marksmanship.

### Frost Arrows

Drow Ranger's ability **Frost Arrows**, type Active, targeting Unit Target, Autocast, Attack Modifier, Physical damage.

Adds a freezing effect to Drow's attacks, slowing enemy movement and dealing bonus damage. Slow lasts 1.5 seconds.

- Mana cost: 9/10/11/12
- Cooldown: 0
- Pierces spell immunity: No
- Dispellable: Yes
- Movement Slow: -15%/-25%/-35%/-45%
- Bonus Damage: 12/18/24/30
- Cast Range: 625
- Duration: 1.5

_Ice-encased arrows pierce the silence, chilling their victims to the core._

### Gust

Drow Ranger's ability **Gust**, type Active, targeting Point Target.

Releases a wave that silences and knocks back and reveals invisible enemy units. Knockback distance is relative to how close they are to Drow.

- Mana cost: 55
- Cooldown: 19/17/15/13
- Pierces spell immunity: No
- Dispellable: Yes
- Wave Speed: 2000
- Width: 250
- Silence Duration: 3/4/5/6
- Knockback Max: 450
- Knockback Duration: 0.6/0.7/0.8/0.9
- Knockback Duration Min: 0.4
- Wave Length: 900
- Gust Reveals Invis: 1
- Cast Range: 900
- Cast Time: 0.25

_Traxex is rather fond of the tranquility of physical combat, calling on her Drow heritage to end the incantations of opposing magi._

### Multishot

Drow Ranger's ability **Multishot**, type Active, targeting Point Target, Channeled, Physical damage.

CHANNELED - Drow releases a flurry of arrows in continuous salvos, hitting enemies for extra damage and applying Frost Arrows. Lasts up to 1.75 seconds.

Drow can move slowly and use items while casting Multishot.

- Mana cost: 50/70/90/110
- Cooldown: 24/21/18/15
- Pierces spell immunity: Yes
- Wave Count: 3
- Arrows Per Wave: 4
- Arrow Base Damage Bonus: 100%/120%/140%/160%
- Arrow Width: 90
- Arrow Speed: 1300
- Arrow Range Multiplier: 1.75
- Arrow Angle: 50
- Bypass Block: 1
- Movement Speed Penalty: 35%
- Channel Time: 1.75

_In the ranger's youth, learning to fire multiple arrows at once was considered a distracting frivolity. In the war of the Ancients, such technique has become strange necessity._

### Glacier

Drow Ranger's ability **Glacier**, type Active, targeting No Target, Magical damage.

Drow creates a hill of ice beneath her, knocking away nearby enemies. Units on the hill gain flying vision and Drow and her ranged allies gain bonus attack range. Drow gains additional damage while on the Glacier and attacking targets below her.

The front of the hill obscures vision and cannot be moved through except by Drow. Does not interrupt Multishot when cast.

- Mana cost: 50
- Cooldown: 25
- Pierces spell immunity: No
- Shard Width: 180
- Shard Count: 5
- Shard Speed: 1200
- Duration: 8
- Shard Angle Step: 40
- Shard Distance: 155
- End Height: 128
- Hilltop Offset: 200
- Ramp Radius: 150
- Attack Range Bonus: 200
- Knockback Duration: 0.1
- Knockback Distance: 225
- Knockback Height: 50
- Z Speed Override: 800
- High Ground Damage Bonus: 25%
- Cast Range: 400
- Cast Time: 0.1

_Traxex wasn't just adopted by the Drow, she was adopted by the lands they lived in._

### Precision Aura

Drow Ranger's ability **Precision Aura**, type Passive, targeting Passive, Hidden, innate.

Grants Drow bonus agility based on Drow's current agility and level. Nearby ranged heroes received 50% of the bonus agility.

- Radius: 1200
- Agility Bonus: 10%
- Trueshot Agi Bonus Allies Pct: 50

_Traxex' time spent alone in the forests of her Drow home has allowed her to teach other archers how to improve their bow skills._

### Marksmanship

Drow Ranger's ability **Marksmanship**, type Passive, targeting Passive, Physical damage.

Drow's experiences in battle grant her a chance to launch arrows with incredible accuracy and effectiveness. Pierces through the enemy's defenses, ignoring their base armor. This ability is disabled if there is an enemy hero within 300 range.

- Pierces spell immunity: Yes
- Chance: 30%/35%/40%
- Bonus Proc Damage: 50/70/90
- Disable Range: 300

_The Drow Ranger is the epitome of archery prowess._

## Lore

Drow Ranger's given name is Traxex--a name well suited to the short, trollish, rather repulsive Drow people. But Traxex herself is not a Drow. Her parents were travelers in a caravan set upon by bandits, whose noisy slaughter of innocents roused the ire of the quiet Drow people. After the battle settled, the Drow discovered a small girl-child hiding in the ruined wagons, and agreed she could not be abandoned. Even as child, Traxex showed herself naturally adept at the arts they prized: Stealth, silence, subtlety. In spirit, if not in physique, she might have been a Drow changeling, returned to her proper home. But as she grew, she towered above her family and came to think of herself as ugly. After all, her features were smooth and symmetrical, entirely devoid of warts and coarse whiskers. Estranged from her adopted tribe, she withdrew to live alone in the woods. Lost travelers who find their way from the forest sometimes speak of an impossibly beautiful Ranger who peered at them from deep among the trees, then vanished like a dream before they could approach. Lithe and stealthy, icy hot, she moves like mist in silence. That whispering you hear is her frozen arrows finding an enemy's heart.","",6,"","",1,0,"",1,"en",0,,,,,""
"hero_master",,"crystal-maiden",1,"2026-07-29","hero_master","Crystal Maiden","# Crystal Maiden

Crystal Maiden is an Intelligence hero with a ranged attack. Primary attribute: Intelligence. Attack type: Ranged. Roles: Support, Disabler, Nuker.

## Roles

- **Support** — protects allies, buys utility items and controls vision
- **Disabler** — has stuns, silences or other crowd control
- **Nuker** — deals large burst spell damage

## Base stats

- Primary attribute: Intelligence
- Attack type: Ranged
- Base Strength 17 (+2.2 per level)
- Base Agility 16 (+1.8 per level)
- Base Intelligence 20 (+3.3 per level)
- Health regen 0.25
- Mana regen 0
- Base armor 0
- Base damage 28-34
- Attack range 600
- Base attack time 100
- Attack point 0.45
- Projectile speed 900
- Move speed 280
- Vision 1800 day / 800 night

## Popularity

- Public games picked 482,229 times, won 249,225 (51.7% win rate)
- Professional games: 1 picks, 0 bans, 100.0% win rate

## Abilities

Crystal Maiden has 7 abilities: Crystal Nova, Frostbite, Arcane Aura, Crystal Clone, Glacial Guard, Freezing Field, Stop Freezing Field.

### Crystal Nova

Crystal Maiden's ability **Crystal Nova**, type Active, targeting Point Target, AOE, Magical damage.

A burst of damaging frost slows enemy movement in the targeted area.

- Mana cost: 115/135/155/175
- Cooldown: 11/10/9/8
- Pierces spell immunity: No
- Dispellable: Yes
- Cast Range: 700
- Cast Time: 0.3
- Radius: 425
- Movement Slow: -20%/-30%/-40%/-50%
- Attack Slow: -30/-45/-60/-75
- Slow Duration: 4
- Vision Duration: 6
- Damage: 110/160/210/260

_The air temperature around Rylai drops rapidly, chilling all around her to the core._

### Frostbite

Crystal Maiden's ability **Frostbite**, type Active, targeting Unit Target, Magical damage.

Encases an enemy unit in ice, prohibiting movement and attack, while dealing damage over time. Deals 4x damage to non-ancient creeps.

- Mana cost: 125/135/145/155
- Cooldown: 9/8/7/6
- Pierces spell immunity: No
- Dispellable: Yes
- Cast Range: 600
- Cast Time: 0.3
- Damage Per Second: 100
- Duration: 1.5/2/2.5/3
- Creep Multiplier: 4
- Tick Interval: 0.25

_Rylai channels winds from the Blueheart Glacier, imprisoning attackers in thick blocks of ice._

### Arcane Aura

Crystal Maiden's ability **Arcane Aura**, type Passive, targeting Passive.

Gives mana regeneration to all friendly units on the map. Allies within a 1200 radius of Crystal Maiden receive more mana regeneration.

Crystal Maiden passively gains mana regen amplification.

- Pierces spell immunity: Yes
- Mana Regen: 0.4/0.6/0.8/1
- Close Mana Regen: 1.2/1.8/2.4/3
- Mana Regen Amplification: 20%/40%/60%/80%
- Proximity Bonus Factor: 3
- Proximity Bonus Radius: 1200

_Cold temperatures promote the essence of magic, causing Rylai's presence to allow spell usage in abundance._

### Crystal Clone

Crystal Maiden's ability **Crystal Clone**, type Active, targeting Point Target, Hidden, Instant Cast.

Slides in a direction, creating a crystal clone of herself in her place and disjointing incoming projectiles. If the clone takes enough damage or times out, it shatters, Frostbiting enemies in a 450 AoE around its place. The Clone can also be destroyed by Crystal Maiden's own spells.

- Mana cost: 150
- Cooldown: 12
- Pierces spell immunity: No
- Distance: 275
- Hop Duration: 0.3
- Clone Duration: 5
- Frostbite Radius: 450
- Anim Delay: 0.02
- Clone Health: 150
- Cast Range: -1

_So convincing that some allies have spent minutes talking to the clone before they realized she wasn't speaking back._

### Glacial Guard

Crystal Maiden's ability **Glacial Guard**, type Passive, targeting Passive, Hidden, innate.

A portion of the mana Crystal Maiden spends on her abilities is converted into a physical barrier.

- Pierces spell immunity: No
- Dispellable: Yes
- Mana Spent To Barrier: 30%
- Barrier Duration: 8

### Freezing Field

Crystal Maiden's ability **Freezing Field**, type Active, targeting No Target, Channeled, Magical damage.

CHANNELED - Surrounds Crystal Maiden with 100 random icy explosions that slow enemies and deal massive damage. Lasts 10 seconds.

- Mana cost: 200/400/600
- Cooldown: 100/95/90
- Pierces spell immunity: No
- Channel Time: 10
- Duration: 10
- Radius: 810
- Explosion Radius: 320
- Explosion Interval: 0.1
- Movement Slow: -40%
- Attack Slow: -80/-120/-160
- Slow Duration: 1
- Explosion Min Dist: 195
- Explosion Max Dist: 785
- Explosion Damage: 110/180/250
- Frostbite Delay: -1

_Once the place of her exile, Icewrack has become an anchor for Rylai's frigid onslaught._

### Stop Freezing Field

Crystal Maiden's ability **Stop Freezing Field**, type Active, targeting No Target, Hidden, Instant Cast.

Immediately stops the Freezing Field

- Cooldown: 1

## Lore

Born in a temperate realm, raised with her fiery older sister Lina, Rylai the Crystal Maiden soon found that her innate elemental affinity to ice created trouble for all those around her. Wellsprings and mountain rivers froze in moments if she stopped to rest nearby; ripening crops were bitten by frost, and fruiting orchards turned to mazes of ice and came crashing down, spoiled. When their exasperated parents packed Lina off to the equator, Rylai found herself banished to the cold northern realm of Icewrack, where she was taken in by an Ice Wizard who had carved himself a hermitage at the crown of the Blueheart Glacier. After long study, the wizard pronounced her ready for solitary practice and left her to take his place, descending into the glacier to hibernate for a thousand years. Her mastery of the Frozen Arts has only deepened since that time, and now her skills are unmatched.","",5,"","",1,0,"",1,"en",0,,,,,""
"hero_master",,"bloodseeker",1,"2026-07-29","hero_master","Bloodseeker","# Bloodseeker

Bloodseeker is an Agility hero with a melee attack. Primary attribute: Agility. Attack type: Melee. Roles: Carry, Disabler, Nuker, Initiator.

## Roles

- **Carry** — scales with items and becomes the main damage dealer late game
- **Disabler** — has stuns, silences or other crowd control
- **Nuker** — deals large burst spell damage
- **Initiator** — starts team fights on favourable terms

## Base stats

- Primary attribute: Agility
- Attack type: Melee
- Base Strength 24 (+2.7 per level)
- Base Agility 24 (+3.1 per level)
- Base Intelligence 17 (+2 per level)
- Health regen 0.25
- Mana regen 0
- Base armor 2
- Base damage 35-41
- Attack range 150
- Base attack time 100
- Attack point 0.43
- Projectile speed 900
- Move speed 285
- Vision 1800 day / 800 night

## Popularity

- Public games picked 165,787 times, won 85,787 (51.7% win rate)

## Abilities

Bloodseeker has 5 abilities: Bloodrage, Blood Rite, Thirst, Sanguivore, Rupture.

### Bloodrage

Bloodseeker's ability **Bloodrage**, type Active, targeting No Target, Instant Cast, Pure damage.

Drives Bloodseeker into a bloodthirsty rage which causes him to attack faster and deal more spell damage at the cost of a percentage of his health per second.

- Mana cost: 0
- Cooldown: 14/12/10/8
- Pierces spell immunity: Yes
- Dispellable: Yes
- Duration: 8
- Attack Speed: 55/80/105/130
- Spell Amplification: 15%/20%/25%/30%
- Max Health Damage Per Second: 1.2%

_Strygwyr shares his animalistic thirst for bloodshed._

### Blood Rite

Bloodseeker's ability **Blood Rite**, type Active, targeting AOE, Point Target, Pure damage.

Bloodseeker baptizes an area in sacred blood. After 2.9 seconds the ritual completes, causing any enemies caught in the area to take damage and become silenced.

- Mana cost: 90/100/110/120
- Cooldown: 15/14/13/12
- Pierces spell immunity: No
- Dispellable: Yes
- Ritual Area: 600
- Silence Duration: 3/4/5/6
- Damage: 100/155/210/265
- Delay: 2.6
- Delay Plus Castpoint Tooltip: 2.9
- Cast Range: 1500
- Cast Time: 0.3

_The Flayed Twins are ever willing to aid those who spill blood upon the field of battle._

### Thirst

Bloodseeker's ability **Thirst**, type Passive, targeting Passive.

Bloodseeker is invigorated by the wounds of his enemies, gaining bonus movement speed when an enemy hero's health falls below 100%, with the bonuses increasing as their health falls further. If an enemy hero's health falls below 25%, he will also gain vision and True Sight of that hero. Bonuses stack per hero. Unlocks max movement speed for Bloodseeker.

- Mana cost: 0
- Pierces spell immunity: Yes
- Thirst Health Threshold: 100%
- Max Thirst Move Speed: 10%/20%/30%/40%
- Max Bonus Pct: 25
- Visibility Health Threshold: 25%
- Invis Threshold Pct: 25
- Linger Duration: 4
- Cast Time: 0.3

_Strygwyr becomes frenzied when blood is spilled._

### Sanguivore

Bloodseeker's ability **Sanguivore**, type Passive, targeting Passive, Hidden, innate.

Bloodseeker restores some life when he kills a unit, equal to 30 health plus a percentage of the units max health.

Restores for half values if an ally kills a nearby enemy hero.

- Pierces spell immunity: Yes
- Base Heal: 30
- Creep Lifesteal Reduction Pct: 40
- Half Heal Radius: 300
- Cast Time: 0.3

### Rupture

Bloodseeker's ability **Rupture**, type Active, targeting Unit Target, Pure damage.

Causes an enemy unit's skin to rupture, dealing initial damage based on its current health. If the unit moves, it takes damage based on the distance moved.

- Mana cost: 125/175/225
- Cooldown: 75/70/65
- Pierces spell immunity: Yes
- Dispellable: No
- Duration: 9/10/11
- Move Damage: 35%/45%/55%
- Health Damage: 10%
- Damage Cap Amount: 200
- Cast Range: 800
- Cast Time: 0.4

_When the Bloodseeker hunts you, injuries become fatalities._

## Lore

Strygwyr the Bloodseeker is a ritually sanctioned hunter, Hound of the Flayed Twins, sent down from the mist-shrouded peaks of Xhacatocatl in search of blood. The Flayed Ones require oceanic amounts of blood to keep them sated and placated, and would soon drain their mountain empire of its populace if the priests of the high plateaus did not appease them. Strygwyr therefore goes out in search of carnage. The vital energy of any blood he lets, flows immediately to the Twins through the sacred markings on his weapons and armor. Over the years, he has come to embody the energy of a vicious hound; in battle he is savage as a jackal. Beneath the Mask of the Bloodseeker, in the rush of bloody quenching, it is said that you can sometime see the features of the Flayers taking direct possession of their Hound.","",4,"","",1,0,"",1,"en",0,,,,,""
"hero_master",,"bane",1,"2026-07-29","hero_master","Bane","# Bane

Bane is an Universal hero with a ranged attack. Primary attribute: Universal. Attack type: Ranged. Roles: Support, Disabler, Nuker, Durable.

## Roles

- **Support** — protects allies, buys utility items and controls vision
- **Disabler** — has stuns, silences or other crowd control
- **Nuker** — deals large burst spell damage
- **Durable** — survives extended fights, high effective health

## Base stats

- Primary attribute: Universal
- Attack type: Ranged
- Base Strength 23 (+2.5 per level)
- Base Agility 23 (+2.5 per level)
- Base Intelligence 23 (+2.5 per level)
- Health regen 0.25
- Mana regen 0
- Base armor 1
- Base damage 24-30
- Attack range 425
- Base attack time 100
- Attack point 0.3
- Projectile speed 900
- Move speed 305
- Vision 1800 day / 1200 night

## Popularity

- Public games picked 148,908 times, won 74,218 (49.8% win rate)
- Professional games: 26 picks, 28 bans, 38.5% win rate

## Abilities

Bane has 6 abilities: Enfeeble, Brain Sap, Nightmare, Fiend's Grip, Nightmare End, Ichor of Nyctasha.

### Enfeeble

Bane's ability **Enfeeble**, type Active, targeting Unit Target, Pure damage.

Deals damage every second and lowers the enemy's total attack damage and cast range.

- Mana cost: 100/110/120/130
- Cooldown: 22/17/12/7
- Pierces spell immunity: No
- Dispellable: Yes
- Attack Damage Reduction: 55%/60%/65%/70%
- Cast Range Reduction: 30%
- Duration: 9
- Damage: 12/18/24/30
- Damage Tick Rate: 1
- Cast Range: 700/800/900/1000
- Cast Time: 0.2

_Each tendril of fear that Atropos weaves increases the vulnerability of his victims to arcane and unknown arts._

### Brain Sap

Bane's ability **Brain Sap**, type Active, targeting Unit Target, Pure damage.

Feasts on the vital energies of an enemy unit, healing Bane and dealing damage.

- Mana cost: 105/120/135/150
- Cooldown: 17/15/13/11
- Pierces spell immunity: Yes
- Heal/Damage: 90/160/230/300
- Cast Range: 625
- Cast Time: 0.2

_Atropos finds no greater pleasure than to harvest the fear he creates._

### Nightmare

Bane's ability **Nightmare**, type Active, targeting Unit Target.

Puts the target enemy or friendly Hero to sleep. Sleeping units walk in Bane's chosen direction and are awakened when damaged. If the target was directly attacked, the Nightmare passes to the attacking unit. Bane can attack and damage Nightmared targets freely.

 Can be put on alt-cast to have the target stand still.

- Mana cost: 120/130/140/150
- Cooldown: 25/22/19/16
- Pierces spell immunity: No
- Dispellable: Yes
- Nightmare Invuln Time: 1
- Animation Rate: 0.2
- Vector Render Radius: 120
- Walk Speed: 110
- Turn Rate: 200
- Cast Range: 550/600/650/700
- Duration: 3.5/4.5/5.5/6.5
- Cast Time: 0.4

_A stolen prowess from the goddess Nyctasha is to put his prey into forever sleep._

### Fiend's Grip

Bane's ability **Fiend's Grip**, type Active, targeting Unit Target, Channeled, Pure damage.

CHANNELED - Grips an enemy unit, disabling it and causing heavy damage over time, while stealing mana every 0.5 seconds based on the unit's maximum mana.

- Mana cost: 200/300/400
- Cooldown: 120/110/100
- Pierces spell immunity: Yes
- Dispellable: Strong Dispels Only
- Fiend Grip Tick Interval: 0.5
- Mana Drain Per Second: 5%
- Duration: 4.75/5.25/5.75
- Damage: 70/110/150
- Cast Range: 625
- Cast Time: 0.2

_Victims of Atropos are frequently torn apart by vivid conjurations of their own nightmares._

### Nightmare End

Bane's ability **Nightmare End**, type Active, targeting Hidden, No Target.

Ends all ongoing Nightmares.

### Ichor of Nyctasha

Bane's ability **Ichor of Nyctasha**, type Passive, targeting Passive, Hidden, Pure damage, innate.

Every time Bane kills an enemy hero or they die under the effect of Bane's debuff, they receive a Terror for the rest of the game that decreases their status resistance to Bane's subsequent debuffs.

- Damage Tick Rate: 1
- Max Terrors Per Hero: 5
- Status Resistance Per Terror: 5%

## Lore

When the gods have nightmares, it is Bane Elemental who brings them. Also known as Atropos, Bane was born from the midnight terrors of the goddess Nyctasha. A force of terror too powerful to be contained by sleep, he surfaced from her slumbers, fed upon her immortality, and stole his vaporous form from her inky blood. He is the essence of fear. Mortals who hear his voice hear their darkest secrets whispered in their ear. He calls to the hidden fear in every Hero's heart. Wakefulness is no protection, for Bane's black blood, continuously dripping, is a tar that traps his enemies in nightmare. In the presence of Bane, every Hero remembers to fear the dark.","",3,"","",1,0,"",1,"en",0,,,,,""
"hero_master",,"axe",1,"2026-07-29","hero_master","Axe","# Axe

Axe is a Strength hero with a melee attack. Primary attribute: Strength. Attack type: Melee. Roles: Initiator, Durable, Disabler, Carry.

## Roles

- **Initiator** — starts team fights on favourable terms
- **Durable** — survives extended fights, high effective health
- **Disabler** — has stuns, silences or other crowd control
- **Carry** — scales with items and becomes the main damage dealer late game

## Base stats

- Primary attribute: Strength
- Attack type: Melee
- Base Strength 25 (+2.7 per level)
- Base Agility 20 (+1.7 per level)
- Base Intelligence 18 (+1.6 per level)
- Health regen 2.5
- Mana regen 0
- Base armor 0
- Base damage 31-35
- Attack range 150
- Base attack time 100
- Attack point 0.4
- Projectile speed 900
- Move speed 315
- Vision 1800 day / 800 night

## Popularity

- Public games picked 711,887 times, won 371,957 (52.2% win rate)
- Professional games: 21 picks, 17 bans, 47.6% win rate

## Abilities

Axe has 5 abilities: Berserker's Call, Battle Hunger, Counter Helix, Culling Blade, One Man Army.

### Berserker's Call

Axe's ability **Berserker's Call**, type Active, targeting No Target.

Axe taunts nearby enemy units, forcing them to attack him while he gains bonus armor during the duration.

- Mana cost: 90/100/110/120
- Cooldown: 18/16/14/12
- Pierces spell immunity: Yes
- Dispellable: No
- Radius: 315
- Bonus Armor: 12/13/14/15
- Duration: 2.1/2.4/2.7/3
- Cast Time: 0.3

_Mogul Khan's warcry taunts opponents into engaging in an unconquerable battle with the Axe._

### Battle Hunger

Axe's ability **Battle Hunger**, type Active, targeting Unit Target, Pure damage.

Enrages an enemy unit, causing it to take damage over time until it kills another unit or the duration ends. The enemy is slowed as long as they are facing away from Axe.

- Mana cost: 50/60/70/80
- Cooldown: 20/15/10/5
- Pierces spell immunity: No
- Dispellable: Yes
- Duration: 12
- Movement Slow: 18/22/26/30
- Damage Per Second: 12/18/24/30
- Cast Range: 600/700/800/900
- Cast Time: 0.3

_Ordinary heroes cannot withstand Mogul Khan's rage for battle, such that it injures them until it is satisfied._

### Counter Helix

Axe's ability **Counter Helix**, type Passive, targeting Passive, Pure damage.

After a set number of attacks, Axe will perform a helix counter attack, dealing pure damage to all nearby enemies.

- Cooldown: 0.3
- Pierces spell immunity: Yes
- Damage: 100/120/140/160
- Radius: 275
- Attacks To Helix: 7/6/5/4

_Axe is the only reinforcement this army needs._

### Culling Blade

Axe's ability **Culling Blade**, type Active, targeting Unit Target, Pure damage.

Axe spots a weakness and strikes, dealing pure damage. When an enemy hero is killed with Culling Blade, its cooldown is reset, and all nearby allied units gain bonus movement speed and armor.

Axe permanently drenches his blade every time he kills an enemy Hero with Culling Blade, gaining bonus armor for each stack.

- Mana cost: 100/125/150
- Cooldown: 80/75/70
- Pierces spell immunity: Yes
- Dispellable: Yes
- Damage: 275/375/475
- Kill Move Speed Bonus: 20/25/30
- Kill Armor Bonus: 10/15/20
- Kill Buff Duration: 6
- Kill Buff Radius: 900
- Charge Speed: 1200
- Armor Per Stack: 1/1.5/2
- Cast Range: 175
- Cast Time: 0.3

_Mogul Khan is the embodiment of battle and fury, launching into a gruesome fatality against those who dare engage the Axe in combat._

### One Man Army

Axe's ability **One Man Army**, type Passive, targeting Passive, Hidden, innate.

Axe gains Strength based on 50% of his Armor as long as there are no allied heroes within 700 distance from Axe. The effect fades over 3s after approaching an ally.

- Dispellable: No
- Armor Pct As Strength: 50
- Radius: 700
- Bonus Linger Duration: 3

## Lore

As a grunt in the Army of Red Mist, Mogul Khan set his sights on the rank of Red Mist General. In battle after battle he proved his worth through gory deed. His rise through the ranks was helped by the fact that he never hesitated to decapitate a superior. Through the seven year Campaign of the Thousand Tarns, he distinguished himself in glorious carnage, his star of fame shining ever brighter, while the number of comrades in arms steadily dwindled. On the night of ultimate victory, Axe declared himself the new Red Mist General, and took on the ultimate title of 'Axe.' But his troops now numbered zero. Of course, many had died in battle, but a significant number had also fallen to Axe's blade. Needless to say, most soldiers now shun his leadership. But this matters not a whit to Axe, who knows that a one-man army is by far the best.","",2,"","",1,0,"",1,"en",0,,,,,""
"hero_master",,"antimage",1,"2026-07-29","hero_master","Anti-Mage","# Anti-Mage

Anti-Mage is an Agility hero with a melee attack. Primary attribute: Agility. Attack type: Melee. Roles: Carry, Escape, Nuker.

## Roles

- **Carry** — scales with items and becomes the main damage dealer late game
- **Escape** — has mobility to leave dangerous situations
- **Nuker** — deals large burst spell damage

## Base stats

- Primary attribute: Agility
- Attack type: Melee
- Base Strength 21 (+1.6 per level)
- Base Agility 24 (+2.8 per level)
- Base Intelligence 12 (+1.8 per level)
- Health regen 1
- Mana regen 0
- Base armor 2
- Base damage 29-33
- Attack range 150
- Base attack time 100
- Attack point 0.3
- Move speed 310
- Vision 1800 day / 800 night

## Popularity

- Public games picked 459,839 times, won 227,370 (49.4% win rate)
- Professional games: 2 picks, 1 ban, 100.0% win rate

## Abilities

Anti-Mage has 5 abilities: Mana Break, Blink, Counterspell, Persecutor, Mana Void.

### Mana Break

Anti-Mage's ability **Mana Break**, type Passive, targeting Passive, Physical damage.

Burns an opponent's mana on each attack and deals damage equal to a percentage of the mana burnt.

- Pierces spell immunity: No
- Mana Burned As Damage: 60
- Mana Burned Per Hit: 25/30/35/40
- Max Mana Burned Per Hit: 1.8/2.7/3.6/4.5
- Illusion Percentage: 25

_A modified technique of the Turstarkuri monks' peaceful ways is to turn magical energies on their owner._

### Blink

Anti-Mage's ability **Blink**, type Active, targeting Point Target.

Short distance teleportation that allows Anti-Mage to move in and out of combat.

- Mana cost: 60/55/50/45
- Cooldown: 10.5/9/7.5/6
- Cast Range: 875/950/1025/1100
- Min Blink Range: 200
- Cast Time: 0.4

_In his encounter with the Dead Gods, Anti-Mage learned the value of being elusive._

### Counterspell

Anti-Mage's ability **Counterspell**, type Active, targeting No Target, Instant Cast.

Passively grants magic resistance. Counterspell may be activated to create an anti-magic shell around Anti-Mage that blocks and reflects any targeted spells.

- Mana cost: 50
- Cooldown: 15/11/7/3
- Dispellable: Yes
- Magic Resistance: 14/21/28/35
- Duration: 1.3
- Duration Illusion: 4
- Incoming Damage: 100
- Does Reflect: 1

_With the proper focus, Anti-Mage turns innate resistance into calculated retaliation._

### Persecutor

Anti-Mage's ability **Persecutor**, type Passive, targeting Passive, innate.

Attacks slow enemies based on how much mana they are missing. Min slow at 60% mana, up to max slow at 0% mana. No effect if enemy is above 60% mana.

- Pierces spell immunity: No
- Min Movement Slow: 12%
- Max Movement Slow: 24%
- Mana Threshold: 60
- Slow Duration: 0.75

### Mana Void

Anti-Mage's ability **Mana Void**, type Active, targeting Unit Target, AOE, Magical damage.

For each point of mana missing by the target unit, damage is dealt to it and surrounding enemies. The main target is also mini-stunned.

- Mana cost: 100/150/200
- Cooldown: 100/85/70
- Pierces spell immunity: No
- Damage Per 1 Mana Missing: 1
- Stun Duration: 0.3
- Radius: 400/450/500
- Cast Range: 600
- Cast Time: 0.3

_After bringing enemies to their knees, Anti-Mage punishes them for their use of the arcane arts._

## Lore

The monks of Turstarkuri watched the rugged valleys below their mountain monastery as wave after wave of invaders swept through the lower kingdoms. Ascetic and pragmatic, in their remote monastic eyrie they remained aloof from mundane strife, wrapped in meditation that knew no gods or elements of magic. Then came the Legion of the Dead God, crusaders with a sinister mandate to replace all local worship with their Unliving Lord's poisonous nihilosophy. From a landscape that had known nothing but blood and battle for a thousand years, they tore the souls and bones of countless fallen legions and pitched them against Turstarkuri. The monastery stood scarcely a fortnight against the assault, and the few monks who bothered to surface from their meditations believed the invaders were but demonic visions sent to distract them from meditation. They died where they sat on their silken cushions. Only one youth survived--a pilgrim who had come as an acolyte, seeking wisdom, but had yet to be admitted to the monastery. He watched in horror as the monks to whom he had served tea and nettles were first slaughtered, then raised to join the ranks of the Dead God's priesthood. With nothing but a few of Turstarkuri's prized dogmatic scrolls, he crept away to the comparative safety of other lands, swearing to obliterate not only the Dead God's magic users--but to put an end to magic altogether.","",1,"","",1,0,"",1,"en",0,,,,,""
